cell_id,cell_lat,cell_lon,offset,clim_tmean_season,n_years
38.50_-74.50,38.9400,-74.9600,0,,0
38.50_-74.50,38.9400,-74.9600,1,23.1625,8
38.50_-74.50,38.9400,-74.9600,2,22.9688,8
38.50_-74.50,38.9400,-74.9600,3,22.8125,8
38.50_-74.50,38.9400,-74.9600,4,22.9563,8
38.50_-74.50,38.9400,-74.9600,5,23.0750,8
38.50_-74.50,38.9400,-74.9600,6,23.1583,8
38.50_-74.50,38.9400,-74.9600,7,23.1071,8
38.50_-74.50,38.9400,-74.9600,8,23.0234,8
38.50_-74.50,38.9400,-74.9600,9,22.9333,8
38.50_-74.50,38.9400,-74.9600,10,22.9025,8
38.50_-74.50,38.9400,-74.9600,11,22.8864,8
38.50_-74.50,38.9400,-74.9600,12,22.8719,8
38.50_-74.50,38.9400,-74.9600,13,22.8577,8
38.50_-74.50,38.9400,-74.9600,14,22.8268,8
38.50_-74.50,38.9400,-74.9600,15,22.7383,8
38.50_-74.50,38.9400,-74.9600,16,22.6641,8
38.50_-74.50,38.9400,-74.9600,17,22.6463,8
38.50_-74.50,38.9400,-74.9600,18,22.6063,8
38.50_-74.50,38.9400,-74.9600,19,22.5164,8
38.50_-74.50,38.9400,-74.9600,20,22.4362,8
38.50_-74.50,38.9400,-74.9600,21,22.3548,8
38.50_-74.50,38.9400,-74.9600,22,22.2983,8
38.50_-74.50,38.9400,-74.9600,23,22.2266,8
38.50_-74.50,38.9400,-74.9600,24,22.1552,8
38.50_-74.50,38.9400,-74.9600,25,22.1155,8
38.50_-74.50,38.9400,-74.9600,26,22.0880,8
38.50_-74.50,38.9400,-74.9600,27,22.0370,8
38.50_-74.50,38.9400,-74.9600,28,21.9911,8
38.50_-74.50,38.9400,-74.9600,29,21.9379,8
38.50_-74.50,38.9400,-74.9600,30,21.8646,8
38.50_-74.50,38.9400,-74.9600,31,21.7988,8
38.50_-74.50,38.9400,-74.9600,32,21.7352,8
38.50_-74.50,38.9400,-74.9600,33,21.6489,8
38.50_-74.50,38.9400,-74.9600,34,21.5790,8
38.50_-74.50,38.9400,-74.9600,35,21.5029,8
38.50_-74.50,38.9400,-74.9600,36,21.4531,8
38.50_-74.50,38.9400,-74.9600,37,21.4226,8
38.50_-74.50,38.9400,-74.9600,38,21.3454,8
38.50_-74.50,38.9400,-74.9600,39,21.2526,8
38.50_-74.50,38.9400,-74.9600,40,21.1684,8
38.50_-74.50,38.9400,-74.9600,41,21.1030,8
38.50_-74.50,38.9400,-74.9600,42,21.0318,8
38.50_-74.50,38.9400,-74.9600,43,20.9561,8
38.50_-74.50,38.9400,-74.9600,44,20.8767,8
38.50_-74.50,38.9400,-74.9600,45,20.7978,8
38.50_-74.50,38.9400,-74.9600,46,20.6965,8
38.50_-74.50,38.9400,-74.9600,47,20.5726,8
38.50_-74.50,38.9400,-74.9600,48,20.4471,8
38.50_-74.50,38.9400,-74.9600,49,20.3459,8
38.50_-74.50,38.9400,-74.9600,50,20.2725,8
38.50_-74.50,38.9400,-74.9600,51,20.1833,8
38.50_-74.50,38.9400,-74.9600,52,20.1029,8
38.50_-74.50,38.9400,-74.9600,53,20.0245,8
38.50_-74.50,38.9400,-74.9600,54,19.9389,8
38.50_-74.50,38.9400,-74.9600,55,19.8455,8
38.50_-74.50,38.9400,-74.9600,56,19.7752,8
38.50_-74.50,38.9400,-74.9600,57,19.7061,8
38.50_-74.50,38.9400,-74.9600,58,19.6293,8
38.50_-74.50,38.9400,-74.9600,59,19.5625,8
38.50_-74.50,38.9400,-74.9600,60,19.4921,8
38.50_-74.50,38.9400,-74.9600,61,19.4152,8
38.50_-74.50,38.9400,-74.9600,62,19.3407,8
38.50_-74.50,38.9400,-74.9600,63,19.2347,8
38.50_-74.50,38.9400,-74.9600,64,19.1309,8
38.50_-74.50,38.9400,-74.9600,65,19.0442,8
38.50_-74.50,38.9400,-74.9600,66,18.9845,8
38.50_-74.50,38.9400,-74.9600,67,18.9229,8
38.50_-74.50,38.9400,-74.9600,68,18.8719,8
38.50_-74.50,38.9400,-74.9600,69,18.7895,8
38.50_-74.50,38.9400,-74.9600,70,18.7066,8
38.50_-74.50,38.9400,-74.9600,71,18.6264,8
38.50_-74.50,38.9400,-74.9600,72,18.5502,8
38.50_-74.50,38.9400,-74.9600,73,18.4683,8
38.50_-74.50,38.9400,-74.9600,74,18.3514,8
38.50_-74.50,38.9400,-74.9600,75,18.2293,8
38.50_-74.50,38.9400,-74.9600,76,18.1289,8
38.50_-74.50,38.9400,-74.9600,77,18.0343,8
38.50_-74.50,38.9400,-74.9600,78,17.9338,8
38.50_-74.50,38.9400,-74.9600,79,17.8282,8
38.50_-74.50,38.9400,-74.9600,80,17.7189,8
38.50_-74.50,38.9400,-74.9600,81,17.6140,8
38.50_-74.50,38.9400,-74.9600,82,17.5151,8
38.50_-74.50,38.9400,-74.9600,83,17.4169,8
38.50_-74.50,38.9400,-74.9600,84,17.3024,8
38.50_-74.50,38.9400,-74.9600,85,17.2093,8
38.50_-74.50,38.9400,-74.9600,86,17.1189,8
38.50_-74.50,38.9400,-74.9600,87,17.0540,8
38.50_-74.50,38.9400,-74.9600,88,16.9638,8
38.50_-74.50,38.9400,-74.9600,89,16.8654,8
38.50_-74.50,38.9400,-74.9600,90,16.7429,8
38.50_-74.50,38.9400,-74.9600,91,16.6462,8
38.50_-75.50,38.8200,-75.4400,0,,0
38.50_-75.50,38.8200,-75.4400,1,22.8875,8
38.50_-75.50,38.8200,-75.4400,2,22.7812,8
38.50_-75.50,38.8200,-75.4400,3,22.7750,8
38.50_-75.50,38.8200,-75.4400,4,23.0781,8
38.50_-75.50,38.8200,-75.4400,5,23.2675,8
38.50_-75.50,38.8200,-75.4400,6,23.3729,8
38.50_-75.50,38.8200,-75.4400,7,23.2179,8
38.50_-75.50,38.8200,-75.4400,8,23.0359,8
38.50_-75.50,38.8200,-75.4400,9,22.8153,8
38.50_-75.50,38.8200,-75.4400,10,22.7100,8
38.50_-75.50,38.8200,-75.4400,11,22.6773,8
38.50_-75.50,38.8200,-75.4400,12,22.6844,8
38.50_-75.50,38.8200,-75.4400,13,22.6904,8
38.50_-75.50,38.8200,-75.4400,14,22.6580,8
38.50_-75.50,38.8200,-75.4400,15,22.5658,8
38.50_-75.50,38.8200,-75.4400,16,22.4625,8
38.50_-75.50,38.8200,-75.4400,17,22.4132,8
38.50_-75.50,38.8200,-75.4400,18,22.3583,8
38.50_-75.50,38.8200,-75.4400,19,22.2664,8
38.50_-75.50,38.8200,-75.4400,20,22.1356,8
38.50_-75.50,38.8200,-75.4400,21,22.0429,8
38.50_-75.50,38.8200,-75.4400,22,21.9790,8
38.50_-75.50,38.8200,-75.4400,23,21.8913,8
38.50_-75.50,38.8200,-75.4400,24,21.7896,8
38.50_-75.50,38.8200,-75.4400,25,21.7365,8
38.50_-75.50,38.8200,-75.4400,26,21.7221,8
38.50_-75.50,38.8200,-75.4400,27,21.6630,8
38.50_-75.50,38.8200,-75.4400,28,21.6353,8
38.50_-75.50,38.8200,-75.4400,29,21.5703,8
38.50_-75.50,38.8200,-75.4400,30,21.4704,8
38.50_-75.50,38.8200,-75.4400,31,21.4008,8
38.50_-75.50,38.8200,-75.4400,32,21.3301,8
38.50_-75.50,38.8200,-75.4400,33,21.2295,8
38.50_-75.50,38.8200,-75.4400,34,21.1438,8
38.50_-75.50,38.8200,-75.4400,35,21.0536,8
38.50_-75.50,38.8200,-75.4400,36,20.9944,8
38.50_-75.50,38.8200,-75.4400,37,20.9736,8
38.50_-75.50,38.8200,-75.4400,38,20.8773,8
38.50_-75.50,38.8200,-75.4400,39,20.7490,8
38.50_-75.50,38.8200,-75.4400,40,20.6450,8
38.50_-75.50,38.8200,-75.4400,41,20.5683,8
38.50_-75.50,38.8200,-75.4400,42,20.4842,8
38.50_-75.50,38.8200,-75.4400,43,20.3953,8
38.50_-75.50,38.8200,-75.4400,44,20.2952,8
38.50_-75.50,38.8200,-75.4400,45,20.2061,8
38.50_-75.50,38.8200,-75.4400,46,20.0837,8
38.50_-75.50,38.8200,-75.4400,47,19.9306,8
38.50_-75.50,38.8200,-75.4400,48,19.7659,8
38.50_-75.50,38.8200,-75.4400,49,19.6337,8
38.50_-75.50,38.8200,-75.4400,50,19.5450,8
38.50_-75.50,38.8200,-75.4400,51,19.4544,8
38.50_-75.50,38.8200,-75.4400,52,19.3716,8
38.50_-75.50,38.8200,-75.4400,53,19.2809,8
38.50_-75.50,38.8200,-75.4400,54,19.1785,8
38.50_-75.50,38.8200,-75.4400,55,19.0757,8
38.50_-75.50,38.8200,-75.4400,56,18.9996,8
38.50_-75.50,38.8200,-75.4400,57,18.9285,8
38.50_-75.50,38.8200,-75.4400,58,18.8468,8
38.50_-75.50,38.8200,-75.4400,59,18.7756,8
38.50_-75.50,38.8200,-75.4400,60,18.7067,8
38.50_-75.50,38.8200,-75.4400,61,18.6355,8
38.50_-75.50,38.8200,-75.4400,62,18.5554,8
38.50_-75.50,38.8200,-75.4400,63,18.4323,8
38.50_-75.50,38.8200,-75.4400,64,18.3020,8
38.50_-75.50,38.8200,-75.4400,65,18.1890,8
38.50_-75.50,38.8200,-75.4400,66,18.1227,8
38.50_-75.50,38.8200,-75.4400,67,18.0660,8
38.50_-75.50,38.8200,-75.4400,68,18.0178,8
38.50_-75.50,38.8200,-75.4400,69,17.9362,8
38.50_-75.50,38.8200,-75.4400,70,17.8471,8
38.50_-75.50,38.8200,-75.4400,71,17.7542,8
38.50_-75.50,38.8200,-75.4400,72,17.6778,8
38.50_-75.50,38.8200,-75.4400,73,17.5928,8
38.50_-75.50,38.8200,-75.4400,74,17.4573,8
38.50_-75.50,38.8200,-75.4400,75,17.3102,8
38.50_-75.50,38.8200,-75.4400,76,17.1965,8
38.50_-75.50,38.8200,-75.4400,77,17.0935,8
38.50_-75.50,38.8200,-75.4400,78,16.9772,8
38.50_-75.50,38.8200,-75.4400,79,16.8623,8
38.50_-75.50,38.8200,-75.4400,80,16.7398,8
38.50_-75.50,38.8200,-75.4400,81,16.6258,8
38.50_-75.50,38.8200,-75.4400,82,16.5203,8
38.50_-75.50,38.8200,-75.4400,83,16.4184,8
38.50_-75.50,38.8200,-75.4400,84,16.2936,8
38.50_-75.50,38.8200,-75.4400,85,16.1857,8
38.50_-75.50,38.8200,-75.4400,86,16.0890,8
38.50_-75.50,38.8200,-75.4400,87,16.0266,8
38.50_-75.50,38.8200,-75.4400,88,15.9328,8
38.50_-75.50,38.8200,-75.4400,89,15.8287,8
38.50_-75.50,38.8200,-75.4400,90,15.6932,8
38.50_-75.50,38.8200,-75.4400,91,15.5842,8
38.50_-76.50,38.8900,-76.7400,0,,0
38.50_-76.50,38.8900,-76.7400,1,22.4250,8
38.50_-76.50,38.8900,-76.7400,2,22.4188,8
38.50_-76.50,38.8900,-76.7400,3,22.5167,8
38.50_-76.50,38.8900,-76.7400,4,22.8562,8
38.50_-76.50,38.8900,-76.7400,5,23.0025,8
38.50_-76.50,38.8900,-76.7400,6,23.1375,8
38.50_-76.50,38.8900,-76.7400,7,22.9411,8
38.50_-76.50,38.8900,-76.7400,8,22.7000,8
38.50_-76.50,38.8900,-76.7400,9,22.4500,8
38.50_-76.50,38.8900,-76.7400,10,22.3212,8
38.50_-76.50,38.8900,-76.7400,11,22.3023,8
38.50_-76.50,38.8900,-76.7400,12,22.3188,8
38.50_-76.50,38.8900,-76.7400,13,22.3115,8
38.50_-76.50,38.8900,-76.7400,14,22.3018,8
38.50_-76.50,38.8900,-76.7400,15,22.2342,8
38.50_-76.50,38.8900,-76.7400,16,22.1195,8
38.50_-76.50,38.8900,-76.7400,17,22.0316,8
38.50_-76.50,38.8900,-76.7400,18,21.9757,8
38.50_-76.50,38.8900,-76.7400,19,21.8855,8
38.50_-76.50,38.8900,-76.7400,20,21.7656,8
38.50_-76.50,38.8900,-76.7400,21,21.6792,8
38.50_-76.50,38.8900,-76.7400,22,21.6114,8
38.50_-76.50,38.8900,-76.7400,23,21.5087,8
38.50_-76.50,38.8900,-76.7400,24,21.3812,8
38.50_-76.50,38.8900,-76.7400,25,21.3060,8
38.50_-76.50,38.8900,-76.7400,26,21.2697,8
38.50_-76.50,38.8900,-76.7400,27,21.1995,8
38.50_-76.50,38.8900,-76.7400,28,21.1567,8
38.50_-76.50,38.8900,-76.7400,29,21.0931,8
38.50_-76.50,38.8900,-76.7400,30,20.9842,8
38.50_-76.50,38.8900,-76.7400,31,20.9097,8
38.50_-76.50,38.8900,-76.7400,32,20.8434,8
38.50_-76.50,38.8900,-76.7400,33,20.7523,8
38.50_-76.50,38.8900,-76.7400,34,20.6732,8
38.50_-76.50,38.8900,-76.7400,35,20.5746,8
38.50_-76.50,38.8900,-76.7400,36,20.5198,8
38.50_-76.50,38.8900,-76.7400,37,20.4980,8
38.50_-76.50,38.8900,-76.7400,38,20.3980,8
38.50_-76.50,38.8900,-76.7400,39,20.2644,8
38.50_-76.50,38.8900,-76.7400,40,20.1516,8
38.50_-76.50,38.8900,-76.7400,41,20.0607,8
38.50_-76.50,38.8900,-76.7400,42,19.9646,8
38.50_-76.50,38.8900,-76.7400,43,19.8703,8
38.50_-76.50,38.8900,-76.7400,44,19.7645,8
38.50_-76.50,38.8900,-76.7400,45,19.6711,8
38.50_-76.50,38.8900,-76.7400,46,19.5397,8
38.50_-76.50,38.8900,-76.7400,47,19.3838,8
38.50_-76.50,38.8900,-76.7400,48,19.2146,8
38.50_-76.50,38.8900,-76.7400,49,19.0847,8
38.50_-76.50,38.8900,-76.7400,50,18.9820,8
38.50_-76.50,38.8900,-76.7400,51,18.8824,8
38.50_-76.50,38.8900,-76.7400,52,18.7942,8
38.50_-76.50,38.8900,-76.7400,53,18.6934,8
38.50_-76.50,38.8900,-76.7400,54,18.5873,8
38.50_-76.50,38.8900,-76.7400,55,18.4807,8
38.50_-76.50,38.8900,-76.7400,56,18.3897,8
38.50_-76.50,38.8900,-76.7400,57,18.3092,8
38.50_-76.50,38.8900,-76.7400,58,18.2252,8
38.50_-76.50,38.8900,-76.7400,59,18.1449,8
38.50_-76.50,38.8900,-76.7400,60,18.0667,8
38.50_-76.50,38.8900,-76.7400,61,17.9967,8
38.50_-76.50,38.8900,-76.7400,62,17.9121,8
38.50_-76.50,38.8900,-76.7400,63,17.7871,8
38.50_-76.50,38.8900,-76.7400,64,17.6549,8
38.50_-76.50,38.8900,-76.7400,65,17.5346,8
38.50_-76.50,38.8900,-76.7400,66,17.4619,8
38.50_-76.50,38.8900,-76.7400,67,17.3998,8
38.50_-76.50,38.8900,-76.7400,68,17.3487,8
38.50_-76.50,38.8900,-76.7400,69,17.2696,8
38.50_-76.50,38.8900,-76.7400,70,17.1821,8
38.50_-76.50,38.8900,-76.7400,71,17.0843,8
38.50_-76.50,38.8900,-76.7400,72,17.0030,8
38.50_-76.50,38.8900,-76.7400,73,16.9156,8
38.50_-76.50,38.8900,-76.7400,74,16.7765,8
38.50_-76.50,38.8900,-76.7400,75,16.6287,8
38.50_-76.50,38.8900,-76.7400,76,16.5089,8
38.50_-76.50,38.8900,-76.7400,77,16.4006,8
38.50_-76.50,38.8900,-76.7400,78,16.2825,8
38.50_-76.50,38.8900,-76.7400,79,16.1695,8
38.50_-76.50,38.8900,-76.7400,80,16.0519,8
38.50_-76.50,38.8900,-76.7400,81,15.9373,8
38.50_-76.50,38.8900,-76.7400,82,15.8294,8
38.50_-76.50,38.8900,-76.7400,83,15.7239,8
38.50_-76.50,38.8900,-76.7400,84,15.5997,8
38.50_-76.50,38.8900,-76.7400,85,15.4871,8
38.50_-76.50,38.8900,-76.7400,86,15.3895,8
38.50_-76.50,38.8900,-76.7400,87,15.3203,8
38.50_-76.50,38.8900,-76.7400,88,15.2270,8
38.50_-76.50,38.8900,-76.7400,89,15.1222,8
38.50_-76.50,38.8900,-76.7400,90,14.9906,8
38.50_-76.50,38.8900,-76.7400,91,14.8794,8
38.50_-77.50,38.8700,-77.1500,0,,0
38.50_-77.50,38.8700,-77.1500,1,22.3375,8
38.50_-77.50,38.8700,-77.1500,2,22.4625,8
38.50_-77.50,38.8700,-77.1500,3,22.6708,8
38.50_-77.50,38.8700,-77.1500,4,23.0312,8
38.50_-77.50,38.8700,-77.1500,5,23.1125,8
38.50_-77.50,38.8700,-77.1500,6,23.2125,8
38.50_-77.50,38.8700,-77.1500,7,23.0250,8
38.50_-77.50,38.8700,-77.1500,8,22.7922,8
38.50_-77.50,38.8700,-77.1500,9,22.5333,8
38.50_-77.50,38.8700,-77.1500,10,22.3700,8
38.50_-77.50,38.8700,-77.1500,11,22.3591,8
38.50_-77.50,38.8700,-77.1500,12,22.3802,8
38.50_-77.50,38.8700,-77.1500,13,22.3615,8
38.50_-77.50,38.8700,-77.1500,14,22.3509,8
38.50_-77.50,38.8700,-77.1500,15,22.2800,8
38.50_-77.50,38.8700,-77.1500,16,22.1625,8
38.50_-77.50,38.8700,-77.1500,17,22.0522,8
38.50_-77.50,38.8700,-77.1500,18,21.9917,8
38.50_-77.50,38.8700,-77.1500,19,21.9039,8
38.50_-77.50,38.8700,-77.1500,20,21.7888,8
38.50_-77.50,38.8700,-77.1500,21,21.7065,8
38.50_-77.50,38.8700,-77.1500,22,21.6369,8
38.50_-77.50,38.8700,-77.1500,23,21.5152,8
38.50_-77.50,38.8700,-77.1500,24,21.3771,8
38.50_-77.50,38.8700,-77.1500,25,21.2910,8
38.50_-77.50,38.8700,-77.1500,26,21.2447,8
38.50_-77.50,38.8700,-77.1500,27,21.1644,8
38.50_-77.50,38.8700,-77.1500,28,21.1143,8
38.50_-77.50,38.8700,-77.1500,29,21.0461,8
38.50_-77.50,38.8700,-77.1500,30,20.9317,8
38.50_-77.50,38.8700,-77.1500,31,20.8500,8
38.50_-77.50,38.8700,-77.1500,32,20.7809,8
38.50_-77.50,38.8700,-77.1500,33,20.7000,8
38.50_-77.50,38.8700,-77.1500,34,20.6298,8
38.50_-77.50,38.8700,-77.1500,35,20.5325,8
38.50_-77.50,38.8700,-77.1500,36,20.4726,8
38.50_-77.50,38.8700,-77.1500,37,20.4439,8
38.50_-77.50,38.8700,-77.1500,38,20.3385,8
38.50_-77.50,38.8700,-77.1500,39,20.2071,8
38.50_-77.50,38.8700,-77.1500,40,20.0938,8
38.50_-77.50,38.8700,-77.1500,41,20.0021,8
38.50_-77.50,38.8700,-77.1500,42,19.9051,8
38.50_-77.50,38.8700,-77.1500,43,19.8047,8
38.50_-77.50,38.8700,-77.1500,44,19.6957,8
38.50_-77.50,38.8700,-77.1500,45,19.6011,8
38.50_-77.50,38.8700,-77.1500,46,19.4666,8
38.50_-77.50,38.8700,-77.1500,47,19.3064,8
38.50_-77.50,38.8700,-77.1500,48,19.1388,8
38.50_-77.50,38.8700,-77.1500,49,19.0105,8
38.50_-77.50,38.8700,-77.1500,50,18.9080,8
38.50_-77.50,38.8700,-77.1500,51,18.8086,8
38.50_-77.50,38.8700,-77.1500,52,18.7185,8
38.50_-77.50,38.8700,-77.1500,53,18.6215,8
38.50_-77.50,38.8700,-77.1500,54,18.5190,8
38.50_-77.50,38.8700,-77.1500,55,18.4114,8
38.50_-77.50,38.8700,-77.1500,56,18.3199,8
38.50_-77.50,38.8700,-77.1500,57,18.2371,8
38.50_-77.50,38.8700,-77.1500,58,18.1550,8
38.50_-77.50,38.8700,-77.1500,59,18.0720,8
38.50_-77.50,38.8700,-77.1500,60,17.9894,8
38.50_-77.50,38.8700,-77.1500,61,17.9133,8
38.50_-77.50,38.8700,-77.1500,62,17.8248,8
38.50_-77.50,38.8700,-77.1500,63,17.6990,8
38.50_-77.50,38.8700,-77.1500,64,17.5664,8
38.50_-77.50,38.8700,-77.1500,65,17.4508,8
38.50_-77.50,38.8700,-77.1500,66,17.3752,8
38.50_-77.50,38.8700,-77.1500,67,17.3114,8
38.50_-77.50,38.8700,-77.1500,68,17.2608,8
38.50_-77.50,38.8700,-77.1500,69,17.1813,8
38.50_-77.50,38.8700,-77.1500,70,17.0921,8
38.50_-77.50,38.8700,-77.1500,71,16.9912,8
38.50_-77.50,38.8700,-77.1500,72,16.9094,8
38.50_-77.50,38.8700,-77.1500,73,16.8197,8
38.50_-77.50,38.8700,-77.1500,74,16.6789,8
38.50_-77.50,38.8700,-77.1500,75,16.5323,8
38.50_-77.50,38.8700,-77.1500,76,16.4064,8
38.50_-77.50,38.8700,-77.1500,77,16.2963,8
38.50_-77.50,38.8700,-77.1500,78,16.1753,8
38.50_-77.50,38.8700,-77.1500,79,16.0617,8
38.50_-77.50,38.8700,-77.1500,80,15.9445,8
38.50_-77.50,38.8700,-77.1500,81,15.8298,8
38.50_-77.50,38.8700,-77.1500,82,15.7203,8
38.50_-77.50,38.8700,-77.1500,83,15.6128,8
38.50_-77.50,38.8700,-77.1500,84,15.4915,8
38.50_-77.50,38.8700,-77.1500,85,15.3791,8
38.50_-77.50,38.8700,-77.1500,86,15.2808,8
38.50_-77.50,38.8700,-77.1500,87,15.2089,8
38.50_-77.50,38.8700,-77.1500,88,15.1114,8
38.50_-77.50,38.8700,-77.1500,89,15.0024,8
38.50_-77.50,38.8700,-77.1500,90,14.8708,8
38.50_-77.50,38.8700,-77.1500,91,14.7600,8
38.50_-78.50,38.7100,-78.3200,0,,0
38.50_-78.50,38.7100,-78.3200,1,19.1500,8
38.50_-78.50,38.7100,-78.3200,2,19.4688,8
38.50_-78.50,38.7100,-78.3200,3,19.7125,8
38.50_-78.50,38.7100,-78.3200,4,20.0812,8
38.50_-78.50,38.7100,-78.3200,5,20.1450,8
38.50_-78.50,38.7100,-78.3200,6,20.2458,8
38.50_-78.50,38.7100,-78.3200,7,20.1482,8
38.50_-78.50,38.7100,-78.3200,8,19.9000,8
38.50_-78.50,38.7100,-78.3200,9,19.6208,8
38.50_-78.50,38.7100,-78.3200,10,19.4450,8
38.50_-78.50,38.7100,-78.3200,11,19.4489,8
38.50_-78.50,38.7100,-78.3200,12,19.5042,8
38.50_-78.50,38.7100,-78.3200,13,19.4865,8
38.50_-78.50,38.7100,-78.3200,14,19.4688,8
38.50_-78.50,38.7100,-78.3200,15,19.3825,8
38.50_-78.50,38.7100,-78.3200,16,19.2727,8
38.50_-78.50,38.7100,-78.3200,17,19.1662,8
38.50_-78.50,38.7100,-78.3200,18,19.1014,8
38.50_-78.50,38.7100,-78.3200,19,19.0092,8
38.50_-78.50,38.7100,-78.3200,20,18.9225,8
38.50_-78.50,38.7100,-78.3200,21,18.8649,8
38.50_-78.50,38.7100,-78.3200,22,18.7994,8
38.50_-78.50,38.7100,-78.3200,23,18.6636,8
38.50_-78.50,38.7100,-78.3200,24,18.5250,8
38.50_-78.50,38.7100,-78.3200,25,18.4570,8
38.50_-78.50,38.7100,-78.3200,26,18.3986,8
38.50_-78.50,38.7100,-78.3200,27,18.3051,8
38.50_-78.50,38.7100,-78.3200,28,18.2589,8
38.50_-78.50,38.7100,-78.3200,29,18.1897,8
38.50_-78.50,38.7100,-78.3200,30,18.0758,8
38.50_-78.50,38.7100,-78.3200,31,18.0004,8
38.50_-78.50,38.7100,-78.3200,32,17.9371,8
38.50_-78.50,38.7100,-78.3200,33,17.8814,8
38.50_-78.50,38.7100,-78.3200,34,17.8261,8
38.50_-78.50,38.7100,-78.3200,35,17.7396,8
38.50_-78.50,38.7100,-78.3200,36,17.7021,8
38.50_-78.50,38.7100,-78.3200,37,17.6709,8
38.50_-78.50,38.7100,-78.3200,38,17.5484,8
38.50_-78.50,38.7100,-78.3200,39,17.4109,8
38.50_-78.50,38.7100,-78.3200,40,17.2863,8
38.50_-78.50,38.7100,-78.3200,41,17.1899,8
38.50_-78.50,38.7100,-78.3200,42,17.0967,8
38.50_-78.50,38.7100,-78.3200,43,17.0023,8
38.50_-78.50,38.7100,-78.3200,44,16.8997,8
38.50_-78.50,38.7100,-78.3200,45,16.8122,8
38.50_-78.50,38.7100,-78.3200,46,16.6701,8
38.50_-78.50,38.7100,-78.3200,47,16.5000,8
38.50_-78.50,38.7100,-78.3200,48,16.3346,8
38.50_-78.50,38.7100,-78.3200,49,16.2135,8
38.50_-78.50,38.7100,-78.3200,50,16.1110,8
38.50_-78.50,38.7100,-78.3200,51,16.0140,8
38.50_-78.50,38.7100,-78.3200,52,15.9245,8
38.50_-78.50,38.7100,-78.3200,53,15.8321,8
38.50_-78.50,38.7100,-78.3200,54,15.7347,8
38.50_-78.50,38.7100,-78.3200,55,15.6341,8
38.50_-78.50,38.7100,-78.3200,56,15.5438,8
38.50_-78.50,38.7100,-78.3200,57,15.4550,8
38.50_-78.50,38.7100,-78.3200,58,15.3733,8
38.50_-78.50,38.7100,-78.3200,59,15.2956,8
38.50_-78.50,38.7100,-78.3200,60,15.2146,8
38.50_-78.50,38.7100,-78.3200,61,15.1371,8
38.50_-78.50,38.7100,-78.3200,62,15.0397,8
38.50_-78.50,38.7100,-78.3200,63,14.9077,8
38.50_-78.50,38.7100,-78.3200,64,14.7744,8
38.50_-78.50,38.7100,-78.3200,65,14.6648,8
38.50_-78.50,38.7100,-78.3200,66,14.6030,8
38.50_-78.50,38.7100,-78.3200,67,14.5444,8
38.50_-78.50,38.7100,-78.3200,68,14.5035,8
38.50_-78.50,38.7100,-78.3200,69,14.4237,8
38.50_-78.50,38.7100,-78.3200,70,14.3398,8
38.50_-78.50,38.7100,-78.3200,71,14.2405,8
38.50_-78.50,38.7100,-78.3200,72,14.1587,8
38.50_-78.50,38.7100,-78.3200,73,14.0615,8
38.50_-78.50,38.7100,-78.3200,74,13.9171,8
38.50_-78.50,38.7100,-78.3200,75,13.7675,8
38.50_-78.50,38.7100,-78.3200,76,13.6490,8
38.50_-78.50,38.7100,-78.3200,77,13.5339,8
38.50_-78.50,38.7100,-78.3200,78,13.4119,8
38.50_-78.50,38.7100,-78.3200,79,13.2972,8
38.50_-78.50,38.7100,-78.3200,80,13.1825,8
38.50_-78.50,38.7100,-78.3200,81,13.0718,8
38.50_-78.50,38.7100,-78.3200,82,12.9611,8
38.50_-78.50,38.7100,-78.3200,83,12.8542,8
38.50_-78.50,38.7100,-78.3200,84,12.7311,8
38.50_-78.50,38.7100,-78.3200,85,12.6184,8
38.50_-78.50,38.7100,-78.3200,86,12.5353,8
38.50_-78.50,38.7100,-78.3200,87,12.4684,8
38.50_-78.50,38.7100,-78.3200,88,12.3695,8
38.50_-78.50,38.7100,-78.3200,89,12.2493,8
38.50_-78.50,38.7100,-78.3200,90,12.1147,8
38.50_-78.50,38.7100,-78.3200,91,12.0128,8
38.50_-79.50,38.6600,-79.6000,0,,0
38.50_-79.50,38.6600,-79.6000,1,16.9375,8
38.50_-79.50,38.6600,-79.6000,2,16.9062,8
38.50_-79.50,38.6600,-79.6000,3,16.9625,8
38.50_-79.50,38.6600,-79.6000,4,17.2062,8
38.50_-79.50,38.6600,-79.6000,5,17.2100,8
38.50_-79.50,38.6600,-79.6000,6,17.2625,8
38.50_-79.50,38.6600,-79.6000,7,17.0911,8
38.50_-79.50,38.6600,-79.6000,8,16.8531,8
38.50_-79.50,38.6600,-79.6000,9,16.6069,8
38.50_-79.50,38.6600,-79.6000,10,16.4762,8
38.50_-79.50,38.6600,-79.6000,11,16.5182,8
38.50_-79.50,38.6600,-79.6000,12,16.5875,8
38.50_-79.50,38.6600,-79.6000,13,16.5894,8
38.50_-79.50,38.6600,-79.6000,14,16.5670,8
38.50_-79.50,38.6600,-79.6000,15,16.4983,8
38.50_-79.50,38.6600,-79.6000,16,16.4328,8
38.50_-79.50,38.6600,-79.6000,17,16.3926,8
38.50_-79.50,38.6600,-79.6000,18,16.3375,8
38.50_-79.50,38.6600,-79.6000,19,16.2599,8
38.50_-79.50,38.6600,-79.6000,20,16.2119,8
38.50_-79.50,38.6600,-79.6000,21,16.1917,8
38.50_-79.50,38.6600,-79.6000,22,16.1545,8
38.50_-79.50,38.6600,-79.6000,23,16.0136,8
38.50_-79.50,38.6600,-79.6000,24,15.8974,8
38.50_-79.50,38.6600,-79.6000,25,15.8400,8
38.50_-79.50,38.6600,-79.6000,26,15.7832,8
38.50_-79.50,38.6600,-79.6000,27,15.7028,8
38.50_-79.50,38.6600,-79.6000,28,15.6594,8
38.50_-79.50,38.6600,-79.6000,29,15.6052,8
38.50_-79.50,38.6600,-79.6000,30,15.5225,8
38.50_-79.50,38.6600,-79.6000,31,15.4677,8
38.50_-79.50,38.6600,-79.6000,32,15.4047,8
38.50_-79.50,38.6600,-79.6000,33,15.3708,8
38.50_-79.50,38.6600,-79.6000,34,15.3250,8
38.50_-79.50,38.6600,-79.6000,35,15.2496,8
38.50_-79.50,38.6600,-79.6000,36,15.2177,8
38.50_-79.50,38.6600,-79.6000,37,15.1706,8
38.50_-79.50,38.6600,-79.6000,38,15.0260,8
38.50_-79.50,38.6600,-79.6000,39,14.8827,8
38.50_-79.50,38.6600,-79.6000,40,14.7625,8
38.50_-79.50,38.6600,-79.6000,41,14.6759,8
38.50_-79.50,38.6600,-79.6000,42,14.5875,8
38.50_-79.50,38.6600,-79.6000,43,14.5015,8
38.50_-79.50,38.6600,-79.6000,44,14.3920,8
38.50_-79.50,38.6600,-79.6000,45,14.2969,8
38.50_-79.50,38.6600,-79.6000,46,14.1302,8
38.50_-79.50,38.6600,-79.6000,47,13.9407,8
38.50_-79.50,38.6600,-79.6000,48,13.7667,8
38.50_-79.50,38.6600,-79.6000,49,13.6574,8
38.50_-79.50,38.6600,-79.6000,50,13.5502,8
38.50_-79.50,38.6600,-79.6000,51,13.4544,8
38.50_-79.50,38.6600,-79.6000,52,13.3726,8
38.50_-79.50,38.6600,-79.6000,53,13.2814,8
38.50_-79.50,38.6600,-79.6000,54,13.1900,8
38.50_-79.50,38.6600,-79.6000,55,13.1084,8
38.50_-79.50,38.6600,-79.6000,56,13.0187,8
38.50_-79.50,38.6600,-79.6000,57,12.9283,8
38.50_-79.50,38.6600,-79.6000,58,12.8468,8
38.50_-79.50,38.6600,-79.6000,59,12.7828,8
38.50_-79.50,38.6600,-79.6000,60,12.7033,8
38.50_-79.50,38.6600,-79.6000,61,12.6203,8
38.50_-79.50,38.6600,-79.6000,62,12.4984,8
38.50_-79.50,38.6600,-79.6000,63,12.3583,8
38.50_-79.50,38.6600,-79.6000,64,12.2160,8
38.50_-79.50,38.6600,-79.6000,65,12.1119,8
38.50_-79.50,38.6600,-79.6000,66,12.0504,8
38.50_-79.50,38.6600,-79.6000,67,11.9922,8
38.50_-79.50,38.6600,-79.6000,68,11.9494,8
38.50_-79.50,38.6600,-79.6000,69,11.8734,8
38.50_-79.50,38.6600,-79.6000,70,11.7946,8
38.50_-79.50,38.6600,-79.6000,71,11.6930,8
38.50_-79.50,38.6600,-79.6000,72,11.6120,8
38.50_-79.50,38.6600,-79.6000,73,11.5029,8
38.50_-79.50,38.6600,-79.6000,74,11.3544,8
38.50_-79.50,38.6600,-79.6000,75,11.2100,8
38.50_-79.50,38.6600,-79.6000,76,11.0942,8
38.50_-79.50,38.6600,-79.6000,77,10.9726,8
38.50_-79.50,38.6600,-79.6000,78,10.8542,8
38.50_-79.50,38.6600,-79.6000,79,10.7437,8
38.50_-79.50,38.6600,-79.6000,80,10.6362,8
38.50_-79.50,38.6600,-79.6000,81,10.5318,8
38.50_-79.50,38.6600,-79.6000,82,10.4345,8
38.50_-79.50,38.6600,-79.6000,83,10.3342,8
38.50_-79.50,38.6600,-79.6000,84,10.2126,8
38.50_-79.50,38.6600,-79.6000,85,10.1084,8
38.50_-79.50,38.6600,-79.6000,86,10.0328,8
38.50_-79.50,38.6600,-79.6000,87,9.9585,8
38.50_-79.50,38.6600,-79.6000,88,9.8469,8
38.50_-79.50,38.6600,-79.6000,89,9.7051,8
38.50_-79.50,38.6600,-79.6000,90,9.5739,8
38.50_-79.50,38.6600,-79.6000,91,9.4724,8
38.50_-80.50,38.8300,-80.2800,0,,0
38.50_-80.50,38.8300,-80.2800,1,20.3125,8
38.50_-80.50,38.8300,-80.2800,2,20.2562,8
38.50_-80.50,38.8300,-80.2800,3,20.2667,8
38.50_-80.50,38.8300,-80.2800,4,20.4062,8
38.50_-80.50,38.8300,-80.2800,5,20.4075,8
38.50_-80.50,38.8300,-80.2800,6,20.3542,8
38.50_-80.50,38.8300,-80.2800,7,20.1375,8
38.50_-80.50,38.8300,-80.2800,8,19.9094,8
38.50_-80.50,38.8300,-80.2800,9,19.7361,8
38.50_-80.50,38.8300,-80.2800,10,19.6387,8
38.50_-80.50,38.8300,-80.2800,11,19.6307,8
38.50_-80.50,38.8300,-80.2800,12,19.7052,8
38.50_-80.50,38.8300,-80.2800,13,19.7404,8
38.50_-80.50,38.8300,-80.2800,14,19.7277,8
38.50_-80.50,38.8300,-80.2800,15,19.6758,8
38.50_-80.50,38.8300,-80.2800,16,19.6398,8
38.50_-80.50,38.8300,-80.2800,17,19.6294,8
38.50_-80.50,38.8300,-80.2800,18,19.5854,8
38.50_-80.50,38.8300,-80.2800,19,19.5276,8
38.50_-80.50,38.8300,-80.2800,20,19.5025,8
38.50_-80.50,38.8300,-80.2800,21,19.5262,8
38.50_-80.50,38.8300,-80.2800,22,19.4966,8
38.50_-80.50,38.8300,-80.2800,23,19.3500,8
38.50_-80.50,38.8300,-80.2800,24,19.2240,8
38.50_-80.50,38.8300,-80.2800,25,19.1460,8
38.50_-80.50,38.8300,-80.2800,26,19.0726,8
38.50_-80.50,38.8300,-80.2800,27,19.0032,8
38.50_-80.50,38.8300,-80.2800,28,18.9589,8
38.50_-80.50,38.8300,-80.2800,29,18.8862,8
38.50_-80.50,38.8300,-80.2800,30,18.8121,8
38.50_-80.50,38.8300,-80.2800,31,18.7520,8
38.50_-80.50,38.8300,-80.2800,32,18.6859,8
38.50_-80.50,38.8300,-80.2800,33,18.6341,8
38.50_-80.50,38.8300,-80.2800,34,18.5820,8
38.50_-80.50,38.8300,-80.2800,35,18.5068,8
38.50_-80.50,38.8300,-80.2800,36,18.4840,8
38.50_-80.50,38.8300,-80.2800,37,18.4280,8
38.50_-80.50,38.8300,-80.2800,38,18.2941,8
38.50_-80.50,38.8300,-80.2800,39,18.1699,8
38.50_-80.50,38.8300,-80.2800,40,18.0734,8
38.50_-80.50,38.8300,-80.2800,41,17.9927,8
38.50_-80.50,38.8300,-80.2800,42,17.9119,8
38.50_-80.50,38.8300,-80.2800,43,17.8119,8
38.50_-80.50,38.8300,-80.2800,44,17.6989,8
38.50_-80.50,38.8300,-80.2800,45,17.6017,8
38.50_-80.50,38.8300,-80.2800,46,17.4242,8
38.50_-80.50,38.8300,-80.2800,47,17.2316,8
38.50_-80.50,38.8300,-80.2800,48,17.0594,8
38.50_-80.50,38.8300,-80.2800,49,16.9421,8
38.50_-80.50,38.8300,-80.2800,50,16.8345,8
38.50_-80.50,38.8300,-80.2800,51,16.7385,8
38.50_-80.50,38.8300,-80.2800,52,16.6442,8
38.50_-80.50,38.8300,-80.2800,53,16.5491,8
38.50_-80.50,38.8300,-80.2800,54,16.4519,8
38.50_-80.50,38.8300,-80.2800,55,16.3732,8
38.50_-80.50,38.8300,-80.2800,56,16.2859,8
38.50_-80.50,38.8300,-80.2800,57,16.1899,8
38.50_-80.50,38.8300,-80.2800,58,16.1147,8
38.50_-80.50,38.8300,-80.2800,59,16.0604,8
38.50_-80.50,38.8300,-80.2800,60,15.9794,8
38.50_-80.50,38.8300,-80.2800,61,15.9045,8
38.50_-80.50,38.8300,-80.2800,62,15.7869,8
38.50_-80.50,38.8300,-80.2800,63,15.6353,8
38.50_-80.50,38.8300,-80.2800,64,15.5029,8
38.50_-80.50,38.8300,-80.2800,65,15.4144,8
38.50_-80.50,38.8300,-80.2800,66,15.3634,8
38.50_-80.50,38.8300,-80.2800,67,15.3104,8
38.50_-80.50,38.8300,-80.2800,68,15.2607,8
38.50_-80.50,38.8300,-80.2800,69,15.1726,8
38.50_-80.50,38.8300,-80.2800,70,15.1027,8
38.50_-80.50,38.8300,-80.2800,71,15.0100,8
38.50_-80.50,38.8300,-80.2800,72,14.9328,8
38.50_-80.50,38.8300,-80.2800,73,14.8070,8
38.50_-80.50,38.8300,-80.2800,74,14.6535,8
38.50_-80.50,38.8300,-80.2800,75,14.5043,8
38.50_-80.50,38.8300,-80.2800,76,14.3934,8
38.50_-80.50,38.8300,-80.2800,77,14.2742,8
38.50_-80.50,38.8300,-80.2800,78,14.1636,8
38.50_-80.50,38.8300,-80.2800,79,14.0503,8
38.50_-80.50,38.8300,-80.2800,80,13.9439,8
38.50_-80.50,38.8300,-80.2800,81,13.8410,8
38.50_-80.50,38.8300,-80.2800,82,13.7454,8
38.50_-80.50,38.8300,-80.2800,83,13.6380,8
38.50_-80.50,38.8300,-80.2800,84,13.5174,8
38.50_-80.50,38.8300,-80.2800,85,13.4149,8
38.50_-80.50,38.8300,-80.2800,86,13.3515,8
38.50_-80.50,38.8300,-80.2800,87,13.2757,8
38.50_-80.50,38.8300,-80.2800,88,13.1720,8
38.50_-80.50,38.8300,-80.2800,89,13.0334,8
38.50_-80.50,38.8300,-80.2800,90,12.8982,8
38.50_-80.50,38.8300,-80.2800,91,12.7975,8
39.50_-74.50,39.7300,-74.6200,0,,0
39.50_-74.50,39.7300,-74.6200,1,22.2625,8
39.50_-74.50,39.7300,-74.6200,2,22.0687,8
39.50_-74.50,39.7300,-74.6200,3,22.1542,8
39.50_-74.50,39.7300,-74.6200,4,22.5250,8
39.50_-74.50,39.7300,-74.6200,5,22.6875,8
39.50_-74.50,39.7300,-74.6200,6,22.7729,8
39.50_-74.50,39.7300,-74.6200,7,22.6393,8
39.50_-74.50,39.7300,-74.6200,8,22.4422,8
39.50_-74.50,39.7300,-74.6200,9,22.2069,8
39.50_-74.50,39.7300,-74.6200,10,22.0675,8
39.50_-74.50,39.7300,-74.6200,11,22.0420,8
39.50_-74.50,39.7300,-74.6200,12,22.0510,8
39.50_-74.50,39.7300,-74.6200,13,22.0548,8
39.50_-74.50,39.7300,-74.6200,14,22.0286,8
39.50_-74.50,39.7300,-74.6200,15,21.9325,8
39.50_-74.50,39.7300,-74.6200,16,21.8109,8
39.50_-74.50,39.7300,-74.6200,17,21.7640,8
39.50_-74.50,39.7300,-74.6200,18,21.7188,8
39.50_-74.50,39.7300,-74.6200,19,21.6270,8
39.50_-74.50,39.7300,-74.6200,20,21.4925,8
39.50_-74.50,39.7300,-74.6200,21,21.3762,8
39.50_-74.50,39.7300,-74.6200,22,21.2955,8
39.50_-74.50,39.7300,-74.6200,23,21.2141,8
39.50_-74.50,39.7300,-74.6200,24,21.1135,8
39.50_-74.50,39.7300,-74.6200,25,21.0495,8
39.50_-74.50,39.7300,-74.6200,26,21.0298,8
39.50_-74.50,39.7300,-74.6200,27,20.9681,8
39.50_-74.50,39.7300,-74.6200,28,20.9321,8
39.50_-74.50,39.7300,-74.6200,29,20.8694,8
39.50_-74.50,39.7300,-74.6200,30,20.7717,8
39.50_-74.50,39.7300,-74.6200,31,20.6923,8
39.50_-74.50,39.7300,-74.6200,32,20.6211,8
39.50_-74.50,39.7300,-74.6200,33,20.5121,8
39.50_-74.50,39.7300,-74.6200,34,20.4320,8
39.50_-74.50,39.7300,-74.6200,35,20.3414,8
39.50_-74.50,39.7300,-74.6200,36,20.2837,8
39.50_-74.50,39.7300,-74.6200,37,20.2720,8
39.50_-74.50,39.7300,-74.6200,38,20.1737,8
39.50_-74.50,39.7300,-74.6200,39,20.0429,8
39.50_-74.50,39.7300,-74.6200,40,19.9359,8
39.50_-74.50,39.7300,-74.6200,41,19.8573,8
39.50_-74.50,39.7300,-74.6200,42,19.7667,8
39.50_-74.50,39.7300,-74.6200,43,19.6785,8
39.50_-74.50,39.7300,-74.6200,44,19.5764,8
39.50_-74.50,39.7300,-74.6200,45,19.4828,8
39.50_-74.50,39.7300,-74.6200,46,19.3609,8
39.50_-74.50,39.7300,-74.6200,47,19.2114,8
39.50_-74.50,39.7300,-74.6200,48,19.0523,8
39.50_-74.50,39.7300,-74.6200,49,18.9191,8
39.50_-74.50,39.7300,-74.6200,50,18.8335,8
39.50_-74.50,39.7300,-74.6200,51,18.7451,8
39.50_-74.50,39.7300,-74.6200,52,18.6709,8
39.50_-74.50,39.7300,-74.6200,53,18.5896,8
39.50_-74.50,39.7300,-74.6200,54,18.4880,8
39.50_-74.50,39.7300,-74.6200,55,18.3918,8
39.50_-74.50,39.7300,-74.6200,56,18.3167,8
39.50_-74.50,39.7300,-74.6200,57,18.2414,8
39.50_-74.50,39.7300,-74.6200,58,18.1511,8
39.50_-74.50,39.7300,-74.6200,59,18.0684,8
39.50_-74.50,39.7300,-74.6200,60,17.9933,8
39.50_-74.50,39.7300,-74.6200,61,17.9203,8
39.50_-74.50,39.7300,-74.6200,62,17.8433,8
39.50_-74.50,39.7300,-74.6200,63,17.7246,8
39.50_-74.50,39.7300,-74.6200,64,17.5949,8
39.50_-74.50,39.7300,-74.6200,65,17.4813,8
39.50_-74.50,39.7300,-74.6200,66,17.4148,8
39.50_-74.50,39.7300,-74.6200,67,17.3550,8
39.50_-74.50,39.7300,-74.6200,68,17.3064,8
39.50_-74.50,39.7300,-74.6200,69,17.2174,8
39.50_-74.50,39.7300,-74.6200,70,17.1200,8
39.50_-74.50,39.7300,-74.6200,71,17.0236,8
39.50_-74.50,39.7300,-74.6200,72,16.9455,8
39.50_-74.50,39.7300,-74.6200,73,16.8551,8
39.50_-74.50,39.7300,-74.6200,74,16.7199,8
39.50_-74.50,39.7300,-74.6200,75,16.5705,8
39.50_-74.50,39.7300,-74.6200,76,16.4431,8
39.50_-74.50,39.7300,-74.6200,77,16.3391,8
39.50_-74.50,39.7300,-74.6200,78,16.2202,8
39.50_-74.50,39.7300,-74.6200,79,16.1052,8
39.50_-74.50,39.7300,-74.6200,80,15.9798,8
39.50_-74.50,39.7300,-74.6200,81,15.8628,8
39.50_-74.50,39.7300,-74.6200,82,15.7558,8
39.50_-74.50,39.7300,-74.6200,83,15.6520,8
39.50_-74.50,39.7300,-74.6200,84,15.5257,8
39.50_-74.50,39.7300,-74.6200,85,15.4157,8
39.50_-74.50,39.7300,-74.6200,86,15.3198,8
39.50_-74.50,39.7300,-74.6200,87,15.2566,8
39.50_-74.50,39.7300,-74.6200,88,15.1656,8
39.50_-74.50,39.7300,-74.6200,89,15.0608,8
39.50_-74.50,39.7300,-74.6200,90,14.9257,8
39.50_-74.50,39.7300,-74.6200,91,14.8151,8
39.50_-75.50,39.8000,-75.3800,0,,0
39.50_-75.50,39.8000,-75.3800,1,22.5750,8
39.50_-75.50,39.8000,-75.3800,2,22.3750,8
39.50_-75.50,39.8000,-75.3800,3,22.4750,8
39.50_-75.50,39.8000,-75.3800,4,22.8563,8
39.50_-75.50,39.8000,-75.3800,5,23.0000,8
39.50_-75.50,39.8000,-75.3800,6,23.0833,8
39.50_-75.50,39.8000,-75.3800,7,22.9054,8
39.50_-75.50,39.8000,-75.3800,8,22.6906,8
39.50_-75.50,39.8000,-75.3800,9,22.4417,8
39.50_-75.50,39.8000,-75.3800,10,22.2850,8
39.50_-75.50,39.8000,-75.3800,11,22.2523,8
39.50_-75.50,39.8000,-75.3800,12,22.2781,8
39.50_-75.50,39.8000,-75.3800,13,22.2788,8
39.50_-75.50,39.8000,-75.3800,14,22.2714,8
39.50_-75.50,39.8000,-75.3800,15,22.1992,8
39.50_-75.50,39.8000,-75.3800,16,22.0883,8
39.50_-75.50,39.8000,-75.3800,17,22.0191,8
39.50_-75.50,39.8000,-75.3800,18,21.9708,8
39.50_-75.50,39.8000,-75.3800,19,21.8789,8
39.50_-75.50,39.8000,-75.3800,20,21.7519,8
39.50_-75.50,39.8000,-75.3800,21,21.6470,8
39.50_-75.50,39.8000,-75.3800,22,21.5670,8
39.50_-75.50,39.8000,-75.3800,23,21.4647,8
39.50_-75.50,39.8000,-75.3800,24,21.3464,8
39.50_-75.50,39.8000,-75.3800,25,21.2695,8
39.50_-75.50,39.8000,-75.3800,26,21.2337,8
39.50_-75.50,39.8000,-75.3800,27,21.1648,8
39.50_-75.50,39.8000,-75.3800,28,21.1125,8
39.50_-75.50,39.8000,-75.3800,29,21.0418,8
39.50_-75.50,39.8000,-75.3800,30,20.9396,8
39.50_-75.50,39.8000,-75.3800,31,20.8573,8
39.50_-75.50,39.8000,-75.3800,32,20.7879,8
39.50_-75.50,39.8000,-75.3800,33,20.6754,8
39.50_-75.50,39.8000,-75.3800,34,20.5919,8
39.50_-75.50,39.8000,-75.3800,35,20.4939,8
39.50_-75.50,39.8000,-75.3800,36,20.4316,8
39.50_-75.50,39.8000,-75.3800,37,20.4115,8
39.50_-75.50,39.8000,-75.3800,38,20.3141,8
39.50_-75.50,39.8000,-75.3800,39,20.1827,8
39.50_-75.50,39.8000,-75.3800,40,20.0703,8
39.50_-75.50,39.8000,-75.3800,41,19.9875,8
39.50_-75.50,39.8000,-75.3800,42,19.8911,8
39.50_-75.50,39.8000,-75.3800,43,19.7971,8
39.50_-75.50,39.8000,-75.3800,44,19.6838,8
39.50_-75.50,39.8000,-75.3800,45,19.5858,8
39.50_-75.50,39.8000,-75.3800,46,19.4565,8
39.50_-75.50,39.8000,-75.3800,47,19.3048,8
39.50_-75.50,39.8000,-75.3800,48,19.1440,8
39.50_-75.50,39.8000,-75.3800,49,19.0092,8
39.50_-75.50,39.8000,-75.3800,50,18.9150,8
39.50_-75.50,39.8000,-75.3800,51,18.8203,8
39.50_-75.50,39.8000,-75.3800,52,18.7401,8
39.50_-75.50,39.8000,-75.3800,53,18.6514,8
39.50_-75.50,39.8000,-75.3800,54,18.5428,8
39.50_-75.50,39.8000,-75.3800,55,18.4386,8
39.50_-75.50,39.8000,-75.3800,56,18.3538,8
39.50_-75.50,39.8000,-75.3800,57,18.2721,8
39.50_-75.50,39.8000,-75.3800,58,18.1793,8
39.50_-75.50,39.8000,-75.3800,59,18.0805,8
39.50_-75.50,39.8000,-75.3800,60,17.9967,8
39.50_-75.50,39.8000,-75.3800,61,17.9193,8
39.50_-75.50,39.8000,-75.3800,62,17.8367,8
39.50_-75.50,39.8000,-75.3800,63,17.7157,8
39.50_-75.50,39.8000,-75.3800,64,17.5824,8
39.50_-75.50,39.8000,-75.3800,65,17.4631,8
39.50_-75.50,39.8000,-75.3800,66,17.3877,8
39.50_-75.50,39.8000,-75.3800,67,17.3207,8
39.50_-75.50,39.8000,-75.3800,68,17.2638,8
39.50_-75.50,39.8000,-75.3800,69,17.1743,8
39.50_-75.50,39.8000,-75.3800,70,17.0730,8
39.50_-75.50,39.8000,-75.3800,71,16.9731,8
39.50_-75.50,39.8000,-75.3800,72,16.8894,8
39.50_-75.50,39.8000,-75.3800,73,16.7964,8
39.50_-75.50,39.8000,-75.3800,74,16.6557,8
39.50_-75.50,39.8000,-75.3800,75,16.5078,8
39.50_-75.50,39.8000,-75.3800,76,16.3732,8
39.50_-75.50,39.8000,-75.3800,77,16.2636,8
39.50_-75.50,39.8000,-75.3800,78,16.1413,8
39.50_-75.50,39.8000,-75.3800,79,16.0250,8
39.50_-75.50,39.8000,-75.3800,80,15.9000,8
39.50_-75.50,39.8000,-75.3800,81,15.7826,8
39.50_-75.50,39.8000,-75.3800,82,15.6700,8
39.50_-75.50,39.8000,-75.3800,83,15.5616,8
39.50_-75.50,39.8000,-75.3800,84,15.4330,8
39.50_-75.50,39.8000,-75.3800,85,15.3184,8
39.50_-75.50,39.8000,-75.3800,86,15.2179,8
39.50_-75.50,39.8000,-75.3800,87,15.1445,8
39.50_-75.50,39.8000,-75.3800,88,15.0497,8
39.50_-75.50,39.8000,-75.3800,89,14.9437,8
39.50_-75.50,39.8000,-75.3800,90,14.8100,8
39.50_-75.50,39.8000,-75.3800,91,14.6963,8
39.50_-76.50,39.3100,-76.5900,0,,0
39.50_-76.50,39.3100,-76.5900,1,22.6250,8
39.50_-76.50,39.3100,-76.5900,2,22.5312,8
39.50_-76.50,39.3100,-76.5900,3,22.6667,8
39.50_-76.50,39.3100,-76.5900,4,23.0375,8
39.50_-76.50,39.3100,-76.5900,5,23.1250,8
39.50_-76.50,39.3100,-76.5900,6,23.2250,8
39.50_-76.50,39.3100,-76.5900,7,22.9911,8
39.50_-76.50,39.3100,-76.5900,8,22.7312,8
39.50_-76.50,39.3100,-76.5900,9,22.4625,8
39.50_-76.50,39.3100,-76.5900,10,22.3050,8
39.50_-76.50,39.3100,-76.5900,11,22.2739,8
39.50_-76.50,39.3100,-76.5900,12,22.2927,8
39.50_-76.50,39.3100,-76.5900,13,22.2644,8
39.50_-76.50,39.3100,-76.5900,14,22.2455,8
39.50_-76.50,39.3100,-76.5900,15,22.1642,8
39.50_-76.50,39.3100,-76.5900,16,22.0367,8
39.50_-76.50,39.3100,-76.5900,17,21.9500,8
39.50_-76.50,39.3100,-76.5900,18,21.8951,8
39.50_-76.50,39.3100,-76.5900,19,21.8053,8
39.50_-76.50,39.3100,-76.5900,20,21.6756,8
39.50_-76.50,39.3100,-76.5900,21,21.5786,8
39.50_-76.50,39.3100,-76.5900,22,21.5045,8
39.50_-76.50,39.3100,-76.5900,23,21.3967,8
39.50_-76.50,39.3100,-76.5900,24,21.2667,8
39.50_-76.50,39.3100,-76.5900,25,21.1780,8
39.50_-76.50,39.3100,-76.5900,26,21.1327,8
39.50_-76.50,39.3100,-76.5900,27,21.0551,8
39.50_-76.50,39.3100,-76.5900,28,21.0049,8
39.50_-76.50,39.3100,-76.5900,29,20.9392,8
39.50_-76.50,39.3100,-76.5900,30,20.8296,8
39.50_-76.50,39.3100,-76.5900,31,20.7456,8
39.50_-76.50,39.3100,-76.5900,32,20.6746,8
39.50_-76.50,39.3100,-76.5900,33,20.5792,8
39.50_-76.50,39.3100,-76.5900,34,20.5026,8
39.50_-76.50,39.3100,-76.5900,35,20.4068,8
39.50_-76.50,39.3100,-76.5900,36,20.3476,8
39.50_-76.50,39.3100,-76.5900,37,20.3189,8
39.50_-76.50,39.3100,-76.5900,38,20.2168,8
39.50_-76.50,39.3100,-76.5900,39,20.0808,8
39.50_-76.50,39.3100,-76.5900,40,19.9650,8
39.50_-76.50,39.3100,-76.5900,41,19.8784,8
39.50_-76.50,39.3100,-76.5900,42,19.7753,8
39.50_-76.50,39.3100,-76.5900,43,19.6797,8
39.50_-76.50,39.3100,-76.5900,44,19.5688,8
39.50_-76.50,39.3100,-76.5900,45,19.4625,8
39.50_-76.50,39.3100,-76.5900,46,19.3283,8
39.50_-76.50,39.3100,-76.5900,47,19.1691,8
39.50_-76.50,39.3100,-76.5900,48,18.9995,8
39.50_-76.50,39.3100,-76.5900,49,18.8622,8
39.50_-76.50,39.3100,-76.5900,50,18.7578,8
39.50_-76.50,39.3100,-76.5900,51,18.6517,8
39.50_-76.50,39.3100,-76.5900,52,18.5587,8
39.50_-76.50,39.3100,-76.5900,53,18.4566,8
39.50_-76.50,39.3100,-76.5900,54,18.3493,8
39.50_-76.50,39.3100,-76.5900,55,18.2336,8
39.50_-76.50,39.3100,-76.5900,56,18.1388,8
39.50_-76.50,39.3100,-76.5900,57,18.0568,8
39.50_-76.50,39.3100,-76.5900,58,17.9662,8
39.50_-76.50,39.3100,-76.5900,59,17.8746,8
39.50_-76.50,39.3100,-76.5900,60,17.7865,8
39.50_-76.50,39.3100,-76.5900,61,17.7086,8
39.50_-76.50,39.3100,-76.5900,62,17.6210,8
39.50_-76.50,39.3100,-76.5900,63,17.4950,8
39.50_-76.50,39.3100,-76.5900,64,17.3564,8
39.50_-76.50,39.3100,-76.5900,65,17.2294,8
39.50_-76.50,39.3100,-76.5900,66,17.1485,8
39.50_-76.50,39.3100,-76.5900,67,17.0793,8
39.50_-76.50,39.3100,-76.5900,68,17.0210,8
39.50_-76.50,39.3100,-76.5900,69,16.9375,8
39.50_-76.50,39.3100,-76.5900,70,16.8398,8
39.50_-76.50,39.3100,-76.5900,71,16.7373,8
39.50_-76.50,39.3100,-76.5900,72,16.6507,8
39.50_-76.50,39.3100,-76.5900,73,16.5620,8
39.50_-76.50,39.3100,-76.5900,74,16.4204,8
39.50_-76.50,39.3100,-76.5900,75,16.2715,8
39.50_-76.50,39.3100,-76.5900,76,16.1398,8
39.50_-76.50,39.3100,-76.5900,77,16.0273,8
39.50_-76.50,39.3100,-76.5900,78,15.9013,8
39.50_-76.50,39.3100,-76.5900,79,15.7867,8
39.50_-76.50,39.3100,-76.5900,80,15.6638,8
39.50_-76.50,39.3100,-76.5900,81,15.5449,8
39.50_-76.50,39.3100,-76.5900,82,15.4329,8
39.50_-76.50,39.3100,-76.5900,83,15.3239,8
39.50_-76.50,39.3100,-76.5900,84,15.1994,8
39.50_-76.50,39.3100,-76.5900,85,15.0856,8
39.50_-76.50,39.3100,-76.5900,86,14.9856,8
39.50_-76.50,39.3100,-76.5900,87,14.9116,8
39.50_-76.50,39.3100,-76.5900,88,14.8163,8
39.50_-76.50,39.3100,-76.5900,89,14.7091,8
39.50_-76.50,39.3100,-76.5900,90,14.5747,8
39.50_-76.50,39.3100,-76.5900,91,14.4618,8
39.50_-77.50,39.2200,-77.4000,0,,0
39.50_-77.50,39.2200,-77.4000,1,21.9625,8
39.50_-77.50,39.2200,-77.4000,2,22.1250,8
39.50_-77.50,39.2200,-77.4000,3,22.3542,8
39.50_-77.50,39.2200,-77.4000,4,22.7281,8
39.50_-77.50,39.2200,-77.4000,5,22.7900,8
39.50_-77.50,39.2200,-77.4000,6,22.8917,8
39.50_-77.50,39.2200,-77.4000,7,22.7143,8
39.50_-77.50,39.2200,-77.4000,8,22.4953,8
39.50_-77.50,39.2200,-77.4000,9,22.2264,8
39.50_-77.50,39.2200,-77.4000,10,22.0575,8
39.50_-77.50,39.2200,-77.4000,11,22.0511,8
39.50_-77.50,39.2200,-77.4000,12,22.0781,8
39.50_-77.50,39.2200,-77.4000,13,22.0606,8
39.50_-77.50,39.2200,-77.4000,14,22.0625,8
39.50_-77.50,39.2200,-77.4000,15,21.9950,8
39.50_-77.50,39.2200,-77.4000,16,21.8750,8
39.50_-77.50,39.2200,-77.4000,17,21.7669,8
39.50_-77.50,39.2200,-77.4000,18,21.7062,8
39.50_-77.50,39.2200,-77.4000,19,21.6158,8
39.50_-77.50,39.2200,-77.4000,20,21.4975,8
39.50_-77.50,39.2200,-77.4000,21,21.4185,8
39.50_-77.50,39.2200,-77.4000,22,21.3472,8
39.50_-77.50,39.2200,-77.4000,23,21.2212,8
39.50_-77.50,39.2200,-77.4000,24,21.0792,8
39.50_-77.50,39.2200,-77.4000,25,20.9890,8
39.50_-77.50,39.2200,-77.4000,26,20.9380,8
39.50_-77.50,39.2200,-77.4000,27,20.8560,8
39.50_-77.50,39.2200,-77.4000,28,20.8080,8
39.50_-77.50,39.2200,-77.4000,29,20.7379,8
39.50_-77.50,39.2200,-77.4000,30,20.6263,8
39.50_-77.50,39.2200,-77.4000,31,20.5444,8
39.50_-77.50,39.2200,-77.4000,32,20.4719,8
39.50_-77.50,39.2200,-77.4000,33,20.3936,8
39.50_-77.50,39.2200,-77.4000,34,20.3261,8
39.50_-77.50,39.2200,-77.4000,35,20.2332,8
39.50_-77.50,39.2200,-77.4000,36,20.1771,8
39.50_-77.50,39.2200,-77.4000,37,20.1446,8
39.50_-77.50,39.2200,-77.4000,38,20.0355,8
39.50_-77.50,39.2200,-77.4000,39,19.8994,8
39.50_-77.50,39.2200,-77.4000,40,19.7825,8
39.50_-77.50,39.2200,-77.4000,41,19.6857,8
39.50_-77.50,39.2200,-77.4000,42,19.5848,8
39.50_-77.50,39.2200,-77.4000,43,19.4831,8
39.50_-77.50,39.2200,-77.4000,44,19.3727,8
39.50_-77.50,39.2200,-77.4000,45,19.2742,8
39.50_-77.50,39.2200,-77.4000,46,19.1367,8
39.50_-77.50,39.2200,-77.4000,47,18.9753,8
39.50_-77.50,39.2200,-77.4000,48,18.8068,8
39.50_-77.50,39.2200,-77.4000,49,18.6750,8
39.50_-77.50,39.2200,-77.4000,50,18.5735,8
39.50_-77.50,39.2200,-77.4000,51,18.4748,8
39.50_-77.50,39.2200,-77.4000,52,18.3825,8
39.50_-77.50,39.2200,-77.4000,53,18.2833,8
39.50_-77.50,39.2200,-77.4000,54,18.1780,8
39.50_-77.50,39.2200,-77.4000,55,18.0673,8
39.50_-77.50,39.2200,-77.4000,56,17.9676,8
39.50_-77.50,39.2200,-77.4000,57,17.8798,8
39.50_-77.50,39.2200,-77.4000,58,17.7955,8
39.50_-77.50,39.2200,-77.4000,59,17.7089,8
39.50_-77.50,39.2200,-77.4000,60,17.6235,8
39.50_-77.50,39.2200,-77.4000,61,17.5441,8
39.50_-77.50,39.2200,-77.4000,62,17.4522,8
39.50_-77.50,39.2200,-77.4000,63,17.3238,8
39.50_-77.50,39.2200,-77.4000,64,17.1906,8
39.50_-77.50,39.2200,-77.4000,65,17.0719,8
39.50_-77.50,39.2200,-77.4000,66,16.9928,8
39.50_-77.50,39.2200,-77.4000,67,16.9261,8
39.50_-77.50,39.2200,-77.4000,68,16.8686,8
39.50_-77.50,39.2200,-77.4000,69,16.7841,8
39.50_-77.50,39.2200,-77.4000,70,16.6893,8
39.50_-77.50,39.2200,-77.4000,71,16.5889,8
39.50_-77.50,39.2200,-77.4000,72,16.5061,8
39.50_-77.50,39.2200,-77.4000,73,16.4140,8
39.50_-77.50,39.2200,-77.4000,74,16.2713,8
39.50_-77.50,39.2200,-77.4000,75,16.1220,8
39.50_-77.50,39.2200,-77.4000,76,15.9942,8
39.50_-77.50,39.2200,-77.4000,77,15.8808,8
39.50_-77.50,39.2200,-77.4000,78,15.7575,8
39.50_-77.50,39.2200,-77.4000,79,15.6403,8
39.50_-77.50,39.2200,-77.4000,80,15.5216,8
39.50_-77.50,39.2200,-77.4000,81,15.4059,8
39.50_-77.50,39.2200,-77.4000,82,15.2933,8
39.50_-77.50,39.2200,-77.4000,83,15.1822,8
39.50_-77.50,39.2200,-77.4000,84,15.0586,8
39.50_-77.50,39.2200,-77.4000,85,14.9428,8
39.50_-77.50,39.2200,-77.4000,86,14.8443,8
39.50_-77.50,39.2200,-77.4000,87,14.7708,8
39.50_-77.50,39.2200,-77.4000,88,14.6727,8
39.50_-77.50,39.2200,-77.4000,89,14.5622,8
39.50_-77.50,39.2200,-77.4000,90,14.4312,8
39.50_-77.50,39.2200,-77.4000,91,14.3192,8
39.50_-78.50,39.2700,-78.3500,0,,0
39.50_-78.50,39.2700,-78.3500,1,20.8500,8
39.50_-78.50,39.2700,-78.3500,2,21.0875,8
39.50_-78.50,39.2700,-78.3500,3,21.3667,8
39.50_-78.50,39.2700,-78.3500,4,21.7438,8
39.50_-78.50,39.2700,-78.3500,5,21.7825,8
39.50_-78.50,39.2700,-78.3500,6,21.9083,8
39.50_-78.50,39.2700,-78.3500,7,21.7821,8
39.50_-78.50,39.2700,-78.3500,8,21.5266,8
39.50_-78.50,39.2700,-78.3500,9,21.2722,8
39.50_-78.50,39.2700,-78.3500,10,21.1250,8
39.50_-78.50,39.2700,-78.3500,11,21.1261,8
39.50_-78.50,39.2700,-78.3500,12,21.1521,8
39.50_-78.50,39.2700,-78.3500,13,21.1163,8
39.50_-78.50,39.2700,-78.3500,14,21.0964,8
39.50_-78.50,39.2700,-78.3500,15,21.0208,8
39.50_-78.50,39.2700,-78.3500,16,20.9352,8
39.50_-78.50,39.2700,-78.3500,17,20.8235,8
39.50_-78.50,39.2700,-78.3500,18,20.7681,8
39.50_-78.50,39.2700,-78.3500,19,20.6783,8
39.50_-78.50,39.2700,-78.3500,20,20.5856,8
39.50_-78.50,39.2700,-78.3500,21,20.5387,8
39.50_-78.50,39.2700,-78.3500,22,20.4744,8
39.50_-78.50,39.2700,-78.3500,23,20.3413,8
39.50_-78.50,39.2700,-78.3500,24,20.1906,8
39.50_-78.50,39.2700,-78.3500,25,20.1050,8
39.50_-78.50,39.2700,-78.3500,26,20.0356,8
39.50_-78.50,39.2700,-78.3500,27,19.9370,8
39.50_-78.50,39.2700,-78.3500,28,19.8884,8
39.50_-78.50,39.2700,-78.3500,29,19.8082,8
39.50_-78.50,39.2700,-78.3500,30,19.6917,8
39.50_-78.50,39.2700,-78.3500,31,19.6077,8
39.50_-78.50,39.2700,-78.3500,32,19.5348,8
39.50_-78.50,39.2700,-78.3500,33,19.4689,8
39.50_-78.50,39.2700,-78.3500,34,19.4055,8
39.50_-78.50,39.2700,-78.3500,35,19.3143,8
39.50_-78.50,39.2700,-78.3500,36,19.2684,8
39.50_-78.50,39.2700,-78.3500,37,19.2270,8
39.50_-78.50,39.2700,-78.3500,38,19.1063,8
39.50_-78.50,39.2700,-78.3500,39,18.9686,8
39.50_-78.50,39.2700,-78.3500,40,18.8500,8
39.50_-78.50,39.2700,-78.3500,41,18.7509,8
39.50_-78.50,39.2700,-78.3500,42,18.6476,8
39.50_-78.50,39.2700,-78.3500,43,18.5436,8
39.50_-78.50,39.2700,-78.3500,44,18.4304,8
39.50_-78.50,39.2700,-78.3500,45,18.3339,8
39.50_-78.50,39.2700,-78.3500,46,18.1832,8
39.50_-78.50,39.2700,-78.3500,47,18.0130,8
39.50_-78.50,39.2700,-78.3500,48,17.8445,8
39.50_-78.50,39.2700,-78.3500,49,17.7120,8
39.50_-78.50,39.2700,-78.3500,50,17.6105,8
39.50_-78.50,39.2700,-78.3500,51,17.5076,8
39.50_-78.50,39.2700,-78.3500,52,17.4120,8
39.50_-78.50,39.2700,-78.3500,53,17.3208,8
39.50_-78.50,39.2700,-78.3500,54,17.2174,8
39.50_-78.50,39.2700,-78.3500,55,17.1102,8
39.50_-78.50,39.2700,-78.3500,56,17.0083,8
39.50_-78.50,39.2700,-78.3500,57,16.9132,8
39.50_-78.50,39.2700,-78.3500,58,16.8244,8
39.50_-78.50,39.2700,-78.3500,59,16.7337,8
39.50_-78.50,39.2700,-78.3500,60,16.6462,8
39.50_-78.50,39.2700,-78.3500,61,16.5672,8
39.50_-78.50,39.2700,-78.3500,62,16.4708,8
39.50_-78.50,39.2700,-78.3500,63,16.3379,8
39.50_-78.50,39.2700,-78.3500,64,16.2025,8
39.50_-78.50,39.2700,-78.3500,65,16.0877,8
39.50_-78.50,39.2700,-78.3500,66,16.0210,8
39.50_-78.50,39.2700,-78.3500,67,15.9604,8
39.50_-78.50,39.2700,-78.3500,68,15.9108,8
39.50_-78.50,39.2700,-78.3500,69,15.8252,8
39.50_-78.50,39.2700,-78.3500,70,15.7314,8
39.50_-78.50,39.2700,-78.3500,71,15.6317,8
39.50_-78.50,39.2700,-78.3500,72,15.5458,8
39.50_-78.50,39.2700,-78.3500,73,15.4420,8
39.50_-78.50,39.2700,-78.3500,74,15.2944,8
39.50_-78.50,39.2700,-78.3500,75,15.1457,8
39.50_-78.50,39.2700,-78.3500,76,15.0217,8
39.50_-78.50,39.2700,-78.3500,77,14.9062,8
39.50_-78.50,39.2700,-78.3500,78,14.7795,8
39.50_-78.50,39.2700,-78.3500,79,14.6589,8
39.50_-78.50,39.2700,-78.3500,80,14.5406,8
39.50_-78.50,39.2700,-78.3500,81,14.4259,8
39.50_-78.50,39.2700,-78.3500,82,14.3123,8
39.50_-78.50,39.2700,-78.3500,83,14.2038,8
39.50_-78.50,39.2700,-78.3500,84,14.0802,8
39.50_-78.50,39.2700,-78.3500,85,13.9622,8
39.50_-78.50,39.2700,-78.3500,86,13.8759,8
39.50_-78.50,39.2700,-78.3500,87,13.8029,8
39.50_-78.50,39.2700,-78.3500,88,13.7061,8
39.50_-78.50,39.2700,-78.3500,89,13.5876,8
39.50_-78.50,39.2700,-78.3500,90,13.4565,8
39.50_-78.50,39.2700,-78.3500,91,13.3481,8
39.50_-79.50,39.7000,-79.5800,0,,0
39.50_-79.50,39.7000,-79.5800,1,18.7625,8
39.50_-79.50,39.7000,-79.5800,2,18.7187,8
39.50_-79.50,39.7000,-79.5800,3,18.7625,8
39.50_-79.50,39.7000,-79.5800,4,18.9719,8
39.50_-79.50,39.7000,-79.5800,5,19.0225,8
39.50_-79.50,39.7000,-79.5800,6,19.0542,8
39.50_-79.50,39.7000,-79.5800,7,18.8929,8
39.50_-79.50,39.7000,-79.5800,8,18.6688,8
39.50_-79.50,39.7000,-79.5800,9,18.4500,8
39.50_-79.50,39.7000,-79.5800,10,18.3600,8
39.50_-79.50,39.7000,-79.5800,11,18.3841,8
39.50_-79.50,39.7000,-79.5800,12,18.4656,8
39.50_-79.50,39.7000,-79.5800,13,18.4885,8
39.50_-79.50,39.7000,-79.5800,14,18.4839,8
39.50_-79.50,39.7000,-79.5800,15,18.4292,8
39.50_-79.50,39.7000,-79.5800,16,18.3992,8
39.50_-79.50,39.7000,-79.5800,17,18.3882,8
39.50_-79.50,39.7000,-79.5800,18,18.3451,8
39.50_-79.50,39.7000,-79.5800,19,18.2684,8
39.50_-79.50,39.7000,-79.5800,20,18.2287,8
39.50_-79.50,39.7000,-79.5800,21,18.2333,8
39.50_-79.50,39.7000,-79.5800,22,18.1920,8
39.50_-79.50,39.7000,-79.5800,23,18.0473,8
39.50_-79.50,39.7000,-79.5800,24,17.9193,8
39.50_-79.50,39.7000,-79.5800,25,17.8520,8
39.50_-79.50,39.7000,-79.5800,26,17.7784,8
39.50_-79.50,39.7000,-79.5800,27,17.6856,8
39.50_-79.50,39.7000,-79.5800,28,17.6379,8
39.50_-79.50,39.7000,-79.5800,29,17.5573,8
39.50_-79.50,39.7000,-79.5800,30,17.4721,8
39.50_-79.50,39.7000,-79.5800,31,17.4141,8
39.50_-79.50,39.7000,-79.5800,32,17.3449,8
39.50_-79.50,39.7000,-79.5800,33,17.2905,8
39.50_-79.50,39.7000,-79.5800,34,17.2254,8
39.50_-79.50,39.7000,-79.5800,35,17.1454,8
39.50_-79.50,39.7000,-79.5800,36,17.1142,8
39.50_-79.50,39.7000,-79.5800,37,17.0534,8
39.50_-79.50,39.7000,-79.5800,38,16.9280,8
39.50_-79.50,39.7000,-79.5800,39,16.7990,8
39.50_-79.50,39.7000,-79.5800,40,16.7000,8
39.50_-79.50,39.7000,-79.5800,41,16.6195,8
39.50_-79.50,39.7000,-79.5800,42,16.5318,8
39.50_-79.50,39.7000,-79.5800,43,16.4360,8
39.50_-79.50,39.7000,-79.5800,44,16.3170,8
39.50_-79.50,39.7000,-79.5800,45,16.2172,8
39.50_-79.50,39.7000,-79.5800,46,16.0484,8
39.50_-79.50,39.7000,-79.5800,47,15.8620,8
39.50_-79.50,39.7000,-79.5800,48,15.6948,8
39.50_-79.50,39.7000,-79.5800,49,15.5722,8
39.50_-79.50,39.7000,-79.5800,50,15.4642,8
39.50_-79.50,39.7000,-79.5800,51,15.3630,8
39.50_-79.50,39.7000,-79.5800,52,15.2736,8
39.50_-79.50,39.7000,-79.5800,53,15.1738,8
39.50_-79.50,39.7000,-79.5800,54,15.0683,8
39.50_-79.50,39.7000,-79.5800,55,14.9739,8
39.50_-79.50,39.7000,-79.5800,56,14.8757,8
39.50_-79.50,39.7000,-79.5800,57,14.7735,8
39.50_-79.50,39.7000,-79.5800,58,14.6843,8
39.50_-79.50,39.7000,-79.5800,59,14.6159,8
39.50_-79.50,39.7000,-79.5800,60,14.5342,8
39.50_-79.50,39.7000,-79.5800,61,14.4602,8
39.50_-79.50,39.7000,-79.5800,62,14.3516,8
39.50_-79.50,39.7000,-79.5800,63,14.2103,8
39.50_-79.50,39.7000,-79.5800,64,14.0752,8
39.50_-79.50,39.7000,-79.5800,65,13.9767,8
39.50_-79.50,39.7000,-79.5800,66,13.9188,8
39.50_-79.50,39.7000,-79.5800,67,13.8616,8
39.50_-79.50,39.7000,-79.5800,68,13.8028,8
39.50_-79.50,39.7000,-79.5800,69,13.7047,8
39.50_-79.50,39.7000,-79.5800,70,13.6216,8
39.50_-79.50,39.7000,-79.5800,71,13.5234,8
39.50_-79.50,39.7000,-79.5800,72,13.4436,8
39.50_-79.50,39.7000,-79.5800,73,13.3236,8
39.50_-79.50,39.7000,-79.5800,74,13.1726,8
39.50_-79.50,39.7000,-79.5800,75,13.0212,8
39.50_-79.50,39.7000,-79.5800,76,12.9038,8
39.50_-79.50,39.7000,-79.5800,77,12.7831,8
39.50_-79.50,39.7000,-79.5800,78,12.6636,8
39.50_-79.50,39.7000,-79.5800,79,12.5457,8
39.50_-79.50,39.7000,-79.5800,80,12.4338,8
39.50_-79.50,39.7000,-79.5800,81,12.3258,8
39.50_-79.50,39.7000,-79.5800,82,12.2192,8
39.50_-79.50,39.7000,-79.5800,83,12.1069,8
39.50_-79.50,39.7000,-79.5800,84,11.9856,8
39.50_-79.50,39.7000,-79.5800,85,11.8779,8
39.50_-79.50,39.7000,-79.5800,86,11.8039,8
39.50_-79.50,39.7000,-79.5800,87,11.7292,8
39.50_-79.50,39.7000,-79.5800,88,11.6278,8
39.50_-79.50,39.7000,-79.5800,89,11.4955,8
39.50_-79.50,39.7000,-79.5800,90,11.3642,8
39.50_-79.50,39.7000,-79.5800,91,11.2624,8
39.50_-80.50,39.3900,-80.2300,0,,0
39.50_-80.50,39.3900,-80.2300,1,20.6375,8
39.50_-80.50,39.3900,-80.2300,2,20.5812,8
39.50_-80.50,39.3900,-80.2300,3,20.5458,8
39.50_-80.50,39.3900,-80.2300,4,20.7219,8
39.50_-80.50,39.3900,-80.2300,5,20.7425,8
39.50_-80.50,39.3900,-80.2300,6,20.7604,8
39.50_-80.50,39.3900,-80.2300,7,20.5946,8
39.50_-80.50,39.3900,-80.2300,8,20.3688,8
39.50_-80.50,39.3900,-80.2300,9,20.1528,8
39.50_-80.50,39.3900,-80.2300,10,20.0425,8
39.50_-80.50,39.3900,-80.2300,11,20.0420,8
39.50_-80.50,39.3900,-80.2300,12,20.1167,8
39.50_-80.50,39.3900,-80.2300,13,20.1644,8
39.50_-80.50,39.3900,-80.2300,14,20.1643,8
39.50_-80.50,39.3900,-80.2300,15,20.1017,8
39.50_-80.50,39.3900,-80.2300,16,20.0664,8
39.50_-80.50,39.3900,-80.2300,17,20.0662,8
39.50_-80.50,39.3900,-80.2300,18,20.0375,8
39.50_-80.50,39.3900,-80.2300,19,19.9632,8
39.50_-80.50,39.3900,-80.2300,20,19.9300,8
39.50_-80.50,39.3900,-80.2300,21,19.9446,8
39.50_-80.50,39.3900,-80.2300,22,19.9068,8
39.50_-80.50,39.3900,-80.2300,23,19.7668,8
39.50_-80.50,39.3900,-80.2300,24,19.6417,8
39.50_-80.50,39.3900,-80.2300,25,19.5690,8
39.50_-80.50,39.3900,-80.2300,26,19.5024,8
39.50_-80.50,39.3900,-80.2300,27,19.4222,8
39.50_-80.50,39.3900,-80.2300,28,19.3754,8
39.50_-80.50,39.3900,-80.2300,29,19.2892,8
39.50_-80.50,39.3900,-80.2300,30,19.2133,8
39.50_-80.50,39.3900,-80.2300,31,19.1508,8
39.50_-80.50,39.3900,-80.2300,32,19.0801,8
39.50_-80.50,39.3900,-80.2300,33,19.0284,8
39.50_-80.50,39.3900,-80.2300,34,18.9621,8
39.50_-80.50,39.3900,-80.2300,35,18.8811,8
39.50_-80.50,39.3900,-80.2300,36,18.8392,8
39.50_-80.50,39.3900,-80.2300,37,18.7757,8
39.50_-80.50,39.3900,-80.2300,38,18.6513,8
39.50_-80.50,39.3900,-80.2300,39,18.5276,8
39.50_-80.50,39.3900,-80.2300,40,18.4297,8
39.50_-80.50,39.3900,-80.2300,41,18.3424,8
39.50_-80.50,39.3900,-80.2300,42,18.2542,8
39.50_-80.50,39.3900,-80.2300,43,18.1564,8
39.50_-80.50,39.3900,-80.2300,44,18.0381,8
39.50_-80.50,39.3900,-80.2300,45,17.9347,8
39.50_-80.50,39.3900,-80.2300,46,17.7671,8
39.50_-80.50,39.3900,-80.2300,47,17.5886,8
39.50_-80.50,39.3900,-80.2300,48,17.4201,8
39.50_-80.50,39.3900,-80.2300,49,17.2895,8
39.50_-80.50,39.3900,-80.2300,50,17.1755,8
39.50_-80.50,39.3900,-80.2300,51,17.0701,8
39.50_-80.50,39.3900,-80.2300,52,16.9702,8
39.50_-80.50,39.3900,-80.2300,53,16.8679,8
39.50_-80.50,39.3900,-80.2300,54,16.7569,8
39.50_-80.50,39.3900,-80.2300,55,16.6523,8
39.50_-80.50,39.3900,-80.2300,56,16.5551,8
39.50_-80.50,39.3900,-80.2300,57,16.4614,8
39.50_-80.50,39.3900,-80.2300,58,16.3759,8
39.50_-80.50,39.3900,-80.2300,59,16.3068,8
39.50_-80.50,39.3900,-80.2300,60,16.2223,8
39.50_-80.50,39.3900,-80.2300,61,16.1461,8
39.50_-80.50,39.3900,-80.2300,62,16.0399,8
39.50_-80.50,39.3900,-80.2300,63,15.8974,8
39.50_-80.50,39.3900,-80.2300,64,15.7635,8
39.50_-80.50,39.3900,-80.2300,65,15.6633,8
39.50_-80.50,39.3900,-80.2300,66,15.5998,8
39.50_-80.50,39.3900,-80.2300,67,15.5407,8
39.50_-80.50,39.3900,-80.2300,68,15.4772,8
39.50_-80.50,39.3900,-80.2300,69,15.3783,8
39.50_-80.50,39.3900,-80.2300,70,15.2954,8
39.50_-80.50,39.3900,-80.2300,71,15.1979,8
39.50_-80.50,39.3900,-80.2300,72,15.1188,8
39.50_-80.50,39.3900,-80.2300,73,14.9981,8
39.50_-80.50,39.3900,-80.2300,74,14.8488,8
39.50_-80.50,39.3900,-80.2300,75,14.6987,8
39.50_-80.50,39.3900,-80.2300,76,14.5872,8
39.50_-80.50,39.3900,-80.2300,77,14.4718,8
39.50_-80.50,39.3900,-80.2300,78,14.3579,8
39.50_-80.50,39.3900,-80.2300,79,14.2388,8
39.50_-80.50,39.3900,-80.2300,80,14.1247,8
39.50_-80.50,39.3900,-80.2300,81,14.0156,8
39.50_-80.50,39.3900,-80.2300,82,13.9101,8
39.50_-80.50,39.3900,-80.2300,83,13.8024,8
39.50_-80.50,39.3900,-80.2300,84,13.6862,8
39.50_-80.50,39.3900,-80.2300,85,13.5751,8
39.50_-80.50,39.3900,-80.2300,86,13.4991,8
39.50_-80.50,39.3900,-80.2300,87,13.4223,8
39.50_-80.50,39.3900,-80.2300,88,13.3209,8
39.50_-80.50,39.3900,-80.2300,89,13.1941,8
39.50_-80.50,39.3900,-80.2300,90,13.0625,8
39.50_-80.50,39.3900,-80.2300,91,12.9602,8
40.50_-72.50,40.8700,-72.7500,0,,0
40.50_-72.50,40.8700,-72.7500,1,21.1375,8
40.50_-72.50,40.8700,-72.7500,2,20.9375,8
40.50_-72.50,40.8700,-72.7500,3,21.0083,8
40.50_-72.50,40.8700,-72.7500,4,21.4031,8
40.50_-72.50,40.8700,-72.7500,5,21.5875,8
40.50_-72.50,40.8700,-72.7500,6,21.7542,8
40.50_-72.50,40.8700,-72.7500,7,21.6589,8
40.50_-72.50,40.8700,-72.7500,8,21.4922,8
40.50_-72.50,40.8700,-72.7500,9,21.3111,8
40.50_-72.50,40.8700,-72.7500,10,21.2175,8
40.50_-72.50,40.8700,-72.7500,11,21.2011,8
40.50_-72.50,40.8700,-72.7500,12,21.1750,8
40.50_-72.50,40.8700,-72.7500,13,21.1385,8
40.50_-72.50,40.8700,-72.7500,14,21.1170,8
40.50_-72.50,40.8700,-72.7500,15,21.0267,8
40.50_-72.50,40.8700,-72.7500,16,20.9227,8
40.50_-72.50,40.8700,-72.7500,17,20.8456,8
40.50_-72.50,40.8700,-72.7500,18,20.8104,8
40.50_-72.50,40.8700,-72.7500,19,20.7382,8
40.50_-72.50,40.8700,-72.7500,20,20.6131,8
40.50_-72.50,40.8700,-72.7500,21,20.4863,8
40.50_-72.50,40.8700,-72.7500,22,20.4062,8
40.50_-72.50,40.8700,-72.7500,23,20.3332,8
40.50_-72.50,40.8700,-72.7500,24,20.2479,8
40.50_-72.50,40.8700,-72.7500,25,20.1845,8
40.50_-72.50,40.8700,-72.7500,26,20.1587,8
40.50_-72.50,40.8700,-72.7500,27,20.1083,8
40.50_-72.50,40.8700,-72.7500,28,20.0612,8
40.50_-72.50,40.8700,-72.7500,29,19.9935,8
40.50_-72.50,40.8700,-72.7500,30,19.8958,8
40.50_-72.50,40.8700,-72.7500,31,19.8101,8
40.50_-72.50,40.8700,-72.7500,32,19.7309,8
40.50_-72.50,40.8700,-72.7500,33,19.6205,8
40.50_-72.50,40.8700,-72.7500,34,19.5485,8
40.50_-72.50,40.8700,-72.7500,35,19.4568,8
40.50_-72.50,40.8700,-72.7500,36,19.3976,8
40.50_-72.50,40.8700,-72.7500,37,19.3902,8
40.50_-72.50,40.8700,-72.7500,38,19.3000,8
40.50_-72.50,40.8700,-72.7500,39,19.1753,8
40.50_-72.50,40.8700,-72.7500,40,19.0731,8
40.50_-72.50,40.8700,-72.7500,41,18.9994,8
40.50_-72.50,40.8700,-72.7500,42,18.9107,8
40.50_-72.50,40.8700,-72.7500,43,18.8218,8
40.50_-72.50,40.8700,-72.7500,44,18.7338,8
40.50_-72.50,40.8700,-72.7500,45,18.6464,8
40.50_-72.50,40.8700,-72.7500,46,18.5446,8
40.50_-72.50,40.8700,-72.7500,47,18.4136,8
40.50_-72.50,40.8700,-72.7500,48,18.2714,8
40.50_-72.50,40.8700,-72.7500,49,18.1508,8
40.50_-72.50,40.8700,-72.7500,50,18.0823,8
40.50_-72.50,40.8700,-72.7500,51,18.0083,8
40.50_-72.50,40.8700,-72.7500,52,17.9425,8
40.50_-72.50,40.8700,-72.7500,53,17.8677,8
40.50_-72.50,40.8700,-72.7500,54,17.7806,8
40.50_-72.50,40.8700,-72.7500,55,17.6973,8
40.50_-72.50,40.8700,-72.7500,56,17.6237,8
40.50_-72.50,40.8700,-72.7500,57,17.5386,8
40.50_-72.50,40.8700,-72.7500,58,17.4455,8
40.50_-72.50,40.8700,-72.7500,59,17.3521,8
40.50_-72.50,40.8700,-72.7500,60,17.2760,8
40.50_-72.50,40.8700,-72.7500,61,17.2049,8
40.50_-72.50,40.8700,-72.7500,62,17.1353,8
40.50_-72.50,40.8700,-72.7500,63,17.0270,8
40.50_-72.50,40.8700,-72.7500,64,16.9119,8
40.50_-72.50,40.8700,-72.7500,65,16.8096,8
40.50_-72.50,40.8700,-72.7500,66,16.7506,8
40.50_-72.50,40.8700,-72.7500,67,16.6925,8
40.50_-72.50,40.8700,-72.7500,68,16.6478,8
40.50_-72.50,40.8700,-72.7500,69,16.5580,8
40.50_-72.50,40.8700,-72.7500,70,16.4521,8
40.50_-72.50,40.8700,-72.7500,71,16.3683,8
40.50_-72.50,40.8700,-72.7500,72,16.2922,8
40.50_-72.50,40.8700,-72.7500,73,16.2096,8
40.50_-72.50,40.8700,-72.7500,74,16.0858,8
40.50_-72.50,40.8700,-72.7500,75,15.9452,8
40.50_-72.50,40.8700,-72.7500,76,15.8150,8
40.50_-72.50,40.8700,-72.7500,77,15.7146,8
40.50_-72.50,40.8700,-72.7500,78,15.6040,8
40.50_-72.50,40.8700,-72.7500,79,15.4959,8
40.50_-72.50,40.8700,-72.7500,80,15.3792,8
40.50_-72.50,40.8700,-72.7500,81,15.2610,8
40.50_-72.50,40.8700,-72.7500,82,15.1547,8
40.50_-72.50,40.8700,-72.7500,83,15.0526,8
40.50_-72.50,40.8700,-72.7500,84,14.9310,8
40.50_-72.50,40.8700,-72.7500,85,14.8235,8
40.50_-72.50,40.8700,-72.7500,86,14.7320,8
40.50_-72.50,40.8700,-72.7500,87,14.6687,8
40.50_-72.50,40.8700,-72.7500,88,14.5913,8
40.50_-72.50,40.8700,-72.7500,89,14.4912,8
40.50_-72.50,40.8700,-72.7500,90,14.3689,8
40.50_-72.50,40.8700,-72.7500,91,14.2665,8
40.50_-73.50,40.8300,-73.7400,0,,0
40.50_-73.50,40.8300,-73.7400,1,21.6875,8
40.50_-73.50,40.8300,-73.7400,2,21.3875,8
40.50_-73.50,40.8300,-73.7400,3,21.5917,8
40.50_-73.50,40.8300,-73.7400,4,22.0250,8
40.50_-73.50,40.8300,-73.7400,5,22.1500,8
40.50_-73.50,40.8300,-73.7400,6,22.2500,8
40.50_-73.50,40.8300,-73.7400,7,22.0911,8
40.50_-73.50,40.8300,-73.7400,8,21.8781,8
40.50_-73.50,40.8300,-73.7400,9,21.6597,8
40.50_-73.50,40.8300,-73.7400,10,21.5175,8
40.50_-73.50,40.8300,-73.7400,11,21.4943,8
40.50_-73.50,40.8300,-73.7400,12,21.5031,8
40.50_-73.50,40.8300,-73.7400,13,21.4817,8
40.50_-73.50,40.8300,-73.7400,14,21.4616,8
40.50_-73.50,40.8300,-73.7400,15,21.3833,8
40.50_-73.50,40.8300,-73.7400,16,21.2773,8
40.50_-73.50,40.8300,-73.7400,17,21.1993,8
40.50_-73.50,40.8300,-73.7400,18,21.1562,8
40.50_-73.50,40.8300,-73.7400,19,21.0836,8
40.50_-73.50,40.8300,-73.7400,20,20.9656,8
40.50_-73.50,40.8300,-73.7400,21,20.8536,8
40.50_-73.50,40.8300,-73.7400,22,20.7784,8
40.50_-73.50,40.8300,-73.7400,23,20.7016,8
40.50_-73.50,40.8300,-73.7400,24,20.6016,8
40.50_-73.50,40.8300,-73.7400,25,20.5165,8
40.50_-73.50,40.8300,-73.7400,26,20.4793,8
40.50_-73.50,40.8300,-73.7400,27,20.4144,8
40.50_-73.50,40.8300,-73.7400,28,20.3527,8
40.50_-73.50,40.8300,-73.7400,29,20.2690,8
40.50_-73.50,40.8300,-73.7400,30,20.1642,8
40.50_-73.50,40.8300,-73.7400,31,20.0778,8
40.50_-73.50,40.8300,-73.7400,32,20.0008,8
40.50_-73.50,40.8300,-73.7400,33,19.8883,8
40.50_-73.50,40.8300,-73.7400,34,19.8092,8
40.50_-73.50,40.8300,-73.7400,35,19.7196,8
40.50_-73.50,40.8300,-73.7400,36,19.6660,8
40.50_-73.50,40.8300,-73.7400,37,19.6554,8
40.50_-73.50,40.8300,-73.7400,38,19.5546,8
40.50_-73.50,40.8300,-73.7400,39,19.4221,8
40.50_-73.50,40.8300,-73.7400,40,19.3216,8
40.50_-73.50,40.8300,-73.7400,41,19.2442,8
40.50_-73.50,40.8300,-73.7400,42,19.1515,8
40.50_-73.50,40.8300,-73.7400,43,19.0529,8
40.50_-73.50,40.8300,-73.7400,44,18.9469,8
40.50_-73.50,40.8300,-73.7400,45,18.8489,8
40.50_-73.50,40.8300,-73.7400,46,18.7302,8
40.50_-73.50,40.8300,-73.7400,47,18.5856,8
40.50_-73.50,40.8300,-73.7400,48,18.4326,8
40.50_-73.50,40.8300,-73.7400,49,18.3064,8
40.50_-73.50,40.8300,-73.7400,50,18.2298,8
40.50_-73.50,40.8300,-73.7400,51,18.1444,8
40.50_-73.50,40.8300,-73.7400,52,18.0668,8
40.50_-73.50,40.8300,-73.7400,53,17.9856,8
40.50_-73.50,40.8300,-73.7400,54,17.8910,8
40.50_-73.50,40.8300,-73.7400,55,17.7986,8
40.50_-73.50,40.8300,-73.7400,56,17.7241,8
40.50_-73.50,40.8300,-73.7400,57,17.6375,8
40.50_-73.50,40.8300,-73.7400,58,17.5407,8
40.50_-73.50,40.8300,-73.7400,59,17.4409,8
40.50_-73.50,40.8300,-73.7400,60,17.3560,8
40.50_-73.50,40.8300,-73.7400,61,17.2809,8
40.50_-73.50,40.8300,-73.7400,62,17.2062,8
40.50_-73.50,40.8300,-73.7400,63,17.0962,8
40.50_-73.50,40.8300,-73.7400,64,16.9758,8
40.50_-73.50,40.8300,-73.7400,65,16.8623,8
40.50_-73.50,40.8300,-73.7400,66,16.7907,8
40.50_-73.50,40.8300,-73.7400,67,16.7280,8
40.50_-73.50,40.8300,-73.7400,68,16.6750,8
40.50_-73.50,40.8300,-73.7400,69,16.5815,8
40.50_-73.50,40.8300,-73.7400,70,16.4745,8
40.50_-73.50,40.8300,-73.7400,71,16.3827,8
40.50_-73.50,40.8300,-73.7400,72,16.3007,8
40.50_-73.50,40.8300,-73.7400,73,16.2079,8
40.50_-73.50,40.8300,-73.7400,74,16.0765,8
40.50_-73.50,40.8300,-73.7400,75,15.9290,8
40.50_-73.50,40.8300,-73.7400,76,15.7936,8
40.50_-73.50,40.8300,-73.7400,77,15.6830,8
40.50_-73.50,40.8300,-73.7400,78,15.5635,8
40.50_-73.50,40.8300,-73.7400,79,15.4503,8
40.50_-73.50,40.8300,-73.7400,80,15.3286,8
40.50_-73.50,40.8300,-73.7400,81,15.2054,8
40.50_-73.50,40.8300,-73.7400,82,15.0945,8
40.50_-73.50,40.8300,-73.7400,83,14.9827,8
40.50_-73.50,40.8300,-73.7400,84,14.8564,8
40.50_-73.50,40.8300,-73.7400,85,14.7447,8
40.50_-73.50,40.8300,-73.7400,86,14.6474,8
40.50_-73.50,40.8300,-73.7400,87,14.5816,8
40.50_-73.50,40.8300,-73.7400,88,14.4967,8
40.50_-73.50,40.8300,-73.7400,89,14.3913,8
40.50_-73.50,40.8300,-73.7400,90,14.2636,8
40.50_-73.50,40.8300,-73.7400,91,14.1526,8
40.50_-74.50,40.5900,-74.4500,0,,0
40.50_-74.50,40.5900,-74.4500,1,21.4500,8
40.50_-74.50,40.5900,-74.4500,2,21.2938,8
40.50_-74.50,40.5900,-74.4500,3,21.5167,8
40.50_-74.50,40.5900,-74.4500,4,21.9156,8
40.50_-74.50,40.5900,-74.4500,5,22.0675,8
40.50_-74.50,40.5900,-74.4500,6,22.1604,8
40.50_-74.50,40.5900,-74.4500,7,21.9857,8
40.50_-74.50,40.5900,-74.4500,8,21.7438,8
40.50_-74.50,40.5900,-74.4500,9,21.4667,8
40.50_-74.50,40.5900,-74.4500,10,21.2988,8
40.50_-74.50,40.5900,-74.4500,11,21.2557,8
40.50_-74.50,40.5900,-74.4500,12,21.2542,8
40.50_-74.50,40.5900,-74.4500,13,21.2462,8
40.50_-74.50,40.5900,-74.4500,14,21.2286,8
40.50_-74.50,40.5900,-74.4500,15,21.1542,8
40.50_-74.50,40.5900,-74.4500,16,21.0398,8
40.50_-74.50,40.5900,-74.4500,17,20.9559,8
40.50_-74.50,40.5900,-74.4500,18,20.9139,8
40.50_-74.50,40.5900,-74.4500,19,20.8309,8
40.50_-74.50,40.5900,-74.4500,20,20.6969,8
40.50_-74.50,40.5900,-74.4500,21,20.5964,8
40.50_-74.50,40.5900,-74.4500,22,20.5312,8
40.50_-74.50,40.5900,-74.4500,23,20.4489,8
40.50_-74.50,40.5900,-74.4500,24,20.3422,8
40.50_-74.50,40.5900,-74.4500,25,20.2565,8
40.50_-74.50,40.5900,-74.4500,26,20.2154,8
40.50_-74.50,40.5900,-74.4500,27,20.1426,8
40.50_-74.50,40.5900,-74.4500,28,20.0844,8
40.50_-74.50,40.5900,-74.4500,29,20.0000,8
40.50_-74.50,40.5900,-74.4500,30,19.8912,8
40.50_-74.50,40.5900,-74.4500,31,19.8052,8
40.50_-74.50,40.5900,-74.4500,32,19.7289,8
40.50_-74.50,40.5900,-74.4500,33,19.6136,8
40.50_-74.50,40.5900,-74.4500,34,19.5257,8
40.50_-74.50,40.5900,-74.4500,35,19.4329,8
40.50_-74.50,40.5900,-74.4500,36,19.3774,8
40.50_-74.50,40.5900,-74.4500,37,19.3693,8
40.50_-74.50,40.5900,-74.4500,38,19.2658,8
40.50_-74.50,40.5900,-74.4500,39,19.1333,8
40.50_-74.50,40.5900,-74.4500,40,19.0297,8
40.50_-74.50,40.5900,-74.4500,41,18.9518,8
40.50_-74.50,40.5900,-74.4500,42,18.8568,8
40.50_-74.50,40.5900,-74.4500,43,18.7558,8
40.50_-74.50,40.5900,-74.4500,44,18.6446,8
40.50_-74.50,40.5900,-74.4500,45,18.5461,8
40.50_-74.50,40.5900,-74.4500,46,18.4201,8
40.50_-74.50,40.5900,-74.4500,47,18.2694,8
40.50_-74.50,40.5900,-74.4500,48,18.1089,8
40.50_-74.50,40.5900,-74.4500,49,17.9778,8
40.50_-74.50,40.5900,-74.4500,50,17.8915,8
40.50_-74.50,40.5900,-74.4500,51,17.8056,8
40.50_-74.50,40.5900,-74.4500,52,17.7286,8
40.50_-74.50,40.5900,-74.4500,53,17.6465,8
40.50_-74.50,40.5900,-74.4500,54,17.5449,8
40.50_-74.50,40.5900,-74.4500,55,17.4470,8
40.50_-74.50,40.5900,-74.4500,56,17.3676,8
40.50_-74.50,40.5900,-74.4500,57,17.2809,8
40.50_-74.50,40.5900,-74.4500,58,17.1845,8
40.50_-74.50,40.5900,-74.4500,59,17.0805,8
40.50_-74.50,40.5900,-74.4500,60,16.9940,8
40.50_-74.50,40.5900,-74.4500,61,16.9164,8
40.50_-74.50,40.5900,-74.4500,62,16.8365,8
40.50_-74.50,40.5900,-74.4500,63,16.7216,8
40.50_-74.50,40.5900,-74.4500,64,16.5922,8
40.50_-74.50,40.5900,-74.4500,65,16.4704,8
40.50_-74.50,40.5900,-74.4500,66,16.3949,8
40.50_-74.50,40.5900,-74.4500,67,16.3276,8
40.50_-74.50,40.5900,-74.4500,68,16.2699,8
40.50_-74.50,40.5900,-74.4500,69,16.1775,8
40.50_-74.50,40.5900,-74.4500,70,16.0700,8
40.50_-74.50,40.5900,-74.4500,71,15.9731,8
40.50_-74.50,40.5900,-74.4500,72,15.8873,8
40.50_-74.50,40.5900,-74.4500,73,15.7923,8
40.50_-74.50,40.5900,-74.4500,74,15.6549,8
40.50_-74.50,40.5900,-74.4500,75,15.5030,8
40.50_-74.50,40.5900,-74.4500,76,15.3630,8
40.50_-74.50,40.5900,-74.4500,77,15.2479,8
40.50_-74.50,40.5900,-74.4500,78,15.1216,8
40.50_-74.50,40.5900,-74.4500,79,15.0049,8
40.50_-74.50,40.5900,-74.4500,80,14.8781,8
40.50_-74.50,40.5900,-74.4500,81,14.7551,8
40.50_-74.50,40.5900,-74.4500,82,14.6434,8
40.50_-74.50,40.5900,-74.4500,83,14.5312,8
40.50_-74.50,40.5900,-74.4500,84,14.4031,8
40.50_-74.50,40.5900,-74.4500,85,14.2868,8
40.50_-74.50,40.5900,-74.4500,86,14.1888,8
40.50_-74.50,40.5900,-74.4500,87,14.1201,8
40.50_-74.50,40.5900,-74.4500,88,14.0307,8
40.50_-74.50,40.5900,-74.4500,89,13.9256,8
40.50_-74.50,40.5900,-74.4500,90,13.7962,8
40.50_-74.50,40.5900,-74.4500,91,13.6826,8
40.50_-75.50,40.3300,-75.4400,0,,0
40.50_-75.50,40.3300,-75.4400,1,21.2125,8
40.50_-75.50,40.3300,-75.4400,2,21.0687,8
40.50_-75.50,40.3300,-75.4400,3,21.3125,8
40.50_-75.50,40.3300,-75.4400,4,21.7187,8
40.50_-75.50,40.3300,-75.4400,5,21.8525,8
40.50_-75.50,40.3300,-75.4400,6,21.9458,8
40.50_-75.50,40.3300,-75.4400,7,21.7768,8
40.50_-75.50,40.3300,-75.4400,8,21.5406,8
40.50_-75.50,40.3300,-75.4400,9,21.2847,8
40.50_-75.50,40.3300,-75.4400,10,21.1262,8
40.50_-75.50,40.3300,-75.4400,11,21.1080,8
40.50_-75.50,40.3300,-75.4400,12,21.1417,8
40.50_-75.50,40.3300,-75.4400,13,21.1510,8
40.50_-75.50,40.3300,-75.4400,14,21.1509,8
40.50_-75.50,40.3300,-75.4400,15,21.0867,8
40.50_-75.50,40.3300,-75.4400,16,20.9719,8
40.50_-75.50,40.3300,-75.4400,17,20.8941,8
40.50_-75.50,40.3300,-75.4400,18,20.8556,8
40.50_-75.50,40.3300,-75.4400,19,20.7651,8
40.50_-75.50,40.3300,-75.4400,20,20.6431,8
40.50_-75.50,40.3300,-75.4400,21,20.5464,8
40.50_-75.50,40.3300,-75.4400,22,20.4773,8
40.50_-75.50,40.3300,-75.4400,23,20.3734,8
40.50_-75.50,40.3300,-75.4400,24,20.2500,8
40.50_-75.50,40.3300,-75.4400,25,20.1635,8
40.50_-75.50,40.3300,-75.4400,26,20.1096,8
40.50_-75.50,40.3300,-75.4400,27,20.0324,8
40.50_-75.50,40.3300,-75.4400,28,19.9723,8
40.50_-75.50,40.3300,-75.4400,29,19.8996,8
40.50_-75.50,40.3300,-75.4400,30,19.7992,8
40.50_-75.50,40.3300,-75.4400,31,19.7214,8
40.50_-75.50,40.3300,-75.4400,32,19.6551,8
40.50_-75.50,40.3300,-75.4400,33,19.5447,8
40.50_-75.50,40.3300,-75.4400,34,19.4585,8
40.50_-75.50,40.3300,-75.4400,35,19.3675,8
40.50_-75.50,40.3300,-75.4400,36,19.3125,8
40.50_-75.50,40.3300,-75.4400,37,19.2939,8
40.50_-75.50,40.3300,-75.4400,38,19.1878,8
40.50_-75.50,40.3300,-75.4400,39,19.0538,8
40.50_-75.50,40.3300,-75.4400,40,18.9419,8
40.50_-75.50,40.3300,-75.4400,41,18.8598,8
40.50_-75.50,40.3300,-75.4400,42,18.7589,8
40.50_-75.50,40.3300,-75.4400,43,18.6576,8
40.50_-75.50,40.3300,-75.4400,44,18.5437,8
40.50_-75.50,40.3300,-75.4400,45,18.4433,8
40.50_-75.50,40.3300,-75.4400,46,18.3071,8
40.50_-75.50,40.3300,-75.4400,47,18.1503,8
40.50_-75.50,40.3300,-75.4400,48,17.9901,8
40.50_-75.50,40.3300,-75.4400,49,17.8592,8
40.50_-75.50,40.3300,-75.4400,50,17.7665,8
40.50_-75.50,40.3300,-75.4400,51,17.6760,8
40.50_-75.50,40.3300,-75.4400,52,17.5993,8
40.50_-75.50,40.3300,-75.4400,53,17.5120,8
40.50_-75.50,40.3300,-75.4400,54,17.4014,8
40.50_-75.50,40.3300,-75.4400,55,17.2982,8
40.50_-75.50,40.3300,-75.4400,56,17.2121,8
40.50_-75.50,40.3300,-75.4400,57,17.1241,8
40.50_-75.50,40.3300,-75.4400,58,17.0297,8
40.50_-75.50,40.3300,-75.4400,59,16.9250,8
40.50_-75.50,40.3300,-75.4400,60,16.8365,8
40.50_-75.50,40.3300,-75.4400,61,16.7570,8
40.50_-75.50,40.3300,-75.4400,62,16.6732,8
40.50_-75.50,40.3300,-75.4400,63,16.5540,8
40.50_-75.50,40.3300,-75.4400,64,16.4215,8
40.50_-75.50,40.3300,-75.4400,65,16.3008,8
40.50_-75.50,40.3300,-75.4400,66,16.2233,8
40.50_-75.50,40.3300,-75.4400,67,16.1552,8
40.50_-75.50,40.3300,-75.4400,68,16.0978,8
40.50_-75.50,40.3300,-75.4400,69,16.0058,8
40.50_-75.50,40.3300,-75.4400,70,15.9000,8
40.50_-75.50,40.3300,-75.4400,71,15.7981,8
40.50_-75.50,40.3300,-75.4400,72,15.7115,8
40.50_-75.50,40.3300,-75.4400,73,15.6140,8
40.50_-75.50,40.3300,-75.4400,74,15.4716,8
40.50_-75.50,40.3300,-75.4400,75,15.3203,8
40.50_-75.50,40.3300,-75.4400,76,15.1808,8
40.50_-75.50,40.3300,-75.4400,77,15.0644,8
40.50_-75.50,40.3300,-75.4400,78,14.9365,8
40.50_-75.50,40.3300,-75.4400,79,14.8182,8
40.50_-75.50,40.3300,-75.4400,80,14.6923,8
40.50_-75.50,40.3300,-75.4400,81,14.5727,8
40.50_-75.50,40.3300,-75.4400,82,14.4604,8
40.50_-75.50,40.3300,-75.4400,83,14.3465,8
40.50_-75.50,40.3300,-75.4400,84,14.2193,8
40.50_-75.50,40.3300,-75.4400,85,14.1025,8
40.50_-75.50,40.3300,-75.4400,86,14.0026,8
40.50_-75.50,40.3300,-75.4400,87,13.9312,8
40.50_-75.50,40.3300,-75.4400,88,13.8359,8
40.50_-75.50,40.3300,-75.4400,89,13.7288,8
40.50_-75.50,40.3300,-75.4400,90,13.5953,8
40.50_-75.50,40.3300,-75.4400,91,13.4802,8
40.50_-76.50,40.3700,-76.5700,0,,0
40.50_-76.50,40.3700,-76.5700,1,20.6250,8
40.50_-76.50,40.3700,-76.5700,2,20.6500,8
40.50_-76.50,40.3700,-76.5700,3,20.8667,8
40.50_-76.50,40.3700,-76.5700,4,21.3000,8
40.50_-76.50,40.3700,-76.5700,5,21.3825,8
40.50_-76.50,40.3700,-76.5700,6,21.5125,8
40.50_-76.50,40.3700,-76.5700,7,21.4036,8
40.50_-76.50,40.3700,-76.5700,8,21.2188,8
40.50_-76.50,40.3700,-76.5700,9,20.9847,8
40.50_-76.50,40.3700,-76.5700,10,20.8437,8
40.50_-76.50,40.3700,-76.5700,11,20.8330,8
40.50_-76.50,40.3700,-76.5700,12,20.8469,8
40.50_-76.50,40.3700,-76.5700,13,20.8404,8
40.50_-76.50,40.3700,-76.5700,14,20.8339,8
40.50_-76.50,40.3700,-76.5700,15,20.7658,8
40.50_-76.50,40.3700,-76.5700,16,20.6656,8
40.50_-76.50,40.3700,-76.5700,17,20.5838,8
40.50_-76.50,40.3700,-76.5700,18,20.5493,8
40.50_-76.50,40.3700,-76.5700,19,20.4632,8
40.50_-76.50,40.3700,-76.5700,20,20.3512,8
40.50_-76.50,40.3700,-76.5700,21,20.2702,8
40.50_-76.50,40.3700,-76.5700,22,20.2028,8
40.50_-76.50,40.3700,-76.5700,23,20.0902,8
40.50_-76.50,40.3700,-76.5700,24,19.9609,8
40.50_-76.50,40.3700,-76.5700,25,19.8705,8
40.50_-76.50,40.3700,-76.5700,26,19.8048,8
40.50_-76.50,40.3700,-76.5700,27,19.7130,8
40.50_-76.50,40.3700,-76.5700,28,19.6496,8
40.50_-76.50,40.3700,-76.5700,29,19.5668,8
40.50_-76.50,40.3700,-76.5700,30,19.4592,8
40.50_-76.50,40.3700,-76.5700,31,19.3782,8
40.50_-76.50,40.3700,-76.5700,32,19.3078,8
40.50_-76.50,40.3700,-76.5700,33,19.2034,8
40.50_-76.50,40.3700,-76.5700,34,19.1195,8
40.50_-76.50,40.3700,-76.5700,35,19.0246,8
40.50_-76.50,40.3700,-76.5700,36,18.9740,8
40.50_-76.50,40.3700,-76.5700,37,18.9422,8
40.50_-76.50,40.3700,-76.5700,38,18.8408,8
40.50_-76.50,40.3700,-76.5700,39,18.7131,8
40.50_-76.50,40.3700,-76.5700,40,18.6075,8
40.50_-76.50,40.3700,-76.5700,41,18.5223,8
40.50_-76.50,40.3700,-76.5700,42,18.4199,8
40.50_-76.50,40.3700,-76.5700,43,18.3180,8
40.50_-76.50,40.3700,-76.5700,44,18.2011,8
40.50_-76.50,40.3700,-76.5700,45,18.1017,8
40.50_-76.50,40.3700,-76.5700,46,17.9592,8
40.50_-76.50,40.3700,-76.5700,47,17.7984,8
40.50_-76.50,40.3700,-76.5700,48,17.6406,8
40.50_-76.50,40.3700,-76.5700,49,17.5102,8
40.50_-76.50,40.3700,-76.5700,50,17.4162,8
40.50_-76.50,40.3700,-76.5700,51,17.3191,8
40.50_-76.50,40.3700,-76.5700,52,17.2365,8
40.50_-76.50,40.3700,-76.5700,53,17.1432,8
40.50_-76.50,40.3700,-76.5700,54,17.0317,8
40.50_-76.50,40.3700,-76.5700,55,16.9241,8
40.50_-76.50,40.3700,-76.5700,56,16.8281,8
40.50_-76.50,40.3700,-76.5700,57,16.7344,8
40.50_-76.50,40.3700,-76.5700,58,16.6388,8
40.50_-76.50,40.3700,-76.5700,59,16.5343,8
40.50_-76.50,40.3700,-76.5700,60,16.4417,8
40.50_-76.50,40.3700,-76.5700,61,16.3596,8
40.50_-76.50,40.3700,-76.5700,62,16.2726,8
40.50_-76.50,40.3700,-76.5700,63,16.1472,8
40.50_-76.50,40.3700,-76.5700,64,16.0150,8
40.50_-76.50,40.3700,-76.5700,65,15.8981,8
40.50_-76.50,40.3700,-76.5700,66,15.8231,8
40.50_-76.50,40.3700,-76.5700,67,15.7565,8
40.50_-76.50,40.3700,-76.5700,68,15.6960,8
40.50_-76.50,40.3700,-76.5700,69,15.6054,8
40.50_-76.50,40.3700,-76.5700,70,15.4998,8
40.50_-76.50,40.3700,-76.5700,71,15.3961,8
40.50_-76.50,40.3700,-76.5700,72,15.3089,8
40.50_-76.50,40.3700,-76.5700,73,15.2079,8
40.50_-76.50,40.3700,-76.5700,74,15.0637,8
40.50_-76.50,40.3700,-76.5700,75,14.9152,8
40.50_-76.50,40.3700,-76.5700,76,14.7758,8
40.50_-76.50,40.3700,-76.5700,77,14.6578,8
40.50_-76.50,40.3700,-76.5700,78,14.5266,8
40.50_-76.50,40.3700,-76.5700,79,14.4066,8
40.50_-76.50,40.3700,-76.5700,80,14.2792,8
40.50_-76.50,40.3700,-76.5700,81,14.1594,8
40.50_-76.50,40.3700,-76.5700,82,14.0434,8
40.50_-76.50,40.3700,-76.5700,83,13.9267,8
40.50_-76.50,40.3700,-76.5700,84,13.8004,8
40.50_-76.50,40.3700,-76.5700,85,13.6846,8
40.50_-76.50,40.3700,-76.5700,86,13.5865,8
40.50_-76.50,40.3700,-76.5700,87,13.5124,8
40.50_-76.50,40.3700,-76.5700,88,13.4146,8
40.50_-76.50,40.3700,-76.5700,89,13.3052,8
40.50_-76.50,40.3700,-76.5700,90,13.1744,8
40.50_-76.50,40.3700,-76.5700,91,13.0604,8
40.50_-77.50,40.6800,-77.7500,0,,0
40.50_-77.50,40.6800,-77.7500,1,17.4750,8
40.50_-77.50,40.6800,-77.7500,2,17.6250,8
40.50_-77.50,40.6800,-77.7500,3,17.8458,8
40.50_-77.50,40.6800,-77.7500,4,18.2094,8
40.50_-77.50,40.6800,-77.7500,5,18.2825,8
40.50_-77.50,40.6800,-77.7500,6,18.3833,8
40.50_-77.50,40.6800,-77.7500,7,18.2464,8
40.50_-77.50,40.6800,-77.7500,8,18.0141,8
40.50_-77.50,40.6800,-77.7500,9,17.7972,8
40.50_-77.50,40.6800,-77.7500,10,17.6925,8
40.50_-77.50,40.6800,-77.7500,11,17.7091,8
40.50_-77.50,40.6800,-77.7500,12,17.7417,8
40.50_-77.50,40.6800,-77.7500,13,17.7394,8
40.50_-77.50,40.6800,-77.7500,14,17.7205,8
40.50_-77.50,40.6800,-77.7500,15,17.6525,8
40.50_-77.50,40.6800,-77.7500,16,17.6016,8
40.50_-77.50,40.6800,-77.7500,17,17.5537,8
40.50_-77.50,40.6800,-77.7500,18,17.5354,8
40.50_-77.50,40.6800,-77.7500,19,17.4500,8
40.50_-77.50,40.6800,-77.7500,20,17.3700,8
40.50_-77.50,40.6800,-77.7500,21,17.3220,8
40.50_-77.50,40.6800,-77.7500,22,17.2631,8
40.50_-77.50,40.6800,-77.7500,23,17.1321,8
40.50_-77.50,40.6800,-77.7500,24,16.9854,8
40.50_-77.50,40.6800,-77.7500,25,16.8975,8
40.50_-77.50,40.6800,-77.7500,26,16.8212,8
40.50_-77.50,40.6800,-77.7500,27,16.7287,8
40.50_-77.50,40.6800,-77.7500,28,16.6812,8
40.50_-77.50,40.6800,-77.7500,29,16.5776,8
40.50_-77.50,40.6800,-77.7500,30,16.4712,8
40.50_-77.50,40.6800,-77.7500,31,16.3899,8
40.50_-77.50,40.6800,-77.7500,32,16.3164,8
40.50_-77.50,40.6800,-77.7500,33,16.2269,8
40.50_-77.50,40.6800,-77.7500,34,16.1669,8
40.50_-77.50,40.6800,-77.7500,35,16.0818,8
40.50_-77.50,40.6800,-77.7500,36,16.0431,8
40.50_-77.50,40.6800,-77.7500,37,15.9895,8
40.50_-77.50,40.6800,-77.7500,38,15.8766,8
40.50_-77.50,40.6800,-77.7500,39,15.7471,8
40.50_-77.50,40.6800,-77.7500,40,15.6416,8
40.50_-77.50,40.6800,-77.7500,41,15.5655,8
40.50_-77.50,40.6800,-77.7500,42,15.4693,8
40.50_-77.50,40.6800,-77.7500,43,15.3602,8
40.50_-77.50,40.6800,-77.7500,44,15.2301,8
40.50_-77.50,40.6800,-77.7500,45,15.1269,8
40.50_-77.50,40.6800,-77.7500,46,14.9652,8
40.50_-77.50,40.6800,-77.7500,47,14.7915,8
40.50_-77.50,40.6800,-77.7500,48,14.6276,8
40.50_-77.50,40.6800,-77.7500,49,14.4964,8
40.50_-77.50,40.6800,-77.7500,50,14.3948,8
40.50_-77.50,40.6800,-77.7500,51,14.3012,8
40.50_-77.50,40.6800,-77.7500,52,14.2159,8
40.50_-77.50,40.6800,-77.7500,53,14.1208,8
40.50_-77.50,40.6800,-77.7500,54,14.0113,8
40.50_-77.50,40.6800,-77.7500,55,13.9086,8
40.50_-77.50,40.6800,-77.7500,56,13.8056,8
40.50_-77.50,40.6800,-77.7500,57,13.7053,8
40.50_-77.50,40.6800,-77.7500,58,13.6078,8
40.50_-77.50,40.6800,-77.7500,59,13.4998,8
40.50_-77.50,40.6800,-77.7500,60,13.4067,8
40.50_-77.50,40.6800,-77.7500,61,13.3193,8
40.50_-77.50,40.6800,-77.7500,62,13.2194,8
40.50_-77.50,40.6800,-77.7500,63,13.0897,8
40.50_-77.50,40.6800,-77.7500,64,12.9557,8
40.50_-77.50,40.6800,-77.7500,65,12.8463,8
40.50_-77.50,40.6800,-77.7500,66,12.7750,8
40.50_-77.50,40.6800,-77.7500,67,12.7138,8
40.50_-77.50,40.6800,-77.7500,68,12.6511,8
40.50_-77.50,40.6800,-77.7500,69,12.5531,8
40.50_-77.50,40.6800,-77.7500,70,12.4538,8
40.50_-77.50,40.6800,-77.7500,71,12.3491,8
40.50_-77.50,40.6800,-77.7500,72,12.2628,8
40.50_-77.50,40.6800,-77.7500,73,12.1495,8
40.50_-77.50,40.6800,-77.7500,74,11.9998,8
40.50_-77.50,40.6800,-77.7500,75,11.8462,8
40.50_-77.50,40.6800,-77.7500,76,11.7107,8
40.50_-77.50,40.6800,-77.7500,77,11.5872,8
40.50_-77.50,40.6800,-77.7500,78,11.4542,8
40.50_-77.50,40.6800,-77.7500,79,11.3313,8
40.50_-77.50,40.6800,-77.7500,80,11.1994,8
40.50_-77.50,40.6800,-77.7500,81,11.0767,8
40.50_-77.50,40.6800,-77.7500,82,10.9544,8
40.50_-77.50,40.6800,-77.7500,83,10.8316,8
40.50_-77.50,40.6800,-77.7500,84,10.7054,8
40.50_-77.50,40.6800,-77.7500,85,10.5891,8
40.50_-77.50,40.6800,-77.7500,86,10.4959,8
40.50_-77.50,40.6800,-77.7500,87,10.4188,8
40.50_-77.50,40.6800,-77.7500,88,10.3158,8
40.50_-77.50,40.6800,-77.7500,89,10.1940,8
40.50_-77.50,40.6800,-77.7500,90,10.0619,8
40.50_-77.50,40.6800,-77.7500,91,9.9452,8
40.50_-78.50,40.4200,-78.7000,0,,0
40.50_-78.50,40.4200,-78.7000,1,18.1125,8
40.50_-78.50,40.4200,-78.7000,2,18.1375,8
40.50_-78.50,40.4200,-78.7000,3,18.3417,8
40.50_-78.50,40.4200,-78.7000,4,18.6406,8
40.50_-78.50,40.4200,-78.7000,5,18.6900,8
40.50_-78.50,40.4200,-78.7000,6,18.7229,8
40.50_-78.50,40.4200,-78.7000,7,18.5625,8
40.50_-78.50,40.4200,-78.7000,8,18.3000,8
40.50_-78.50,40.4200,-78.7000,9,18.0667,8
40.50_-78.50,40.4200,-78.7000,10,17.9775,8
40.50_-78.50,40.4200,-78.7000,11,18.0045,8
40.50_-78.50,40.4200,-78.7000,12,18.0656,8
40.50_-78.50,40.4200,-78.7000,13,18.0558,8
40.50_-78.50,40.4200,-78.7000,14,18.0241,8
40.50_-78.50,40.4200,-78.7000,15,17.9550,8
40.50_-78.50,40.4200,-78.7000,16,17.9109,8
40.50_-78.50,40.4200,-78.7000,17,17.8926,8
40.50_-78.50,40.4200,-78.7000,18,17.8542,8
40.50_-78.50,40.4200,-78.7000,19,17.7566,8
40.50_-78.50,40.4200,-78.7000,20,17.6987,8
40.50_-78.50,40.4200,-78.7000,21,17.6875,8
40.50_-78.50,40.4200,-78.7000,22,17.6307,8
40.50_-78.50,40.4200,-78.7000,23,17.4880,8
40.50_-78.50,40.4200,-78.7000,24,17.3474,8
40.50_-78.50,40.4200,-78.7000,25,17.2785,8
40.50_-78.50,40.4200,-78.7000,26,17.2096,8
40.50_-78.50,40.4200,-78.7000,27,17.1218,8
40.50_-78.50,40.4200,-78.7000,28,17.0750,8
40.50_-78.50,40.4200,-78.7000,29,16.9754,8
40.50_-78.50,40.4200,-78.7000,30,16.8762,8
40.50_-78.50,40.4200,-78.7000,31,16.7980,8
40.50_-78.50,40.4200,-78.7000,32,16.7266,8
40.50_-78.50,40.4200,-78.7000,33,16.6670,8
40.50_-78.50,40.4200,-78.7000,34,16.6107,8
40.50_-78.50,40.4200,-78.7000,35,16.5275,8
40.50_-78.50,40.4200,-78.7000,36,16.5014,8
40.50_-78.50,40.4200,-78.7000,37,16.4409,8
40.50_-78.50,40.4200,-78.7000,38,16.3141,8
40.50_-78.50,40.4200,-78.7000,39,16.1798,8
40.50_-78.50,40.4200,-78.7000,40,16.0778,8
40.50_-78.50,40.4200,-78.7000,41,15.9973,8
40.50_-78.50,40.4200,-78.7000,42,15.9027,8
40.50_-78.50,40.4200,-78.7000,43,15.7951,8
40.50_-78.50,40.4200,-78.7000,44,15.6611,8
40.50_-78.50,40.4200,-78.7000,45,15.5583,8
40.50_-78.50,40.4200,-78.7000,46,15.3848,8
40.50_-78.50,40.4200,-78.7000,47,15.1952,8
40.50_-78.50,40.4200,-78.7000,48,15.0245,8
40.50_-78.50,40.4200,-78.7000,49,14.8987,8
40.50_-78.50,40.4200,-78.7000,50,14.7910,8
40.50_-78.50,40.4200,-78.7000,51,14.6968,8
40.50_-78.50,40.4200,-78.7000,52,14.6082,8
40.50_-78.50,40.4200,-78.7000,53,14.5123,8
40.50_-78.50,40.4200,-78.7000,54,14.4058,8
40.50_-78.50,40.4200,-78.7000,55,14.3086,8
40.50_-78.50,40.4200,-78.7000,56,14.2065,8
40.50_-78.50,40.4200,-78.7000,57,14.0967,8
40.50_-78.50,40.4200,-78.7000,58,13.9976,8
40.50_-78.50,40.4200,-78.7000,59,13.9066,8
40.50_-78.50,40.4200,-78.7000,60,13.8215,8
40.50_-78.50,40.4200,-78.7000,61,13.7434,8
40.50_-78.50,40.4200,-78.7000,62,13.6337,8
40.50_-78.50,40.4200,-78.7000,63,13.4948,8
40.50_-78.50,40.4200,-78.7000,64,13.3613,8
40.50_-78.50,40.4200,-78.7000,65,13.2608,8
40.50_-78.50,40.4200,-78.7000,66,13.1998,8
40.50_-78.50,40.4200,-78.7000,67,13.1420,8
40.50_-78.50,40.4200,-78.7000,68,13.0827,8
40.50_-78.50,40.4200,-78.7000,69,12.9812,8
40.50_-78.50,40.4200,-78.7000,70,12.8898,8
40.50_-78.50,40.4200,-78.7000,71,12.7910,8
40.50_-78.50,40.4200,-78.7000,72,12.7076,8
40.50_-78.50,40.4200,-78.7000,73,12.5854,8
40.50_-78.50,40.4200,-78.7000,74,12.4334,8
40.50_-78.50,40.4200,-78.7000,75,12.2772,8
40.50_-78.50,40.4200,-78.7000,76,12.1523,8
40.50_-78.50,40.4200,-78.7000,77,12.0242,8
40.50_-78.50,40.4200,-78.7000,78,11.9010,8
40.50_-78.50,40.4200,-78.7000,79,11.7772,8
40.50_-78.50,40.4200,-78.7000,80,11.6553,8
40.50_-78.50,40.4200,-78.7000,81,11.5398,8
40.50_-78.50,40.4200,-78.7000,82,11.4241,8
40.50_-78.50,40.4200,-78.7000,83,11.2998,8
40.50_-78.50,40.4200,-78.7000,84,11.1701,8
40.50_-78.50,40.4200,-78.7000,85,11.0557,8
40.50_-78.50,40.4200,-78.7000,86,10.9741,8
40.50_-78.50,40.4200,-78.7000,87,10.8976,8
40.50_-78.50,40.4200,-78.7000,88,10.7936,8
40.50_-78.50,40.4200,-78.7000,89,10.6617,8
40.50_-78.50,40.4200,-78.7000,90,10.5268,8
40.50_-78.50,40.4200,-78.7000,91,10.4170,8
40.50_-79.50,40.4100,-79.7700,0,,0
40.50_-79.50,40.4100,-79.7700,1,20.5750,8
40.50_-79.50,40.4100,-79.7700,2,20.5438,8
40.50_-79.50,40.4100,-79.7700,3,20.5208,8
40.50_-79.50,40.4100,-79.7700,4,20.7156,8
40.50_-79.50,40.4100,-79.7700,5,20.7150,8
40.50_-79.50,40.4100,-79.7700,6,20.7167,8
40.50_-79.50,40.4100,-79.7700,7,20.5268,8
40.50_-79.50,40.4100,-79.7700,8,20.2328,8
40.50_-79.50,40.4100,-79.7700,9,20.0042,8
40.50_-79.50,40.4100,-79.7700,10,19.9450,8
40.50_-79.50,40.4100,-79.7700,11,19.9432,8
40.50_-79.50,40.4100,-79.7700,12,20.0188,8
40.50_-79.50,40.4100,-79.7700,13,20.0481,8
40.50_-79.50,40.4100,-79.7700,14,20.0455,8
40.50_-79.50,40.4100,-79.7700,15,19.9867,8
40.50_-79.50,40.4100,-79.7700,16,19.9562,8
40.50_-79.50,40.4100,-79.7700,17,19.9485,8
40.50_-79.50,40.4100,-79.7700,18,19.9208,8
40.50_-79.50,40.4100,-79.7700,19,19.8467,8
40.50_-79.50,40.4100,-79.7700,20,19.8075,8
40.50_-79.50,40.4100,-79.7700,21,19.8214,8
40.50_-79.50,40.4100,-79.7700,22,19.7710,8
40.50_-79.50,40.4100,-79.7700,23,19.6342,8
40.50_-79.50,40.4100,-79.7700,24,19.5073,8
40.50_-79.50,40.4100,-79.7700,25,19.4400,8
40.50_-79.50,40.4100,-79.7700,26,19.3716,8
40.50_-79.50,40.4100,-79.7700,27,19.2875,8
40.50_-79.50,40.4100,-79.7700,28,19.2411,8
40.50_-79.50,40.4100,-79.7700,29,19.1422,8
40.50_-79.50,40.4100,-79.7700,30,19.0487,8
40.50_-79.50,40.4100,-79.7700,31,18.9742,8
40.50_-79.50,40.4100,-79.7700,32,18.8992,8
40.50_-79.50,40.4100,-79.7700,33,18.8360,8
40.50_-79.50,40.4100,-79.7700,34,18.7669,8
40.50_-79.50,40.4100,-79.7700,35,18.6757,8
40.50_-79.50,40.4100,-79.7700,36,18.6358,8
40.50_-79.50,40.4100,-79.7700,37,18.5632,8
40.50_-79.50,40.4100,-79.7700,38,18.4438,8
40.50_-79.50,40.4100,-79.7700,39,18.3170,8
40.50_-79.50,40.4100,-79.7700,40,18.2228,8
40.50_-79.50,40.4100,-79.7700,41,18.1412,8
40.50_-79.50,40.4100,-79.7700,42,18.0518,8
40.50_-79.50,40.4100,-79.7700,43,17.9445,8
40.50_-79.50,40.4100,-79.7700,44,17.8179,8
40.50_-79.50,40.4100,-79.7700,45,17.7081,8
40.50_-79.50,40.4100,-79.7700,46,17.5386,8
40.50_-79.50,40.4100,-79.7700,47,17.3529,8
40.50_-79.50,40.4100,-79.7700,48,17.1865,8
40.50_-79.50,40.4100,-79.7700,49,17.0513,8
40.50_-79.50,40.4100,-79.7700,50,16.9378,8
40.50_-79.50,40.4100,-79.7700,51,16.8309,8
40.50_-79.50,40.4100,-79.7700,52,16.7349,8
40.50_-79.50,40.4100,-79.7700,53,16.6340,8
40.50_-79.50,40.4100,-79.7700,54,16.5155,8
40.50_-79.50,40.4100,-79.7700,55,16.4095,8
40.50_-79.50,40.4100,-79.7700,56,16.3067,8
40.50_-79.50,40.4100,-79.7700,57,16.1991,8
40.50_-79.50,40.4100,-79.7700,58,16.0987,8
40.50_-79.50,40.4100,-79.7700,59,16.0112,8
40.50_-79.50,40.4100,-79.7700,60,15.9206,8
40.50_-79.50,40.4100,-79.7700,61,15.8426,8
40.50_-79.50,40.4100,-79.7700,62,15.7349,8
40.50_-79.50,40.4100,-79.7700,63,15.5960,8
40.50_-79.50,40.4100,-79.7700,64,15.4641,8
40.50_-79.50,40.4100,-79.7700,65,15.3660,8
40.50_-79.50,40.4100,-79.7700,66,15.3040,8
40.50_-79.50,40.4100,-79.7700,67,15.2429,8
40.50_-79.50,40.4100,-79.7700,68,15.1708,8
40.50_-79.50,40.4100,-79.7700,69,15.0625,8
40.50_-79.50,40.4100,-79.7700,70,14.9675,8
40.50_-79.50,40.4100,-79.7700,71,14.8699,8
40.50_-79.50,40.4100,-79.7700,72,14.7847,8
40.50_-79.50,40.4100,-79.7700,73,14.6575,8
40.50_-79.50,40.4100,-79.7700,74,14.4998,8
40.50_-79.50,40.4100,-79.7700,75,14.3447,8
40.50_-79.50,40.4100,-79.7700,76,14.2243,8
40.50_-79.50,40.4100,-79.7700,77,14.1008,8
40.50_-79.50,40.4100,-79.7700,78,13.9812,8
40.50_-79.50,40.4100,-79.7700,79,13.8582,8
40.50_-79.50,40.4100,-79.7700,80,13.7378,8
40.50_-79.50,40.4100,-79.7700,81,13.6239,8
40.50_-79.50,40.4100,-79.7700,82,13.5075,8
40.50_-79.50,40.4100,-79.7700,83,13.3908,8
40.50_-79.50,40.4100,-79.7700,84,13.2707,8
40.50_-79.50,40.4100,-79.7700,85,13.1574,8
40.50_-79.50,40.4100,-79.7700,86,13.0734,8
40.50_-79.50,40.4100,-79.7700,87,12.9951,8
40.50_-79.50,40.4100,-79.7700,88,12.8913,8
40.50_-79.50,40.4100,-79.7700,89,12.7629,8
40.50_-79.50,40.4100,-79.7700,90,12.6313,8
40.50_-79.50,40.4100,-79.7700,91,12.5231,8
40.50_-80.50,40.4200,-80.1700,0,,0
40.50_-80.50,40.4200,-80.1700,1,21.0750,8
40.50_-80.50,40.4200,-80.1700,2,20.9938,8
40.50_-80.50,40.4200,-80.1700,3,20.9750,8
40.50_-80.50,40.4200,-80.1700,4,21.1219,8
40.50_-80.50,40.4200,-80.1700,5,21.1050,8
40.50_-80.50,40.4200,-80.1700,6,21.0833,8
40.50_-80.50,40.4200,-80.1700,7,20.8857,8
40.50_-80.50,40.4200,-80.1700,8,20.5672,8
40.50_-80.50,40.4200,-80.1700,9,20.3208,8
40.50_-80.50,40.4200,-80.1700,10,20.2662,8
40.50_-80.50,40.4200,-80.1700,11,20.2636,8
40.50_-80.50,40.4200,-80.1700,12,20.3406,8
40.50_-80.50,40.4200,-80.1700,13,20.3683,8
40.50_-80.50,40.4200,-80.1700,14,20.3589,8
40.50_-80.50,40.4200,-80.1700,15,20.2992,8
40.50_-80.50,40.4200,-80.1700,16,20.2648,8
40.50_-80.50,40.4200,-80.1700,17,20.2478,8
40.50_-80.50,40.4200,-80.1700,18,20.2153,8
40.50_-80.50,40.4200,-80.1700,19,20.1421,8
40.50_-80.50,40.4200,-80.1700,20,20.1031,8
40.50_-80.50,40.4200,-80.1700,21,20.1167,8
40.50_-80.50,40.4200,-80.1700,22,20.0653,8
40.50_-80.50,40.4200,-80.1700,23,19.9315,8
40.50_-80.50,40.4200,-80.1700,24,19.8089,8
40.50_-80.50,40.4200,-80.1700,25,19.7425,8
40.50_-80.50,40.4200,-80.1700,26,19.6740,8
40.50_-80.50,40.4200,-80.1700,27,19.5912,8
40.50_-80.50,40.4200,-80.1700,28,19.5455,8
40.50_-80.50,40.4200,-80.1700,29,19.4418,8
40.50_-80.50,40.4200,-80.1700,30,19.3450,8
40.50_-80.50,40.4200,-80.1700,31,19.2718,8
40.50_-80.50,40.4200,-80.1700,32,19.2004,8
40.50_-80.50,40.4200,-80.1700,33,19.1420,8
40.50_-80.50,40.4200,-80.1700,34,19.0710,8
40.50_-80.50,40.4200,-80.1700,35,18.9775,8
40.50_-80.50,40.4200,-80.1700,36,18.9368,8
40.50_-80.50,40.4200,-80.1700,37,18.8625,8
40.50_-80.50,40.4200,-80.1700,38,18.7388,8
40.50_-80.50,40.4200,-80.1700,39,18.6122,8
40.50_-80.50,40.4200,-80.1700,40,18.5188,8
40.50_-80.50,40.4200,-80.1700,41,18.4369,8
40.50_-80.50,40.4200,-80.1700,42,18.3470,8
40.50_-80.50,40.4200,-80.1700,43,18.2352,8
40.50_-80.50,40.4200,-80.1700,44,18.1097,8
40.50_-80.50,40.4200,-80.1700,45,17.9961,8
40.50_-80.50,40.4200,-80.1700,46,17.8247,8
40.50_-80.50,40.4200,-80.1700,47,17.6404,8
40.50_-80.50,40.4200,-80.1700,48,17.4737,8
40.50_-80.50,40.4200,-80.1700,49,17.3370,8
40.50_-80.50,40.4200,-80.1700,50,17.2212,8
40.50_-80.50,40.4200,-80.1700,51,17.1174,8
40.50_-80.50,40.4200,-80.1700,52,17.0216,8
40.50_-80.50,40.4200,-80.1700,53,16.9179,8
40.50_-80.50,40.4200,-80.1700,54,16.7975,8
40.50_-80.50,40.4200,-80.1700,55,16.6920,8
40.50_-80.50,40.4200,-80.1700,56,16.5864,8
40.50_-80.50,40.4200,-80.1700,57,16.4779,8
40.50_-80.50,40.4200,-80.1700,58,16.3739,8
40.50_-80.50,40.4200,-80.1700,59,16.2818,8
40.50_-80.50,40.4200,-80.1700,60,16.1877,8
40.50_-80.50,40.4200,-80.1700,61,16.1111,8
40.50_-80.50,40.4200,-80.1700,62,15.9966,8
40.50_-80.50,40.4200,-80.1700,63,15.8514,8
40.50_-80.50,40.4200,-80.1700,64,15.7182,8
40.50_-80.50,40.4200,-80.1700,65,15.6225,8
40.50_-80.50,40.4200,-80.1700,66,15.5617,8
40.50_-80.50,40.4200,-80.1700,67,15.4972,8
40.50_-80.50,40.4200,-80.1700,68,15.4233,8
40.50_-80.50,40.4200,-80.1700,69,15.3127,8
40.50_-80.50,40.4200,-80.1700,70,15.2157,8
40.50_-80.50,40.4200,-80.1700,71,15.1164,8
40.50_-80.50,40.4200,-80.1700,72,15.0297,8
40.50_-80.50,40.4200,-80.1700,73,14.8976,8
40.50_-80.50,40.4200,-80.1700,74,14.7412,8
40.50_-80.50,40.4200,-80.1700,75,14.5860,8
40.50_-80.50,40.4200,-80.1700,76,14.4648,8
40.50_-80.50,40.4200,-80.1700,77,14.3407,8
40.50_-80.50,40.4200,-80.1700,78,14.2216,8
40.50_-80.50,40.4200,-80.1700,79,14.0976,8
40.50_-80.50,40.4200,-80.1700,80,13.9767,8
40.50_-80.50,40.4200,-80.1700,81,13.8593,8
40.50_-80.50,40.4200,-80.1700,82,13.7410,8
40.50_-80.50,40.4200,-80.1700,83,13.6233,8
40.50_-80.50,40.4200,-80.1700,84,13.5024,8
40.50_-80.50,40.4200,-80.1700,85,13.3868,8
40.50_-80.50,40.4200,-80.1700,86,13.3038,8
40.50_-80.50,40.4200,-80.1700,87,13.2246,8
40.50_-80.50,40.4200,-80.1700,88,13.1180,8
40.50_-80.50,40.4200,-80.1700,89,12.9869,8
40.50_-80.50,40.4200,-80.1700,90,12.8533,8
40.50_-80.50,40.4200,-80.1700,91,12.7430,8
41.50_-69.50,41.8100,-69.9800,0,,0
41.50_-69.50,41.8100,-69.9800,1,20.1750,8
41.50_-69.50,41.8100,-69.9800,2,19.8812,8
41.50_-69.50,41.8100,-69.9800,3,19.8792,8
41.50_-69.50,41.8100,-69.9800,4,20.1406,8
41.50_-69.50,41.8100,-69.9800,5,20.2200,8
41.50_-69.50,41.8100,-69.9800,6,20.3750,8
41.50_-69.50,41.8100,-69.9800,7,20.3661,8
41.50_-69.50,41.8100,-69.9800,8,20.2938,8
41.50_-69.50,41.8100,-69.9800,9,20.2069,8
41.50_-69.50,41.8100,-69.9800,10,20.1538,8
41.50_-69.50,41.8100,-69.9800,11,20.1523,8
41.50_-69.50,41.8100,-69.9800,12,20.0885,8
41.50_-69.50,41.8100,-69.9800,13,20.0183,8
41.50_-69.50,41.8100,-69.9800,14,19.9911,8
41.50_-69.50,41.8100,-69.9800,15,19.9158,8
41.50_-69.50,41.8100,-69.9800,16,19.8086,8
41.50_-69.50,41.8100,-69.9800,17,19.7449,8
41.50_-69.50,41.8100,-69.9800,18,19.6910,8
41.50_-69.50,41.8100,-69.9800,19,19.5980,8
41.50_-69.50,41.8100,-69.9800,20,19.4663,8
41.50_-69.50,41.8100,-69.9800,21,19.3512,8
41.50_-69.50,41.8100,-69.9800,22,19.2926,8
41.50_-69.50,41.8100,-69.9800,23,19.2207,8
41.50_-69.50,41.8100,-69.9800,24,19.1557,8
41.50_-69.50,41.8100,-69.9800,25,19.0990,8
41.50_-69.50,41.8100,-69.9800,26,19.0880,8
41.50_-69.50,41.8100,-69.9800,27,19.0519,8
41.50_-69.50,41.8100,-69.9800,28,19.0143,8
41.50_-69.50,41.8100,-69.9800,29,18.9522,8
41.50_-69.50,41.8100,-69.9800,30,18.8596,8
41.50_-69.50,41.8100,-69.9800,31,18.7754,8
41.50_-69.50,41.8100,-69.9800,32,18.6965,8
41.50_-69.50,41.8100,-69.9800,33,18.5928,8
41.50_-69.50,41.8100,-69.9800,34,18.5143,8
41.50_-69.50,41.8100,-69.9800,35,18.4236,8
41.50_-69.50,41.8100,-69.9800,36,18.3469,8
41.50_-69.50,41.8100,-69.9800,37,18.3284,8
41.50_-69.50,41.8100,-69.9800,38,18.2464,8
41.50_-69.50,41.8100,-69.9800,39,18.1375,8
41.50_-69.50,41.8100,-69.9800,40,18.0631,8
41.50_-69.50,41.8100,-69.9800,41,17.9963,8
41.50_-69.50,41.8100,-69.9800,42,17.9256,8
41.50_-69.50,41.8100,-69.9800,43,17.8509,8
41.50_-69.50,41.8100,-69.9800,44,17.7861,8
41.50_-69.50,41.8100,-69.9800,45,17.7003,8
41.50_-69.50,41.8100,-69.9800,46,17.6147,8
41.50_-69.50,41.8100,-69.9800,47,17.5178,8
41.50_-69.50,41.8100,-69.9800,48,17.4047,8
41.50_-69.50,41.8100,-69.9800,49,17.2944,8
41.50_-69.50,41.8100,-69.9800,50,17.2340,8
41.50_-69.50,41.8100,-69.9800,51,17.1816,8
41.50_-69.50,41.8100,-69.9800,52,17.1243,8
41.50_-69.50,41.8100,-69.9800,53,17.0665,8
41.50_-69.50,41.8100,-69.9800,54,16.9903,8
41.50_-69.50,41.8100,-69.9800,55,16.9095,8
41.50_-69.50,41.8100,-69.9800,56,16.8397,8
41.50_-69.50,41.8100,-69.9800,57,16.7695,8
41.50_-69.50,41.8100,-69.9800,58,16.6897,8
41.50_-69.50,41.8100,-69.9800,59,16.5985,8
41.50_-69.50,41.8100,-69.9800,60,16.5210,8
41.50_-69.50,41.8100,-69.9800,61,16.4580,8
41.50_-69.50,41.8100,-69.9800,62,16.4069,8
41.50_-69.50,41.8100,-69.9800,63,16.3073,8
41.50_-69.50,41.8100,-69.9800,64,16.2053,8
41.50_-69.50,41.8100,-69.9800,65,16.1117,8
41.50_-69.50,41.8100,-69.9800,66,16.0625,8
41.50_-69.50,41.8100,-69.9800,67,16.0162,8
41.50_-69.50,41.8100,-69.9800,68,15.9767,8
41.50_-69.50,41.8100,-69.9800,69,15.8944,8
41.50_-69.50,41.8100,-69.9800,70,15.7984,8
41.50_-69.50,41.8100,-69.9800,71,15.7329,8
41.50_-69.50,41.8100,-69.9800,72,15.6627,8
41.50_-69.50,41.8100,-69.9800,73,15.5911,8
41.50_-69.50,41.8100,-69.9800,74,15.4824,8
41.50_-69.50,41.8100,-69.9800,75,15.3520,8
41.50_-69.50,41.8100,-69.9800,76,15.2363,8
41.50_-69.50,41.8100,-69.9800,77,15.1458,8
41.50_-69.50,41.8100,-69.9800,78,15.0417,8
41.50_-69.50,41.8100,-69.9800,79,14.9476,8
41.50_-69.50,41.8100,-69.9800,80,14.8428,8
41.50_-69.50,41.8100,-69.9800,81,14.7427,8
41.50_-69.50,41.8100,-69.9800,82,14.6454,8
41.50_-69.50,41.8100,-69.9800,83,14.5524,8
41.50_-69.50,41.8100,-69.9800,84,14.4429,8
41.50_-69.50,41.8100,-69.9800,85,14.3406,8
41.50_-69.50,41.8100,-69.9800,86,14.2503,8
41.50_-69.50,41.8100,-69.9800,87,14.1810,8
41.50_-69.50,41.8100,-69.9800,88,14.1126,8
41.50_-69.50,41.8100,-69.9800,89,14.0219,8
41.50_-69.50,41.8100,-69.9800,90,13.9172,8
41.50_-69.50,41.8100,-69.9800,91,13.8210,8
41.50_-70.50,41.8000,-70.5600,0,,0
41.50_-70.50,41.8000,-70.5600,1,19.7500,8
41.50_-70.50,41.8000,-70.5600,2,19.5812,8
41.50_-70.50,41.8000,-70.5600,3,19.7333,8
41.50_-70.50,41.8000,-70.5600,4,20.0906,8
41.50_-70.50,41.8000,-70.5600,5,20.2250,8
41.50_-70.50,41.8000,-70.5600,6,20.4042,8
41.50_-70.50,41.8000,-70.5600,7,20.3696,8
41.50_-70.50,41.8000,-70.5600,8,20.2594,8
41.50_-70.50,41.8000,-70.5600,9,20.1778,8
41.50_-70.50,41.8000,-70.5600,10,20.1438,8
41.50_-70.50,41.8000,-70.5600,11,20.1420,8
41.50_-70.50,41.8000,-70.5600,12,20.0812,8
41.50_-70.50,41.8000,-70.5600,13,20.0231,8
41.50_-70.50,41.8000,-70.5600,14,19.9938,8
41.50_-70.50,41.8000,-70.5600,15,19.9125,8
41.50_-70.50,41.8000,-70.5600,16,19.7898,8
41.50_-70.50,41.8000,-70.5600,17,19.7059,8
41.50_-70.50,41.8000,-70.5600,18,19.6479,8
41.50_-70.50,41.8000,-70.5600,19,19.5487,8
41.50_-70.50,41.8000,-70.5600,20,19.3975,8
41.50_-70.50,41.8000,-70.5600,21,19.2685,8
41.50_-70.50,41.8000,-70.5600,22,19.2034,8
41.50_-70.50,41.8000,-70.5600,23,19.1266,8
41.50_-70.50,41.8000,-70.5600,24,19.0568,8
41.50_-70.50,41.8000,-70.5600,25,18.9870,8
41.50_-70.50,41.8000,-70.5600,26,18.9822,8
41.50_-70.50,41.8000,-70.5600,27,18.9440,8
41.50_-70.50,41.8000,-70.5600,28,18.9013,8
41.50_-70.50,41.8000,-70.5600,29,18.8310,8
41.50_-70.50,41.8000,-70.5600,30,18.7208,8
41.50_-70.50,41.8000,-70.5600,31,18.6230,8
41.50_-70.50,41.8000,-70.5600,32,18.5367,8
41.50_-70.50,41.8000,-70.5600,33,18.4220,8
41.50_-70.50,41.8000,-70.5600,34,18.3482,8
41.50_-70.50,41.8000,-70.5600,35,18.2579,8
41.50_-70.50,41.8000,-70.5600,36,18.1837,8
41.50_-70.50,41.8000,-70.5600,37,18.1703,8
41.50_-70.50,41.8000,-70.5600,38,18.0770,8
41.50_-70.50,41.8000,-70.5600,39,17.9529,8
41.50_-70.50,41.8000,-70.5600,40,17.8606,8
41.50_-70.50,41.8000,-70.5600,41,17.7860,8
41.50_-70.50,41.8000,-70.5600,42,17.7071,8
41.50_-70.50,41.8000,-70.5600,43,17.6160,8
41.50_-70.50,41.8000,-70.5600,44,17.5344,8
41.50_-70.50,41.8000,-70.5600,45,17.4439,8
41.50_-70.50,41.8000,-70.5600,46,17.3541,8
41.50_-70.50,41.8000,-70.5600,47,17.2394,8
41.50_-70.50,41.8000,-70.5600,48,17.1112,8
41.50_-70.50,41.8000,-70.5600,49,16.9855,8
41.50_-70.50,41.8000,-70.5600,50,16.9188,8
41.50_-70.50,41.8000,-70.5600,51,16.8596,8
41.50_-70.50,41.8000,-70.5600,52,16.7981,8
41.50_-70.50,41.8000,-70.5600,53,16.7349,8
41.50_-70.50,41.8000,-70.5600,54,16.6477,8
41.50_-70.50,41.8000,-70.5600,55,16.5611,8
41.50_-70.50,41.8000,-70.5600,56,16.4873,8
41.50_-70.50,41.8000,-70.5600,57,16.4066,8
41.50_-70.50,41.8000,-70.5600,58,16.3198,8
41.50_-70.50,41.8000,-70.5600,59,16.2212,8
41.50_-70.50,41.8000,-70.5600,60,16.1400,8
41.50_-70.50,41.8000,-70.5600,61,16.0715,8
41.50_-70.50,41.8000,-70.5600,62,16.0155,8
41.50_-70.50,41.8000,-70.5600,63,15.9012,8
41.50_-70.50,41.8000,-70.5600,64,15.7842,8
41.50_-70.50,41.8000,-70.5600,65,15.6752,8
41.50_-70.50,41.8000,-70.5600,66,15.6233,8
41.50_-70.50,41.8000,-70.5600,67,15.5729,8
41.50_-70.50,41.8000,-70.5600,68,15.5279,8
41.50_-70.50,41.8000,-70.5600,69,15.4373,8
41.50_-70.50,41.8000,-70.5600,70,15.3295,8
41.50_-70.50,41.8000,-70.5600,71,15.2523,8
41.50_-70.50,41.8000,-70.5600,72,15.1776,8
41.50_-70.50,41.8000,-70.5600,73,15.1003,8
41.50_-70.50,41.8000,-70.5600,74,14.9802,8
41.50_-70.50,41.8000,-70.5600,75,14.8368,8
41.50_-70.50,41.8000,-70.5600,76,14.7018,8
41.50_-70.50,41.8000,-70.5600,77,14.6047,8
41.50_-70.50,41.8000,-70.5600,78,14.4957,8
41.50_-70.50,41.8000,-70.5600,79,14.3949,8
41.50_-70.50,41.8000,-70.5600,80,14.2791,8
41.50_-70.50,41.8000,-70.5600,81,14.1622,8
41.50_-70.50,41.8000,-70.5600,82,14.0558,8
41.50_-70.50,41.8000,-70.5600,83,13.9559,8
41.50_-70.50,41.8000,-70.5600,84,13.8336,8
41.50_-70.50,41.8000,-70.5600,85,13.7207,8
41.50_-70.50,41.8000,-70.5600,86,13.6241,8
41.50_-70.50,41.8000,-70.5600,87,13.5537,8
41.50_-70.50,41.8000,-70.5600,88,13.4835,8
41.50_-70.50,41.8000,-70.5600,89,13.3889,8
41.50_-70.50,41.8000,-70.5600,90,13.2728,8
41.50_-70.50,41.8000,-70.5600,91,13.1677,8
41.50_-71.50,41.7700,-71.3700,0,,0
41.50_-71.50,41.7700,-71.3700,1,19.9875,8
41.50_-71.50,41.7700,-71.3700,2,19.8812,8
41.50_-71.50,41.7700,-71.3700,3,20.1833,8
41.50_-71.50,41.7700,-71.3700,4,20.6250,8
41.50_-71.50,41.7700,-71.3700,5,20.7625,8
41.50_-71.50,41.7700,-71.3700,6,20.9021,8
41.50_-71.50,41.7700,-71.3700,7,20.8000,8
41.50_-71.50,41.7700,-71.3700,8,20.6406,8
41.50_-71.50,41.7700,-71.3700,9,20.4792,8
41.50_-71.50,41.7700,-71.3700,10,20.4113,8
41.50_-71.50,41.7700,-71.3700,11,20.4011,8
41.50_-71.50,41.7700,-71.3700,12,20.3385,8
41.50_-71.50,41.7700,-71.3700,13,20.2683,8
41.50_-71.50,41.7700,-71.3700,14,20.2536,8
41.50_-71.50,41.7700,-71.3700,15,20.1850,8
41.50_-71.50,41.7700,-71.3700,16,20.0750,8
41.50_-71.50,41.7700,-71.3700,17,19.9919,8
41.50_-71.50,41.7700,-71.3700,18,19.9444,8
41.50_-71.50,41.7700,-71.3700,19,19.8493,8
41.50_-71.50,41.7700,-71.3700,20,19.6862,8
41.50_-71.50,41.7700,-71.3700,21,19.5327,8
41.50_-71.50,41.7700,-71.3700,22,19.4483,8
41.50_-71.50,41.7700,-71.3700,23,19.3674,8
41.50_-71.50,41.7700,-71.3700,24,19.2812,8
41.50_-71.50,41.7700,-71.3700,25,19.2025,8
41.50_-71.50,41.7700,-71.3700,26,19.1904,8
41.50_-71.50,41.7700,-71.3700,27,19.1454,8
41.50_-71.50,41.7700,-71.3700,28,19.1018,8
41.50_-71.50,41.7700,-71.3700,29,19.0328,8
41.50_-71.50,41.7700,-71.3700,30,18.9221,8
41.50_-71.50,41.7700,-71.3700,31,18.8133,8
41.50_-71.50,41.7700,-71.3700,32,18.7188,8
41.50_-71.50,41.7700,-71.3700,33,18.6080,8
41.50_-71.50,41.7700,-71.3700,34,18.5283,8
41.50_-71.50,41.7700,-71.3700,35,18.4296,8
41.50_-71.50,41.7700,-71.3700,36,18.3622,8
41.50_-71.50,41.7700,-71.3700,37,18.3574,8
41.50_-71.50,41.7700,-71.3700,38,18.2589,8
41.50_-71.50,41.7700,-71.3700,39,18.1301,8
41.50_-71.50,41.7700,-71.3700,40,18.0312,8
41.50_-71.50,41.7700,-71.3700,41,17.9567,8
41.50_-71.50,41.7700,-71.3700,42,17.8741,8
41.50_-71.50,41.7700,-71.3700,43,17.7709,8
41.50_-71.50,41.7700,-71.3700,44,17.6898,8
41.50_-71.50,41.7700,-71.3700,45,17.5989,8
41.50_-71.50,41.7700,-71.3700,46,17.5027,8
41.50_-71.50,41.7700,-71.3700,47,17.3729,8
41.50_-71.50,41.7700,-71.3700,48,17.2339,8
41.50_-71.50,41.7700,-71.3700,49,17.1020,8
41.50_-71.50,41.7700,-71.3700,50,17.0315,8
41.50_-71.50,41.7700,-71.3700,51,16.9637,8
41.50_-71.50,41.7700,-71.3700,52,16.9038,8
41.50_-71.50,41.7700,-71.3700,53,16.8321,8
41.50_-71.50,41.7700,-71.3700,54,16.7447,8
41.50_-71.50,41.7700,-71.3700,55,16.6523,8
41.50_-71.50,41.7700,-71.3700,56,16.5781,8
41.50_-71.50,41.7700,-71.3700,57,16.4879,8
41.50_-71.50,41.7700,-71.3700,58,16.3828,8
41.50_-71.50,41.7700,-71.3700,59,16.2706,8
41.50_-71.50,41.7700,-71.3700,60,16.1754,8
41.50_-71.50,41.7700,-71.3700,61,16.0998,8
41.50_-71.50,41.7700,-71.3700,62,16.0355,8
41.50_-71.50,41.7700,-71.3700,63,15.9260,8
41.50_-71.50,41.7700,-71.3700,64,15.8043,8
41.50_-71.50,41.7700,-71.3700,65,15.6881,8
41.50_-71.50,41.7700,-71.3700,66,15.6244,8
41.50_-71.50,41.7700,-71.3700,67,15.5687,8
41.50_-71.50,41.7700,-71.3700,68,15.5221,8
41.50_-71.50,41.7700,-71.3700,69,15.4284,8
41.50_-71.50,41.7700,-71.3700,70,15.3123,8
41.50_-71.50,41.7700,-71.3700,71,15.2322,8
41.50_-71.50,41.7700,-71.3700,72,15.1531,8
41.50_-71.50,41.7700,-71.3700,73,15.0685,8
41.50_-71.50,41.7700,-71.3700,74,14.9422,8
41.50_-71.50,41.7700,-71.3700,75,14.7932,8
41.50_-71.50,41.7700,-71.3700,76,14.6505,8
41.50_-71.50,41.7700,-71.3700,77,14.5455,8
41.50_-71.50,41.7700,-71.3700,78,14.4304,8
41.50_-71.50,41.7700,-71.3700,79,14.3241,8
41.50_-71.50,41.7700,-71.3700,80,14.2048,8
41.50_-71.50,41.7700,-71.3700,81,14.0795,8
41.50_-71.50,41.7700,-71.3700,82,13.9636,8
41.50_-71.50,41.7700,-71.3700,83,13.8574,8
41.50_-71.50,41.7700,-71.3700,84,13.7335,8
41.50_-71.50,41.7700,-71.3700,85,13.6157,8
41.50_-71.50,41.7700,-71.3700,86,13.5173,8
41.50_-71.50,41.7700,-71.3700,87,13.4435,8
41.50_-71.50,41.7700,-71.3700,88,13.3688,8
41.50_-71.50,41.7700,-71.3700,89,13.2750,8
41.50_-71.50,41.7700,-71.3700,90,13.1572,8
41.50_-71.50,41.7700,-71.3700,91,13.0521,8
41.50_-72.50,41.4900,-72.6400,0,,0
41.50_-72.50,41.4900,-72.6400,1,19.4250,8
41.50_-72.50,41.4900,-72.6400,2,19.2875,8
41.50_-72.50,41.4900,-72.6400,3,19.6667,8
41.50_-72.50,41.4900,-72.6400,4,20.1469,8
41.50_-72.50,41.4900,-72.6400,5,20.3300,8
41.50_-72.50,41.4900,-72.6400,6,20.4875,8
41.50_-72.50,41.4900,-72.6400,7,20.3464,8
41.50_-72.50,41.4900,-72.6400,8,20.1812,8
41.50_-72.50,41.4900,-72.6400,9,19.9972,8
41.50_-72.50,41.4900,-72.6400,10,19.8725,8
41.50_-72.50,41.4900,-72.6400,11,19.8466,8
41.50_-72.50,41.4900,-72.6400,12,19.8146,8
41.50_-72.50,41.4900,-72.6400,13,19.7808,8
41.50_-72.50,41.4900,-72.6400,14,19.7598,8
41.50_-72.50,41.4900,-72.6400,15,19.6900,8
41.50_-72.50,41.4900,-72.6400,16,19.5938,8
41.50_-72.50,41.4900,-72.6400,17,19.5199,8
41.50_-72.50,41.4900,-72.6400,18,19.4785,8
41.50_-72.50,41.4900,-72.6400,19,19.3941,8
41.50_-72.50,41.4900,-72.6400,20,19.2450,8
41.50_-72.50,41.4900,-72.6400,21,19.0982,8
41.50_-72.50,41.4900,-72.6400,22,19.0062,8
41.50_-72.50,41.4900,-72.6400,23,18.9234,8
41.50_-72.50,41.4900,-72.6400,24,18.8255,8
41.50_-72.50,41.4900,-72.6400,25,18.7405,8
41.50_-72.50,41.4900,-72.6400,26,18.7231,8
41.50_-72.50,41.4900,-72.6400,27,18.6736,8
41.50_-72.50,41.4900,-72.6400,28,18.6259,8
41.50_-72.50,41.4900,-72.6400,29,18.5427,8
41.50_-72.50,41.4900,-72.6400,30,18.4317,8
41.50_-72.50,41.4900,-72.6400,31,18.3383,8
41.50_-72.50,41.4900,-72.6400,32,18.2496,8
41.50_-72.50,41.4900,-72.6400,33,18.1436,8
41.50_-72.50,41.4900,-72.6400,34,18.0647,8
41.50_-72.50,41.4900,-72.6400,35,17.9743,8
41.50_-72.50,41.4900,-72.6400,36,17.9146,8
41.50_-72.50,41.4900,-72.6400,37,17.9105,8
41.50_-72.50,41.4900,-72.6400,38,17.8099,8
41.50_-72.50,41.4900,-72.6400,39,17.6721,8
41.50_-72.50,41.4900,-72.6400,40,17.5644,8
41.50_-72.50,41.4900,-72.6400,41,17.4924,8
41.50_-72.50,41.4900,-72.6400,42,17.3997,8
41.50_-72.50,41.4900,-72.6400,43,17.2916,8
41.50_-72.50,41.4900,-72.6400,44,17.1974,8
41.50_-72.50,41.4900,-72.6400,45,17.1008,8
41.50_-72.50,41.4900,-72.6400,46,16.9905,8
41.50_-72.50,41.4900,-72.6400,47,16.8516,8
41.50_-72.50,41.4900,-72.6400,48,16.7008,8
41.50_-72.50,41.4900,-72.6400,49,16.5760,8
41.50_-72.50,41.4900,-72.6400,50,16.5058,8
41.50_-72.50,41.4900,-72.6400,51,16.4348,8
41.50_-72.50,41.4900,-72.6400,52,16.3740,8
41.50_-72.50,41.4900,-72.6400,53,16.2995,8
41.50_-72.50,41.4900,-72.6400,54,16.2086,8
41.50_-72.50,41.4900,-72.6400,55,16.1234,8
41.50_-72.50,41.4900,-72.6400,56,16.0484,8
41.50_-72.50,41.4900,-72.6400,57,15.9557,8
41.50_-72.50,41.4900,-72.6400,58,15.8519,8
41.50_-72.50,41.4900,-72.6400,59,15.7381,8
41.50_-72.50,41.4900,-72.6400,60,15.6446,8
41.50_-72.50,41.4900,-72.6400,61,15.5742,8
41.50_-72.50,41.4900,-72.6400,62,15.5012,8
41.50_-72.50,41.4900,-72.6400,63,15.3899,8
41.50_-72.50,41.4900,-72.6400,64,15.2697,8
41.50_-72.50,41.4900,-72.6400,65,15.1565,8
41.50_-72.50,41.4900,-72.6400,66,15.0905,8
41.50_-72.50,41.4900,-72.6400,67,15.0306,8
41.50_-72.50,41.4900,-72.6400,68,14.9800,8
41.50_-72.50,41.4900,-72.6400,69,14.8817,8
41.50_-72.50,41.4900,-72.6400,70,14.7705,8
41.50_-72.50,41.4900,-72.6400,71,14.6849,8
41.50_-72.50,41.4900,-72.6400,72,14.6075,8
41.50_-72.50,41.4900,-72.6400,73,14.5180,8
41.50_-72.50,41.4900,-72.6400,74,14.3828,8
41.50_-72.50,41.4900,-72.6400,75,14.2313,8
41.50_-72.50,41.4900,-72.6400,76,14.0895,8
41.50_-72.50,41.4900,-72.6400,77,13.9773,8
41.50_-72.50,41.4900,-72.6400,78,13.8596,8
41.50_-72.50,41.4900,-72.6400,79,13.7479,8
41.50_-72.50,41.4900,-72.6400,80,13.6264,8
41.50_-72.50,41.4900,-72.6400,81,13.4995,8
41.50_-72.50,41.4900,-72.6400,82,13.3848,8
41.50_-72.50,41.4900,-72.6400,83,13.2729,8
41.50_-72.50,41.4900,-72.6400,84,13.1478,8
41.50_-72.50,41.4900,-72.6400,85,13.0315,8
41.50_-72.50,41.4900,-72.6400,86,12.9350,8
41.50_-72.50,41.4900,-72.6400,87,12.8677,8
41.50_-72.50,41.4900,-72.6400,88,12.7908,8
41.50_-72.50,41.4900,-72.6400,89,12.6914,8
41.50_-72.50,41.4900,-72.6400,90,12.5689,8
41.50_-72.50,41.4900,-72.6400,91,12.4611,8
41.50_-73.50,41.3100,-73.6500,0,,0
41.50_-73.50,41.3100,-73.6500,1,19.5750,8
41.50_-73.50,41.3100,-73.6500,2,19.3937,8
41.50_-73.50,41.3100,-73.6500,3,19.7208,8
41.50_-73.50,41.3100,-73.6500,4,20.1562,8
41.50_-73.50,41.3100,-73.6500,5,20.3275,8
41.50_-73.50,41.3100,-73.6500,6,20.4479,8
41.50_-73.50,41.3100,-73.6500,7,20.2839,8
41.50_-73.50,41.3100,-73.6500,8,20.0938,8
41.50_-73.50,41.3100,-73.6500,9,19.9014,8
41.50_-73.50,41.3100,-73.6500,10,19.7487,8
41.50_-73.50,41.3100,-73.6500,11,19.7273,8
41.50_-73.50,41.3100,-73.6500,12,19.7260,8
41.50_-73.50,41.3100,-73.6500,13,19.7173,8
41.50_-73.50,41.3100,-73.6500,14,19.6991,8
41.50_-73.50,41.3100,-73.6500,15,19.6317,8
41.50_-73.50,41.3100,-73.6500,16,19.5344,8
41.50_-73.50,41.3100,-73.6500,17,19.4618,8
41.50_-73.50,41.3100,-73.6500,18,19.4201,8
41.50_-73.50,41.3100,-73.6500,19,19.3441,8
41.50_-73.50,41.3100,-73.6500,20,19.2200,8
41.50_-73.50,41.3100,-73.6500,21,19.1113,8
41.50_-73.50,41.3100,-73.6500,22,19.0352,8
41.50_-73.50,41.3100,-73.6500,23,18.9522,8
41.50_-73.50,41.3100,-73.6500,24,18.8427,8
41.50_-73.50,41.3100,-73.6500,25,18.7550,8
41.50_-73.50,41.3100,-73.6500,26,18.7221,8
41.50_-73.50,41.3100,-73.6500,27,18.6718,8
41.50_-73.50,41.3100,-73.6500,28,18.6196,8
41.50_-73.50,41.3100,-73.6500,29,18.5302,8
41.50_-73.50,41.3100,-73.6500,30,18.4254,8
41.50_-73.50,41.3100,-73.6500,31,18.3415,8
41.50_-73.50,41.3100,-73.6500,32,18.2652,8
41.50_-73.50,41.3100,-73.6500,33,18.1614,8
41.50_-73.50,41.3100,-73.6500,34,18.0882,8
41.50_-73.50,41.3100,-73.6500,35,18.0039,8
41.50_-73.50,41.3100,-73.6500,36,17.9514,8
41.50_-73.50,41.3100,-73.6500,37,17.9365,8
41.50_-73.50,41.3100,-73.6500,38,17.8329,8
41.50_-73.50,41.3100,-73.6500,39,17.6990,8
41.50_-73.50,41.3100,-73.6500,40,17.6009,8
41.50_-73.50,41.3100,-73.6500,41,17.5290,8
41.50_-73.50,41.3100,-73.6500,42,17.4348,8
41.50_-73.50,41.3100,-73.6500,43,17.3262,8
41.50_-73.50,41.3100,-73.6500,44,17.2205,8
41.50_-73.50,41.3100,-73.6500,45,17.1222,8
41.50_-73.50,41.3100,-73.6500,46,17.0027,8
41.50_-73.50,41.3100,-73.6500,47,16.8580,8
41.50_-73.50,41.3100,-73.6500,48,16.7107,8
41.50_-73.50,41.3100,-73.6500,49,16.5936,8
41.50_-73.50,41.3100,-73.6500,50,16.5188,8
41.50_-73.50,41.3100,-73.6500,51,16.4449,8
41.50_-73.50,41.3100,-73.6500,52,16.3774,8
41.50_-73.50,41.3100,-73.6500,53,16.2988,8
41.50_-73.50,41.3100,-73.6500,54,16.2049,8
41.50_-73.50,41.3100,-73.6500,55,16.1157,8
41.50_-73.50,41.3100,-73.6500,56,16.0411,8
41.50_-73.50,41.3100,-73.6500,57,15.9474,8
41.50_-73.50,41.3100,-73.6500,58,15.8491,8
41.50_-73.50,41.3100,-73.6500,59,15.7362,8
41.50_-73.50,41.3100,-73.6500,60,15.6454,8
41.50_-73.50,41.3100,-73.6500,61,15.5748,8
41.50_-73.50,41.3100,-73.6500,62,15.4976,8
41.50_-73.50,41.3100,-73.6500,63,15.3873,8
41.50_-73.50,41.3100,-73.6500,64,15.2686,8
41.50_-73.50,41.3100,-73.6500,65,15.1579,8
41.50_-73.50,41.3100,-73.6500,66,15.0873,8
41.50_-73.50,41.3100,-73.6500,67,15.0250,8
41.50_-73.50,41.3100,-73.6500,68,14.9724,8
41.50_-73.50,41.3100,-73.6500,69,14.8772,8
41.50_-73.50,41.3100,-73.6500,70,14.7718,8
41.50_-73.50,41.3100,-73.6500,71,14.6838,8
41.50_-73.50,41.3100,-73.6500,72,14.6035,8
41.50_-73.50,41.3100,-73.6500,73,14.5077,8
41.50_-73.50,41.3100,-73.6500,74,14.3721,8
41.50_-73.50,41.3100,-73.6500,75,14.2238,8
41.50_-73.50,41.3100,-73.6500,76,14.0827,8
41.50_-73.50,41.3100,-73.6500,77,13.9669,8
41.50_-73.50,41.3100,-73.6500,78,13.8455,8
41.50_-73.50,41.3100,-73.6500,79,13.7296,8
41.50_-73.50,41.3100,-73.6500,80,13.6048,8
41.50_-73.50,41.3100,-73.6500,81,13.4798,8
41.50_-73.50,41.3100,-73.6500,82,13.3662,8
41.50_-73.50,41.3100,-73.6500,83,13.2470,8
41.50_-73.50,41.3100,-73.6500,84,13.1208,8
41.50_-73.50,41.3100,-73.6500,85,13.0054,8
41.50_-73.50,41.3100,-73.6500,86,12.9119,8
41.50_-73.50,41.3100,-73.6500,87,12.8448,8
41.50_-73.50,41.3100,-73.6500,88,12.7635,8
41.50_-73.50,41.3100,-73.6500,89,12.6581,8
41.50_-73.50,41.3100,-73.6500,90,12.5331,8
41.50_-73.50,41.3100,-73.6500,91,12.4223,8
41.50_-74.50,41.3300,-74.3900,0,,0
41.50_-74.50,41.3300,-74.3900,1,19.3125,8
41.50_-74.50,41.3300,-74.3900,2,19.2875,8
41.50_-74.50,41.3300,-74.3900,3,19.6250,8
41.50_-74.50,41.3300,-74.3900,4,20.0500,8
41.50_-74.50,41.3300,-74.3900,5,20.1950,8
41.50_-74.50,41.3300,-74.3900,6,20.3167,8
41.50_-74.50,41.3300,-74.3900,7,20.1625,8
41.50_-74.50,41.3300,-74.3900,8,19.9609,8
41.50_-74.50,41.3300,-74.3900,9,19.7403,8
41.50_-74.50,41.3300,-74.3900,10,19.5750,8
41.50_-74.50,41.3300,-74.3900,11,19.5159,8
41.50_-74.50,41.3300,-74.3900,12,19.4948,8
41.50_-74.50,41.3300,-74.3900,13,19.5202,8
41.50_-74.50,41.3300,-74.3900,14,19.5027,8
41.50_-74.50,41.3300,-74.3900,15,19.4400,8
41.50_-74.50,41.3300,-74.3900,16,19.3477,8
41.50_-74.50,41.3300,-74.3900,17,19.2801,8
41.50_-74.50,41.3300,-74.3900,18,19.2375,8
41.50_-74.50,41.3300,-74.3900,19,19.1395,8
41.50_-74.50,41.3300,-74.3900,20,18.9962,8
41.50_-74.50,41.3300,-74.3900,21,18.8821,8
41.50_-74.50,41.3300,-74.3900,22,18.8165,8
41.50_-74.50,41.3300,-74.3900,23,18.7375,8
41.50_-74.50,41.3300,-74.3900,24,18.6229,8
41.50_-74.50,41.3300,-74.3900,25,18.5310,8
41.50_-74.50,41.3300,-74.3900,26,18.5005,8
41.50_-74.50,41.3300,-74.3900,27,18.4338,8
41.50_-74.50,41.3300,-74.3900,28,18.3888,8
41.50_-74.50,41.3300,-74.3900,29,18.3013,8
41.50_-74.50,41.3300,-74.3900,30,18.1858,8
41.50_-74.50,41.3300,-74.3900,31,18.1036,8
41.50_-74.50,41.3300,-74.3900,32,18.0258,8
41.50_-74.50,41.3300,-74.3900,33,17.9208,8
41.50_-74.50,41.3300,-74.3900,34,17.8390,8
41.50_-74.50,41.3300,-74.3900,35,17.7454,8
41.50_-74.50,41.3300,-74.3900,36,17.6986,8
41.50_-74.50,41.3300,-74.3900,37,17.6922,8
41.50_-74.50,41.3300,-74.3900,38,17.5832,8
41.50_-74.50,41.3300,-74.3900,39,17.4542,8
41.50_-74.50,41.3300,-74.3900,40,17.3544,8
41.50_-74.50,41.3300,-74.3900,41,17.2774,8
41.50_-74.50,41.3300,-74.3900,42,17.1777,8
41.50_-74.50,41.3300,-74.3900,43,17.0599,8
41.50_-74.50,41.3300,-74.3900,44,16.9460,8
41.50_-74.50,41.3300,-74.3900,45,16.8508,8
41.50_-74.50,41.3300,-74.3900,46,16.7277,8
41.50_-74.50,41.3300,-74.3900,47,16.5726,8
41.50_-74.50,41.3300,-74.3900,48,16.4151,8
41.50_-74.50,41.3300,-74.3900,49,16.2898,8
41.50_-74.50,41.3300,-74.3900,50,16.2110,8
41.50_-74.50,41.3300,-74.3900,51,16.1319,8
41.50_-74.50,41.3300,-74.3900,52,16.0637,8
41.50_-74.50,41.3300,-74.3900,53,15.9906,8
41.50_-74.50,41.3300,-74.3900,54,15.8931,8
41.50_-74.50,41.3300,-74.3900,55,15.7993,8
41.50_-74.50,41.3300,-74.3900,56,15.7212,8
41.50_-74.50,41.3300,-74.3900,57,15.6248,8
41.50_-74.50,41.3300,-74.3900,58,15.5237,8
41.50_-74.50,41.3300,-74.3900,59,15.4104,8
41.50_-74.50,41.3300,-74.3900,60,15.3162,8
41.50_-74.50,41.3300,-74.3900,61,15.2441,8
41.50_-74.50,41.3300,-74.3900,62,15.1698,8
41.50_-74.50,41.3300,-74.3900,63,15.0552,8
41.50_-74.50,41.3300,-74.3900,64,14.9311,8
41.50_-74.50,41.3300,-74.3900,65,14.8167,8
41.50_-74.50,41.3300,-74.3900,66,14.7496,8
41.50_-74.50,41.3300,-74.3900,67,14.6847,8
41.50_-74.50,41.3300,-74.3900,68,14.6267,8
41.50_-74.50,41.3300,-74.3900,69,14.5261,8
41.50_-74.50,41.3300,-74.3900,70,14.4166,8
41.50_-74.50,41.3300,-74.3900,71,14.3241,8
41.50_-74.50,41.3300,-74.3900,72,14.2410,8
41.50_-74.50,41.3300,-74.3900,73,14.1426,8
41.50_-74.50,41.3300,-74.3900,74,14.0020,8
41.50_-74.50,41.3300,-74.3900,75,13.8500,8
41.50_-74.50,41.3300,-74.3900,76,13.7077,8
41.50_-74.50,41.3300,-74.3900,77,13.5883,8
41.50_-74.50,41.3300,-74.3900,78,13.4625,8
41.50_-74.50,41.3300,-74.3900,79,13.3437,8
41.50_-74.50,41.3300,-74.3900,80,13.2173,8
41.50_-74.50,41.3300,-74.3900,81,13.0944,8
41.50_-74.50,41.3300,-74.3900,82,12.9828,8
41.50_-74.50,41.3300,-74.3900,83,12.8636,8
41.50_-74.50,41.3300,-74.3900,84,12.7363,8
41.50_-74.50,41.3300,-74.3900,85,12.6190,8
41.50_-74.50,41.3300,-74.3900,86,12.5231,8
41.50_-74.50,41.3300,-74.3900,87,12.4553,8
41.50_-74.50,41.3300,-74.3900,88,12.3692,8
41.50_-74.50,41.3300,-74.3900,89,12.2625,8
41.50_-74.50,41.3300,-74.3900,90,12.1362,8
41.50_-74.50,41.3300,-74.3900,91,12.0277,8
41.50_-75.50,41.2400,-75.5500,0,,0
41.50_-75.50,41.2400,-75.5500,1,17.3375,8
41.50_-75.50,41.2400,-75.5500,2,17.2438,8
41.50_-75.50,41.2400,-75.5500,3,17.5792,8
41.50_-75.50,41.2400,-75.5500,4,18.0344,8
41.50_-75.50,41.2400,-75.5500,5,18.1425,8
41.50_-75.50,41.2400,-75.5500,6,18.2417,8
41.50_-75.50,41.2400,-75.5500,7,18.1250,8
41.50_-75.50,41.2400,-75.5500,8,17.9094,8
41.50_-75.50,41.2400,-75.5500,9,17.7056,8
41.50_-75.50,41.2400,-75.5500,10,17.5850,8
41.50_-75.50,41.2400,-75.5500,11,17.5795,8
41.50_-75.50,41.2400,-75.5500,12,17.6135,8
41.50_-75.50,41.2400,-75.5500,13,17.6346,8
41.50_-75.50,41.2400,-75.5500,14,17.6125,8
41.50_-75.50,41.2400,-75.5500,15,17.5400,8
41.50_-75.50,41.2400,-75.5500,16,17.4641,8
41.50_-75.50,41.2400,-75.5500,17,17.4169,8
41.50_-75.50,41.2400,-75.5500,18,17.3771,8
41.50_-75.50,41.2400,-75.5500,19,17.2724,8
41.50_-75.50,41.2400,-75.5500,20,17.1556,8
41.50_-75.50,41.2400,-75.5500,21,17.0685,8
41.50_-75.50,41.2400,-75.5500,22,17.0017,8
41.50_-75.50,41.2400,-75.5500,23,16.8848,8
41.50_-75.50,41.2400,-75.5500,24,16.7531,8
41.50_-75.50,41.2400,-75.5500,25,16.6760,8
41.50_-75.50,41.2400,-75.5500,26,16.6279,8
41.50_-75.50,41.2400,-75.5500,27,16.5616,8
41.50_-75.50,41.2400,-75.5500,28,16.5116,8
41.50_-75.50,41.2400,-75.5500,29,16.4241,8
41.50_-75.50,41.2400,-75.5500,30,16.3154,8
41.50_-75.50,41.2400,-75.5500,31,16.2371,8
41.50_-75.50,41.2400,-75.5500,32,16.1699,8
41.50_-75.50,41.2400,-75.5500,33,16.0792,8
41.50_-75.50,41.2400,-75.5500,34,16.0180,8
41.50_-75.50,41.2400,-75.5500,35,15.9393,8
41.50_-75.50,41.2400,-75.5500,36,15.9024,8
41.50_-75.50,41.2400,-75.5500,37,15.8760,8
41.50_-75.50,41.2400,-75.5500,38,15.7605,8
41.50_-75.50,41.2400,-75.5500,39,15.6250,8
41.50_-75.50,41.2400,-75.5500,40,15.5212,8
41.50_-75.50,41.2400,-75.5500,41,15.4500,8
41.50_-75.50,41.2400,-75.5500,42,15.3476,8
41.50_-75.50,41.2400,-75.5500,43,15.2363,8
41.50_-75.50,41.2400,-75.5500,44,15.1196,8
41.50_-75.50,41.2400,-75.5500,45,15.0189,8
41.50_-75.50,41.2400,-75.5500,46,14.8696,8
41.50_-75.50,41.2400,-75.5500,47,14.6997,8
41.50_-75.50,41.2400,-75.5500,48,14.5354,8
41.50_-75.50,41.2400,-75.5500,49,14.4161,8
41.50_-75.50,41.2400,-75.5500,50,14.3315,8
41.50_-75.50,41.2400,-75.5500,51,14.2547,8
41.50_-75.50,41.2400,-75.5500,52,14.1841,8
41.50_-75.50,41.2400,-75.5500,53,14.1028,8
41.50_-75.50,41.2400,-75.5500,54,13.9914,8
41.50_-75.50,41.2400,-75.5500,55,13.8984,8
41.50_-75.50,41.2400,-75.5500,56,13.8201,8
41.50_-75.50,41.2400,-75.5500,57,13.7186,8
41.50_-75.50,41.2400,-75.5500,58,13.6205,8
41.50_-75.50,41.2400,-75.5500,59,13.5095,8
41.50_-75.50,41.2400,-75.5500,60,13.4217,8
41.50_-75.50,41.2400,-75.5500,61,13.3463,8
41.50_-75.50,41.2400,-75.5500,62,13.2550,8
41.50_-75.50,41.2400,-75.5500,63,13.1327,8
41.50_-75.50,41.2400,-75.5500,64,13.0076,8
41.50_-75.50,41.2400,-75.5500,65,12.9060,8
41.50_-75.50,41.2400,-75.5500,66,12.8398,8
41.50_-75.50,41.2400,-75.5500,67,12.7763,8
41.50_-75.50,41.2400,-75.5500,68,12.7189,8
41.50_-75.50,41.2400,-75.5500,69,12.6181,8
41.50_-75.50,41.2400,-75.5500,70,12.5200,8
41.50_-75.50,41.2400,-75.5500,71,12.4239,8
41.50_-75.50,41.2400,-75.5500,72,12.3413,8
41.50_-75.50,41.2400,-75.5500,73,12.2291,8
41.50_-75.50,41.2400,-75.5500,74,12.0818,8
41.50_-75.50,41.2400,-75.5500,75,11.9232,8
41.50_-75.50,41.2400,-75.5500,76,11.7854,8
41.50_-75.50,41.2400,-75.5500,77,11.6599,8
41.50_-75.50,41.2400,-75.5500,78,11.5322,8
41.50_-75.50,41.2400,-75.5500,79,11.4060,8
41.50_-75.50,41.2400,-75.5500,80,11.2775,8
41.50_-75.50,41.2400,-75.5500,81,11.1580,8
41.50_-75.50,41.2400,-75.5500,82,11.0381,8
41.50_-75.50,41.2400,-75.5500,83,10.9123,8
41.50_-75.50,41.2400,-75.5500,84,10.7777,8
41.50_-75.50,41.2400,-75.5500,85,10.6579,8
41.50_-75.50,41.2400,-75.5500,86,10.5615,8
41.50_-75.50,41.2400,-75.5500,87,10.4934,8
41.50_-75.50,41.2400,-75.5500,88,10.3991,8
41.50_-75.50,41.2400,-75.5500,89,10.2799,8
41.50_-75.50,41.2400,-75.5500,90,10.1453,8
41.50_-75.50,41.2400,-75.5500,91,10.0293,8
41.50_-76.50,41.3100,-76.5300,0,,0
41.50_-76.50,41.3100,-76.5300,1,16.4250,8
41.50_-76.50,41.3100,-76.5300,2,16.4312,8
41.50_-76.50,41.3100,-76.5300,3,16.6333,8
41.50_-76.50,41.3100,-76.5300,4,17.0156,8
41.50_-76.50,41.3100,-76.5300,5,17.1125,8
41.50_-76.50,41.3100,-76.5300,6,17.1833,8
41.50_-76.50,41.3100,-76.5300,7,17.0875,8
41.50_-76.50,41.3100,-76.5300,8,16.8641,8
41.50_-76.50,41.3100,-76.5300,9,16.6486,8
41.50_-76.50,41.3100,-76.5300,10,16.5562,8
41.50_-76.50,41.3100,-76.5300,11,16.5443,8
41.50_-76.50,41.3100,-76.5300,12,16.5635,8
41.50_-76.50,41.3100,-76.5300,13,16.5846,8
41.50_-76.50,41.3100,-76.5300,14,16.5643,8
41.50_-76.50,41.3100,-76.5300,15,16.4942,8
41.50_-76.50,41.3100,-76.5300,16,16.4461,8
41.50_-76.50,41.3100,-76.5300,17,16.4029,8
41.50_-76.50,41.3100,-76.5300,18,16.3764,8
41.50_-76.50,41.3100,-76.5300,19,16.2750,8
41.50_-76.50,41.3100,-76.5300,20,16.1650,8
41.50_-76.50,41.3100,-76.5300,21,16.0982,8
41.50_-76.50,41.3100,-76.5300,22,16.0335,8
41.50_-76.50,41.3100,-76.5300,23,15.9130,8
41.50_-76.50,41.3100,-76.5300,24,15.7849,8
41.50_-76.50,41.3100,-76.5300,25,15.7090,8
41.50_-76.50,41.3100,-76.5300,26,15.6438,8
41.50_-76.50,41.3100,-76.5300,27,15.5671,8
41.50_-76.50,41.3100,-76.5300,28,15.5281,8
41.50_-76.50,41.3100,-76.5300,29,15.4448,8
41.50_-76.50,41.3100,-76.5300,30,15.3408,8
41.50_-76.50,41.3100,-76.5300,31,15.2621,8
41.50_-76.50,41.3100,-76.5300,32,15.1922,8
41.50_-76.50,41.3100,-76.5300,33,15.0890,8
41.50_-76.50,41.3100,-76.5300,34,15.0136,8
41.50_-76.50,41.3100,-76.5300,35,14.9350,8
41.50_-76.50,41.3100,-76.5300,36,14.8965,8
41.50_-76.50,41.3100,-76.5300,37,14.8527,8
41.50_-76.50,41.3100,-76.5300,38,14.7421,8
41.50_-76.50,41.3100,-76.5300,39,14.6109,8
41.50_-76.50,41.3100,-76.5300,40,14.5091,8
41.50_-76.50,41.3100,-76.5300,41,14.4393,8
41.50_-76.50,41.3100,-76.5300,42,14.3443,8
41.50_-76.50,41.3100,-76.5300,43,14.2294,8
41.50_-76.50,41.3100,-76.5300,44,14.1017,8
41.50_-76.50,41.3100,-76.5300,45,13.9975,8
41.50_-76.50,41.3100,-76.5300,46,13.8435,8
41.50_-76.50,41.3100,-76.5300,47,13.6742,8
41.50_-76.50,41.3100,-76.5300,48,13.5112,8
41.50_-76.50,41.3100,-76.5300,49,13.3827,8
41.50_-76.50,41.3100,-76.5300,50,13.2922,8
41.50_-76.50,41.3100,-76.5300,51,13.2083,8
41.50_-76.50,41.3100,-76.5300,52,13.1312,8
41.50_-76.50,41.3100,-76.5300,53,13.0420,8
41.50_-76.50,41.3100,-76.5300,54,12.9292,8
41.50_-76.50,41.3100,-76.5300,55,12.8284,8
41.50_-76.50,41.3100,-76.5300,56,12.7417,8
41.50_-76.50,41.3100,-76.5300,57,12.6414,8
41.50_-76.50,41.3100,-76.5300,58,12.5429,8
41.50_-76.50,41.3100,-76.5300,59,12.4373,8
41.50_-76.50,41.3100,-76.5300,60,12.3458,8
41.50_-76.50,41.3100,-76.5300,61,12.2639,8
41.50_-76.50,41.3100,-76.5300,62,12.1702,8
41.50_-76.50,41.3100,-76.5300,63,12.0472,8
41.50_-76.50,41.3100,-76.5300,64,11.9213,8
41.50_-76.50,41.3100,-76.5300,65,11.8148,8
41.50_-76.50,41.3100,-76.5300,66,11.7428,8
41.50_-76.50,41.3100,-76.5300,67,11.6771,8
41.50_-76.50,41.3100,-76.5300,68,11.6110,8
41.50_-76.50,41.3100,-76.5300,69,11.5127,8
41.50_-76.50,41.3100,-76.5300,70,11.4118,8
41.50_-76.50,41.3100,-76.5300,71,11.3065,8
41.50_-76.50,41.3100,-76.5300,72,11.2226,8
41.50_-76.50,41.3100,-76.5300,73,11.1084,8
41.50_-76.50,41.3100,-76.5300,74,10.9610,8
41.50_-76.50,41.3100,-76.5300,75,10.8075,8
41.50_-76.50,41.3100,-76.5300,76,10.6714,8
41.50_-76.50,41.3100,-76.5300,77,10.5495,8
41.50_-76.50,41.3100,-76.5300,78,10.4231,8
41.50_-76.50,41.3100,-76.5300,79,10.3000,8
41.50_-76.50,41.3100,-76.5300,80,10.1728,8
41.50_-76.50,41.3100,-76.5300,81,10.0537,8
41.50_-76.50,41.3100,-76.5300,82,9.9334,8
41.50_-76.50,41.3100,-76.5300,83,9.8078,8
41.50_-76.50,41.3100,-76.5300,84,9.6757,8
41.50_-76.50,41.3100,-76.5300,85,9.5599,8
41.50_-76.50,41.3100,-76.5300,86,9.4648,8
41.50_-76.50,41.3100,-76.5300,87,9.3928,8
41.50_-76.50,41.3100,-76.5300,88,9.2960,8
41.50_-76.50,41.3100,-76.5300,89,9.1794,8
41.50_-76.50,41.3100,-76.5300,90,9.0467,8
41.50_-76.50,41.3100,-76.5300,91,8.9284,8
41.50_-77.50,41.5100,-77.6000,0,,0
41.50_-77.50,41.5100,-77.6000,1,17.5250,8
41.50_-77.50,41.5100,-77.6000,2,17.6750,8
41.50_-77.50,41.5100,-77.6000,3,17.8750,8
41.50_-77.50,41.5100,-77.6000,4,18.1344,8
41.50_-77.50,41.5100,-77.6000,5,18.2175,8
41.50_-77.50,41.5100,-77.6000,6,18.2708,8
41.50_-77.50,41.5100,-77.6000,7,18.1321,8
41.50_-77.50,41.5100,-77.6000,8,17.9359,8
41.50_-77.50,41.5100,-77.6000,9,17.7000,8
41.50_-77.50,41.5100,-77.6000,10,17.6100,8
41.50_-77.50,41.5100,-77.6000,11,17.6023,8
41.50_-77.50,41.5100,-77.6000,12,17.6312,8
41.50_-77.50,41.5100,-77.6000,13,17.6452,8
41.50_-77.50,41.5100,-77.6000,14,17.6232,8
41.50_-77.50,41.5100,-77.6000,15,17.5525,8
41.50_-77.50,41.5100,-77.6000,16,17.5039,8
41.50_-77.50,41.5100,-77.6000,17,17.4537,8
41.50_-77.50,41.5100,-77.6000,18,17.4271,8
41.50_-77.50,41.5100,-77.6000,19,17.3349,8
41.50_-77.50,41.5100,-77.6000,20,17.2338,8
41.50_-77.50,41.5100,-77.6000,21,17.1905,8
41.50_-77.50,41.5100,-77.6000,22,17.1392,8
41.50_-77.50,41.5100,-77.6000,23,17.0060,8
41.50_-77.50,41.5100,-77.6000,24,16.8750,8
41.50_-77.50,41.5100,-77.6000,25,16.8000,8
41.50_-77.50,41.5100,-77.6000,26,16.7380,8
41.50_-77.50,41.5100,-77.6000,27,16.6662,8
41.50_-77.50,41.5100,-77.6000,28,16.6362,8
41.50_-77.50,41.5100,-77.6000,29,16.5358,8
41.50_-77.50,41.5100,-77.6000,30,16.4258,8
41.50_-77.50,41.5100,-77.6000,31,16.3532,8
41.50_-77.50,41.5100,-77.6000,32,16.2777,8
41.50_-77.50,41.5100,-77.6000,33,16.1777,8
41.50_-77.50,41.5100,-77.6000,34,16.1154,8
41.50_-77.50,41.5100,-77.6000,35,16.0361,8
41.50_-77.50,41.5100,-77.6000,36,16.0083,8
41.50_-77.50,41.5100,-77.6000,37,15.9595,8
41.50_-77.50,41.5100,-77.6000,38,15.8497,8
41.50_-77.50,41.5100,-77.6000,39,15.7263,8
41.50_-77.50,41.5100,-77.6000,40,15.6266,8
41.50_-77.50,41.5100,-77.6000,41,15.5503,8
41.50_-77.50,41.5100,-77.6000,42,15.4595,8
41.50_-77.50,41.5100,-77.6000,43,15.3462,8
41.50_-77.50,41.5100,-77.6000,44,15.2159,8
41.50_-77.50,41.5100,-77.6000,45,15.1119,8
41.50_-77.50,41.5100,-77.6000,46,14.9541,8
41.50_-77.50,41.5100,-77.6000,47,14.7838,8
41.50_-77.50,41.5100,-77.6000,48,14.6232,8
41.50_-77.50,41.5100,-77.6000,49,14.4972,8
41.50_-77.50,41.5100,-77.6000,50,14.4028,8
41.50_-77.50,41.5100,-77.6000,51,14.3145,8
41.50_-77.50,41.5100,-77.6000,52,14.2370,8
41.50_-77.50,41.5100,-77.6000,53,14.1493,8
41.50_-77.50,41.5100,-77.6000,54,14.0419,8
41.50_-77.50,41.5100,-77.6000,55,13.9418,8
41.50_-77.50,41.5100,-77.6000,56,13.8471,8
41.50_-77.50,41.5100,-77.6000,57,13.7461,8
41.50_-77.50,41.5100,-77.6000,58,13.6437,8
41.50_-77.50,41.5100,-77.6000,59,13.5356,8
41.50_-77.50,41.5100,-77.6000,60,13.4446,8
41.50_-77.50,41.5100,-77.6000,61,13.3654,8
41.50_-77.50,41.5100,-77.6000,62,13.2651,8
41.50_-77.50,41.5100,-77.6000,63,13.1401,8
41.50_-77.50,41.5100,-77.6000,64,13.0129,8
41.50_-77.50,41.5100,-77.6000,65,12.9096,8
41.50_-77.50,41.5100,-77.6000,66,12.8386,8
41.50_-77.50,41.5100,-77.6000,67,12.7761,8
41.50_-77.50,41.5100,-77.6000,68,12.7088,8
41.50_-77.50,41.5100,-77.6000,69,12.6083,8
41.50_-77.50,41.5100,-77.6000,70,12.5041,8
41.50_-77.50,41.5100,-77.6000,71,12.4032,8
41.50_-77.50,41.5100,-77.6000,72,12.3175,8
41.50_-77.50,41.5100,-77.6000,73,12.1966,8
41.50_-77.50,41.5100,-77.6000,74,12.0507,8
41.50_-77.50,41.5100,-77.6000,75,11.9038,8
41.50_-77.50,41.5100,-77.6000,76,11.7735,8
41.50_-77.50,41.5100,-77.6000,77,11.6503,8
41.50_-77.50,41.5100,-77.6000,78,11.5232,8
41.50_-77.50,41.5100,-77.6000,79,11.4022,8
41.50_-77.50,41.5100,-77.6000,80,11.2778,8
41.50_-77.50,41.5100,-77.6000,81,11.1608,8
41.50_-77.50,41.5100,-77.6000,82,11.0409,8
41.50_-77.50,41.5100,-77.6000,83,10.9149,8
41.50_-77.50,41.5100,-77.6000,84,10.7841,8
41.50_-77.50,41.5100,-77.6000,85,10.6715,8
41.50_-77.50,41.5100,-77.6000,86,10.5842,8
41.50_-77.50,41.5100,-77.6000,87,10.5128,8
41.50_-77.50,41.5100,-77.6000,88,10.4135,8
41.50_-77.50,41.5100,-77.6000,89,10.2951,8
41.50_-77.50,41.5100,-77.6000,90,10.1657,8
41.50_-77.50,41.5100,-77.6000,91,10.0510,8
41.50_-78.50,41.3300,-78.5900,0,,0
41.50_-78.50,41.3300,-78.5900,1,17.8000,8
41.50_-78.50,41.3300,-78.5900,2,17.7438,8
41.50_-78.50,41.3300,-78.5900,3,17.9292,8
41.50_-78.50,41.3300,-78.5900,4,18.1188,8
41.50_-78.50,41.3300,-78.5900,5,18.1850,8
41.50_-78.50,41.3300,-78.5900,6,18.2375,8
41.50_-78.50,41.3300,-78.5900,7,18.0607,8
41.50_-78.50,41.3300,-78.5900,8,17.8250,8
41.50_-78.50,41.3300,-78.5900,9,17.5847,8
41.50_-78.50,41.3300,-78.5900,10,17.5200,8
41.50_-78.50,41.3300,-78.5900,11,17.5455,8
41.50_-78.50,41.3300,-78.5900,12,17.6240,8
41.50_-78.50,41.3300,-78.5900,13,17.6346,8
41.50_-78.50,41.3300,-78.5900,14,17.6196,8
41.50_-78.50,41.3300,-78.5900,15,17.5517,8
41.50_-78.50,41.3300,-78.5900,16,17.5148,8
41.50_-78.50,41.3300,-78.5900,17,17.4912,8
41.50_-78.50,41.3300,-78.5900,18,17.4646,8
41.50_-78.50,41.3300,-78.5900,19,17.3691,8
41.50_-78.50,41.3300,-78.5900,20,17.2962,8
41.50_-78.50,41.3300,-78.5900,21,17.2929,8
41.50_-78.50,41.3300,-78.5900,22,17.2358,8
41.50_-78.50,41.3300,-78.5900,23,17.0978,8
41.50_-78.50,41.3300,-78.5900,24,16.9672,8
41.50_-78.50,41.3300,-78.5900,25,16.8990,8
41.50_-78.50,41.3300,-78.5900,26,16.8337,8
41.50_-78.50,41.3300,-78.5900,27,16.7560,8
41.50_-78.50,41.3300,-78.5900,28,16.7232,8
41.50_-78.50,41.3300,-78.5900,29,16.6207,8
41.50_-78.50,41.3300,-78.5900,30,16.5183,8
41.50_-78.50,41.3300,-78.5900,31,16.4504,8
41.50_-78.50,41.3300,-78.5900,32,16.3805,8
41.50_-78.50,41.3300,-78.5900,33,16.2932,8
41.50_-78.50,41.3300,-78.5900,34,16.2331,8
41.50_-78.50,41.3300,-78.5900,35,16.1518,8
41.50_-78.50,41.3300,-78.5900,36,16.1247,8
41.50_-78.50,41.3300,-78.5900,37,16.0615,8
41.50_-78.50,41.3300,-78.5900,38,15.9431,8
41.50_-78.50,41.3300,-78.5900,39,15.8173,8
41.50_-78.50,41.3300,-78.5900,40,15.7209,8
41.50_-78.50,41.3300,-78.5900,41,15.6412,8
41.50_-78.50,41.3300,-78.5900,42,15.5503,8
41.50_-78.50,41.3300,-78.5900,43,15.4349,8
41.50_-78.50,41.3300,-78.5900,44,15.3017,8
41.50_-78.50,41.3300,-78.5900,45,15.1944,8
41.50_-78.50,41.3300,-78.5900,46,15.0266,8
41.50_-78.50,41.3300,-78.5900,47,14.8426,8
41.50_-78.50,41.3300,-78.5900,48,14.6812,8
41.50_-78.50,41.3300,-78.5900,49,14.5543,8
41.50_-78.50,41.3300,-78.5900,50,14.4510,8
41.50_-78.50,41.3300,-78.5900,51,14.3547,8
41.50_-78.50,41.3300,-78.5900,52,14.2692,8
41.50_-78.50,41.3300,-78.5900,53,14.1748,8
41.50_-78.50,41.3300,-78.5900,54,14.0632,8
41.50_-78.50,41.3300,-78.5900,55,13.9616,8
41.50_-78.50,41.3300,-78.5900,56,13.8612,8
41.50_-78.50,41.3300,-78.5900,57,13.7539,8
41.50_-78.50,41.3300,-78.5900,58,13.6472,8
41.50_-78.50,41.3300,-78.5900,59,13.5492,8
41.50_-78.50,41.3300,-78.5900,60,13.4602,8
41.50_-78.50,41.3300,-78.5900,61,13.3859,8
41.50_-78.50,41.3300,-78.5900,62,13.2778,8
41.50_-78.50,41.3300,-78.5900,63,13.1401,8
41.50_-78.50,41.3300,-78.5900,64,13.0094,8
41.50_-78.50,41.3300,-78.5900,65,12.9113,8
41.50_-78.50,41.3300,-78.5900,66,12.8477,8
41.50_-78.50,41.3300,-78.5900,67,12.7843,8
41.50_-78.50,41.3300,-78.5900,68,12.7125,8
41.50_-78.50,41.3300,-78.5900,69,12.6091,8
41.50_-78.50,41.3300,-78.5900,70,12.5096,8
41.50_-78.50,41.3300,-78.5900,71,12.4109,8
41.50_-78.50,41.3300,-78.5900,72,12.3266,8
41.50_-78.50,41.3300,-78.5900,73,12.2000,8
41.50_-78.50,41.3300,-78.5900,74,12.0500,8
41.50_-78.50,41.3300,-78.5900,75,11.9000,8
41.50_-78.50,41.3300,-78.5900,76,11.7762,8
41.50_-78.50,41.3300,-78.5900,77,11.6485,8
41.50_-78.50,41.3300,-78.5900,78,11.5252,8
41.50_-78.50,41.3300,-78.5900,79,11.4008,8
41.50_-78.50,41.3300,-78.5900,80,11.2781,8
41.50_-78.50,41.3300,-78.5900,81,11.1642,8
41.50_-78.50,41.3300,-78.5900,82,11.0434,8
41.50_-78.50,41.3300,-78.5900,83,10.9149,8
41.50_-78.50,41.3300,-78.5900,84,10.7862,8
41.50_-78.50,41.3300,-78.5900,85,10.6732,8
41.50_-78.50,41.3300,-78.5900,86,10.5882,8
41.50_-78.50,41.3300,-78.5900,87,10.5134,8
41.50_-78.50,41.3300,-78.5900,88,10.4108,8
41.50_-78.50,41.3300,-78.5900,89,10.2858,8
41.50_-78.50,41.3300,-78.5900,90,10.1539,8
41.50_-78.50,41.3300,-78.5900,91,10.0413,8
41.50_-79.50,41.3500,-79.4900,0,,0
41.50_-79.50,41.3500,-79.4900,1,18.8250,8
41.50_-79.50,41.3500,-79.4900,2,18.7688,8
41.50_-79.50,41.3500,-79.4900,3,18.9083,8
41.50_-79.50,41.3500,-79.4900,4,19.0250,8
41.50_-79.50,41.3500,-79.4900,5,19.0600,8
41.50_-79.50,41.3500,-79.4900,6,19.0729,8
41.50_-79.50,41.3500,-79.4900,7,18.8357,8
41.50_-79.50,41.3500,-79.4900,8,18.5672,8
41.50_-79.50,41.3500,-79.4900,9,18.3111,8
41.50_-79.50,41.3500,-79.4900,10,18.2612,8
41.50_-79.50,41.3500,-79.4900,11,18.2716,8
41.50_-79.50,41.3500,-79.4900,12,18.3552,8
41.50_-79.50,41.3500,-79.4900,13,18.3635,8
41.50_-79.50,41.3500,-79.4900,14,18.3491,8
41.50_-79.50,41.3500,-79.4900,15,18.2875,8
41.50_-79.50,41.3500,-79.4900,16,18.2648,8
41.50_-79.50,41.3500,-79.4900,17,18.2551,8
41.50_-79.50,41.3500,-79.4900,18,18.2215,8
41.50_-79.50,41.3500,-79.4900,19,18.1322,8
41.50_-79.50,41.3500,-79.4900,20,18.0869,8
41.50_-79.50,41.3500,-79.4900,21,18.1065,8
41.50_-79.50,41.3500,-79.4900,22,18.0540,8
41.50_-79.50,41.3500,-79.4900,23,17.9332,8
41.50_-79.50,41.3500,-79.4900,24,17.8167,8
41.50_-79.50,41.3500,-79.4900,25,17.7470,8
41.50_-79.50,41.3500,-79.4900,26,17.6755,8
41.50_-79.50,41.3500,-79.4900,27,17.6046,8
41.50_-79.50,41.3500,-79.4900,28,17.5643,8
41.50_-79.50,41.3500,-79.4900,29,17.4591,8
41.50_-79.50,41.3500,-79.4900,30,17.3633,8
41.50_-79.50,41.3500,-79.4900,31,17.3012,8
41.50_-79.50,41.3500,-79.4900,32,17.2340,8
41.50_-79.50,41.3500,-79.4900,33,17.1602,8
41.50_-79.50,41.3500,-79.4900,34,17.1026,8
41.50_-79.50,41.3500,-79.4900,35,17.0200,8
41.50_-79.50,41.3500,-79.4900,36,16.9896,8
41.50_-79.50,41.3500,-79.4900,37,16.9149,8
41.50_-79.50,41.3500,-79.4900,38,16.7947,8
41.50_-79.50,41.3500,-79.4900,39,16.6708,8
41.50_-79.50,41.3500,-79.4900,40,16.5784,8
41.50_-79.50,41.3500,-79.4900,41,16.5021,8
41.50_-79.50,41.3500,-79.4900,42,16.4089,8
41.50_-79.50,41.3500,-79.4900,43,16.2907,8
41.50_-79.50,41.3500,-79.4900,44,16.1531,8
41.50_-79.50,41.3500,-79.4900,45,16.0378,8
41.50_-79.50,41.3500,-79.4900,46,15.8660,8
41.50_-79.50,41.3500,-79.4900,47,15.6790,8
41.50_-79.50,41.3500,-79.4900,48,15.5190,8
41.50_-79.50,41.3500,-79.4900,49,15.3895,8
41.50_-79.50,41.3500,-79.4900,50,15.2797,8
41.50_-79.50,41.3500,-79.4900,51,15.1782,8
41.50_-79.50,41.3500,-79.4900,52,15.0865,8
41.50_-79.50,41.3500,-79.4900,53,14.9870,8
41.50_-79.50,41.3500,-79.4900,54,14.8669,8
41.50_-79.50,41.3500,-79.4900,55,14.7682,8
41.50_-79.50,41.3500,-79.4900,56,14.6618,8
41.50_-79.50,41.3500,-79.4900,57,14.5533,8
41.50_-79.50,41.3500,-79.4900,58,14.4444,8
41.50_-79.50,41.3500,-79.4900,59,14.3502,8
41.50_-79.50,41.3500,-79.4900,60,14.2577,8
41.50_-79.50,41.3500,-79.4900,61,14.1809,8
41.50_-79.50,41.3500,-79.4900,62,14.0637,8
41.50_-79.50,41.3500,-79.4900,63,13.9224,8
41.50_-79.50,41.3500,-79.4900,64,13.7912,8
41.50_-79.50,41.3500,-79.4900,65,13.6971,8
41.50_-79.50,41.3500,-79.4900,66,13.6331,8
41.50_-79.50,41.3500,-79.4900,67,13.5688,8
41.50_-79.50,41.3500,-79.4900,68,13.4893,8
41.50_-79.50,41.3500,-79.4900,69,13.3812,8
41.50_-79.50,41.3500,-79.4900,70,13.2820,8
41.50_-79.50,41.3500,-79.4900,71,13.1826,8
41.50_-79.50,41.3500,-79.4900,72,13.0951,8
41.50_-79.50,41.3500,-79.4900,73,12.9622,8
41.50_-79.50,41.3500,-79.4900,74,12.8090,8
41.50_-79.50,41.3500,-79.4900,75,12.6568,8
41.50_-79.50,41.3500,-79.4900,76,12.5332,8
41.50_-79.50,41.3500,-79.4900,77,12.4058,8
41.50_-79.50,41.3500,-79.4900,78,12.2854,8
41.50_-79.50,41.3500,-79.4900,79,12.1590,8
41.50_-79.50,41.3500,-79.4900,80,12.0353,8
41.50_-79.50,41.3500,-79.4900,81,11.9196,8
41.50_-79.50,41.3500,-79.4900,82,11.7982,8
41.50_-79.50,41.3500,-79.4900,83,11.6715,8
41.50_-79.50,41.3500,-79.4900,84,11.5469,8
41.50_-79.50,41.3500,-79.4900,85,11.4331,8
41.50_-79.50,41.3500,-79.4900,86,11.3503,8
41.50_-79.50,41.3500,-79.4900,87,11.2721,8
41.50_-79.50,41.3500,-79.4900,88,11.1673,8
41.50_-79.50,41.3500,-79.4900,89,11.0383,8
41.50_-79.50,41.3500,-79.4900,90,10.9056,8
41.50_-79.50,41.3500,-79.4900,91,10.7913,8
41.50_-80.50,41.4100,-80.2300,0,,0
41.50_-80.50,41.4100,-80.2300,1,19.5375,8
41.50_-80.50,41.4100,-80.2300,2,19.4500,8
41.50_-80.50,41.4100,-80.2300,3,19.6583,8
41.50_-80.50,41.4100,-80.2300,4,19.7188,8
41.50_-80.50,41.4100,-80.2300,5,19.7250,8
41.50_-80.50,41.4100,-80.2300,6,19.6500,8
41.50_-80.50,41.4100,-80.2300,7,19.4000,8
41.50_-80.50,41.4100,-80.2300,8,19.1234,8
41.50_-80.50,41.4100,-80.2300,9,18.8875,8
41.50_-80.50,41.4100,-80.2300,10,18.8438,8
41.50_-80.50,41.4100,-80.2300,11,18.8420,8
41.50_-80.50,41.4100,-80.2300,12,18.9240,8
41.50_-80.50,41.4100,-80.2300,13,18.9490,8
41.50_-80.50,41.4100,-80.2300,14,18.9446,8
41.50_-80.50,41.4100,-80.2300,15,18.8908,8
41.50_-80.50,41.4100,-80.2300,16,18.8766,8
41.50_-80.50,41.4100,-80.2300,17,18.8787,8
41.50_-80.50,41.4100,-80.2300,18,18.8472,8
41.50_-80.50,41.4100,-80.2300,19,18.7697,8
41.50_-80.50,41.4100,-80.2300,20,18.7412,8
41.50_-80.50,41.4100,-80.2300,21,18.7738,8
41.50_-80.50,41.4100,-80.2300,22,18.7216,8
41.50_-80.50,41.4100,-80.2300,23,18.6038,8
41.50_-80.50,41.4100,-80.2300,24,18.5047,8
41.50_-80.50,41.4100,-80.2300,25,18.4390,8
41.50_-80.50,41.4100,-80.2300,26,18.3663,8
41.50_-80.50,41.4100,-80.2300,27,18.3037,8
41.50_-80.50,41.4100,-80.2300,28,18.2576,8
41.50_-80.50,41.4100,-80.2300,29,18.1453,8
41.50_-80.50,41.4100,-80.2300,30,18.0496,8
41.50_-80.50,41.4100,-80.2300,31,17.9899,8
41.50_-80.50,41.4100,-80.2300,32,17.9176,8
41.50_-80.50,41.4100,-80.2300,33,17.8508,8
41.50_-80.50,41.4100,-80.2300,34,17.7904,8
41.50_-80.50,41.4100,-80.2300,35,17.7068,8
41.50_-80.50,41.4100,-80.2300,36,17.6816,8
41.50_-80.50,41.4100,-80.2300,37,17.6054,8
41.50_-80.50,41.4100,-80.2300,38,17.4836,8
41.50_-80.50,41.4100,-80.2300,39,17.3609,8
41.50_-80.50,41.4100,-80.2300,40,17.2728,8
41.50_-80.50,41.4100,-80.2300,41,17.2018,8
41.50_-80.50,41.4100,-80.2300,42,17.1143,8
41.50_-80.50,41.4100,-80.2300,43,16.9968,8
41.50_-80.50,41.4100,-80.2300,44,16.8602,8
41.50_-80.50,41.4100,-80.2300,45,16.7408,8
41.50_-80.50,41.4100,-80.2300,46,16.5698,8
41.50_-80.50,41.4100,-80.2300,47,16.3854,8
41.50_-80.50,41.4100,-80.2300,48,16.2263,8
41.50_-80.50,41.4100,-80.2300,49,16.0969,8
41.50_-80.50,41.4100,-80.2300,50,15.9828,8
41.50_-80.50,41.4100,-80.2300,51,15.8826,8
41.50_-80.50,41.4100,-80.2300,52,15.7906,8
41.50_-80.50,41.4100,-80.2300,53,15.6927,8
41.50_-80.50,41.4100,-80.2300,54,15.5708,8
41.50_-80.50,41.4100,-80.2300,55,15.4736,8
41.50_-80.50,41.4100,-80.2300,56,15.3658,8
41.50_-80.50,41.4100,-80.2300,57,15.2537,8
41.50_-80.50,41.4100,-80.2300,58,15.1425,8
41.50_-80.50,41.4100,-80.2300,59,15.0468,8
41.50_-80.50,41.4100,-80.2300,60,14.9529,8
41.50_-80.50,41.4100,-80.2300,61,14.8754,8
41.50_-80.50,41.4100,-80.2300,62,14.7478,8
41.50_-80.50,41.4100,-80.2300,63,14.6036,8
41.50_-80.50,41.4100,-80.2300,64,14.4717,8
41.50_-80.50,41.4100,-80.2300,65,14.3852,8
41.50_-80.50,41.4100,-80.2300,66,14.3259,8
41.50_-80.50,41.4100,-80.2300,67,14.2599,8
41.50_-80.50,41.4100,-80.2300,68,14.1750,8
41.50_-80.50,41.4100,-80.2300,69,14.0652,8
41.50_-80.50,41.4100,-80.2300,70,13.9654,8
41.50_-80.50,41.4100,-80.2300,71,13.8678,8
41.50_-80.50,41.4100,-80.2300,72,13.7745,8
41.50_-80.50,41.4100,-80.2300,73,13.6346,8
41.50_-80.50,41.4100,-80.2300,74,13.4779,8
41.50_-80.50,41.4100,-80.2300,75,13.3252,8
41.50_-80.50,41.4100,-80.2300,76,13.2033,8
41.50_-80.50,41.4100,-80.2300,77,13.0769,8
41.50_-80.50,41.4100,-80.2300,78,12.9595,8
41.50_-80.50,41.4100,-80.2300,79,12.8320,8
41.50_-80.50,41.4100,-80.2300,80,12.7098,8
41.50_-80.50,41.4100,-80.2300,81,12.5931,8
41.50_-80.50,41.4100,-80.2300,82,12.4724,8
41.50_-80.50,41.4100,-80.2300,83,12.3482,8
41.50_-80.50,41.4100,-80.2300,84,12.2269,8
41.50_-80.50,41.4100,-80.2300,85,12.1151,8
41.50_-80.50,41.4100,-80.2300,86,12.0339,8
41.50_-80.50,41.4100,-80.2300,87,11.9530,8
41.50_-80.50,41.4100,-80.2300,88,11.8473,8
41.50_-80.50,41.4100,-80.2300,89,11.7154,8
41.50_-80.50,41.4100,-80.2300,90,11.5815,8
41.50_-80.50,41.4100,-80.2300,91,11.4640,8
42.50_-70.50,42.4200,-70.7800,0,,0
42.50_-70.50,42.4200,-70.7800,1,19.2875,8
42.50_-70.50,42.4200,-70.7800,2,19.2188,8
42.50_-70.50,42.4200,-70.7800,3,19.5875,8
42.50_-70.50,42.4200,-70.7800,4,19.9781,8
42.50_-70.50,42.4200,-70.7800,5,20.0550,8
42.50_-70.50,42.4200,-70.7800,6,20.1938,8
42.50_-70.50,42.4200,-70.7800,7,20.1018,8
42.50_-70.50,42.4200,-70.7800,8,19.9719,8
42.50_-70.50,42.4200,-70.7800,9,19.8181,8
42.50_-70.50,42.4200,-70.7800,10,19.7562,8
42.50_-70.50,42.4200,-70.7800,11,19.7364,8
42.50_-70.50,42.4200,-70.7800,12,19.6698,8
42.50_-70.50,42.4200,-70.7800,13,19.6115,8
42.50_-70.50,42.4200,-70.7800,14,19.5741,8
42.50_-70.50,42.4200,-70.7800,15,19.4808,8
42.50_-70.50,42.4200,-70.7800,16,19.3719,8
42.50_-70.50,42.4200,-70.7800,17,19.2985,8
42.50_-70.50,42.4200,-70.7800,18,19.2312,8
42.50_-70.50,42.4200,-70.7800,19,19.1217,8
42.50_-70.50,42.4200,-70.7800,20,18.9581,8
42.50_-70.50,42.4200,-70.7800,21,18.8250,8
42.50_-70.50,42.4200,-70.7800,22,18.7517,8
42.50_-70.50,42.4200,-70.7800,23,18.6973,8
42.50_-70.50,42.4200,-70.7800,24,18.6307,8
42.50_-70.50,42.4200,-70.7800,25,18.5555,8
42.50_-70.50,42.4200,-70.7800,26,18.5538,8
42.50_-70.50,42.4200,-70.7800,27,18.5153,8
42.50_-70.50,42.4200,-70.7800,28,18.4804,8
42.50_-70.50,42.4200,-70.7800,29,18.4065,8
42.50_-70.50,42.4200,-70.7800,30,18.2979,8
42.50_-70.50,42.4200,-70.7800,31,18.1964,8
42.50_-70.50,42.4200,-70.7800,32,18.0996,8
42.50_-70.50,42.4200,-70.7800,33,17.9864,8
42.50_-70.50,42.4200,-70.7800,34,17.9118,8
42.50_-70.50,42.4200,-70.7800,35,17.8196,8
42.50_-70.50,42.4200,-70.7800,36,17.7535,8
42.50_-70.50,42.4200,-70.7800,37,17.7490,8
42.50_-70.50,42.4200,-70.7800,38,17.6533,8
42.50_-70.50,42.4200,-70.7800,39,17.5311,8
42.50_-70.50,42.4200,-70.7800,40,17.4441,8
42.50_-70.50,42.4200,-70.7800,41,17.3628,8
42.50_-70.50,42.4200,-70.7800,42,17.2795,8
42.50_-70.50,42.4200,-70.7800,43,17.1741,8
42.50_-70.50,42.4200,-70.7800,44,17.0878,8
42.50_-70.50,42.4200,-70.7800,45,16.9961,8
42.50_-70.50,42.4200,-70.7800,46,16.8989,8
42.50_-70.50,42.4200,-70.7800,47,16.7726,8
42.50_-70.50,42.4200,-70.7800,48,16.6406,8
42.50_-70.50,42.4200,-70.7800,49,16.5230,8
42.50_-70.50,42.4200,-70.7800,50,16.4585,8
42.50_-70.50,42.4200,-70.7800,51,16.3993,8
42.50_-70.50,42.4200,-70.7800,52,16.3365,8
42.50_-70.50,42.4200,-70.7800,53,16.2658,8
42.50_-70.50,42.4200,-70.7800,54,16.1796,8
42.50_-70.50,42.4200,-70.7800,55,16.0809,8
42.50_-70.50,42.4200,-70.7800,56,16.0051,8
42.50_-70.50,42.4200,-70.7800,57,15.9182,8
42.50_-70.50,42.4200,-70.7800,58,15.8140,8
42.50_-70.50,42.4200,-70.7800,59,15.7030,8
42.50_-70.50,42.4200,-70.7800,60,15.6081,8
42.50_-70.50,42.4200,-70.7800,61,15.5379,8
42.50_-70.50,42.4200,-70.7800,62,15.4758,8
42.50_-70.50,42.4200,-70.7800,63,15.3677,8
42.50_-70.50,42.4200,-70.7800,64,15.2467,8
42.50_-70.50,42.4200,-70.7800,65,15.1360,8
42.50_-70.50,42.4200,-70.7800,66,15.0777,8
42.50_-70.50,42.4200,-70.7800,67,15.0295,8
42.50_-70.50,42.4200,-70.7800,68,14.9860,8
42.50_-70.50,42.4200,-70.7800,69,14.8902,8
42.50_-70.50,42.4200,-70.7800,70,14.7780,8
42.50_-70.50,42.4200,-70.7800,71,14.6995,8
42.50_-70.50,42.4200,-70.7800,72,14.6203,8
42.50_-70.50,42.4200,-70.7800,73,14.5325,8
42.50_-70.50,42.4200,-70.7800,74,14.4063,8
42.50_-70.50,42.4200,-70.7800,75,14.2582,8
42.50_-70.50,42.4200,-70.7800,76,14.1181,8
42.50_-70.50,42.4200,-70.7800,77,14.0143,8
42.50_-70.50,42.4200,-70.7800,78,13.9043,8
42.50_-70.50,42.4200,-70.7800,79,13.7987,8
42.50_-70.50,42.4200,-70.7800,80,13.6781,8
42.50_-70.50,42.4200,-70.7800,81,13.5540,8
42.50_-70.50,42.4200,-70.7800,82,13.4427,8
42.50_-70.50,42.4200,-70.7800,83,13.3395,8
42.50_-70.50,42.4200,-70.7800,84,13.2201,8
42.50_-70.50,42.4200,-70.7800,85,13.1051,8
42.50_-70.50,42.4200,-70.7800,86,13.0087,8
42.50_-70.50,42.4200,-70.7800,87,12.9384,8
42.50_-70.50,42.4200,-70.7800,88,12.8661,8
42.50_-70.50,42.4200,-70.7800,89,12.7713,8
42.50_-70.50,42.4200,-70.7800,90,12.6564,8
42.50_-70.50,42.4200,-70.7800,91,12.5532,8
42.50_-71.50,42.3700,-71.3200,0,,0
42.50_-71.50,42.3700,-71.3200,1,19.0875,8
42.50_-71.50,42.3700,-71.3200,2,19.1250,8
42.50_-71.50,42.3700,-71.3200,3,19.6375,8
42.50_-71.50,42.3700,-71.3200,4,20.1625,8
42.50_-71.50,42.3700,-71.3200,5,20.2600,8
42.50_-71.50,42.3700,-71.3200,6,20.3812,8
42.50_-71.50,42.3700,-71.3200,7,20.2696,8
42.50_-71.50,42.3700,-71.3200,8,20.1281,8
42.50_-71.50,42.3700,-71.3200,9,19.9528,8
42.50_-71.50,42.3700,-71.3200,10,19.8600,8
42.50_-71.50,42.3700,-71.3200,11,19.8216,8
42.50_-71.50,42.3700,-71.3200,12,19.7406,8
42.50_-71.50,42.3700,-71.3200,13,19.6702,8
42.50_-71.50,42.3700,-71.3200,14,19.6205,8
42.50_-71.50,42.3700,-71.3200,15,19.5358,8
42.50_-71.50,42.3700,-71.3200,16,19.4258,8
42.50_-71.50,42.3700,-71.3200,17,19.3426,8
42.50_-71.50,42.3700,-71.3200,18,19.2806,8
42.50_-71.50,42.3700,-71.3200,19,19.1579,8
42.50_-71.50,42.3700,-71.3200,20,18.9812,8
42.50_-71.50,42.3700,-71.3200,21,18.8298,8
42.50_-71.50,42.3700,-71.3200,22,18.7449,8
42.50_-71.50,42.3700,-71.3200,23,18.6821,8
42.50_-71.50,42.3700,-71.3200,24,18.5995,8
42.50_-71.50,42.3700,-71.3200,25,18.5115,8
42.50_-71.50,42.3700,-71.3200,26,18.5067,8
42.50_-71.50,42.3700,-71.3200,27,18.4731,8
42.50_-71.50,42.3700,-71.3200,28,18.4321,8
42.50_-71.50,42.3700,-71.3200,29,18.3522,8
42.50_-71.50,42.3700,-71.3200,30,18.2308,8
42.50_-71.50,42.3700,-71.3200,31,18.1165,8
42.50_-71.50,42.3700,-71.3200,32,18.0090,8
42.50_-71.50,42.3700,-71.3200,33,17.8883,8
42.50_-71.50,42.3700,-71.3200,34,17.8136,8
42.50_-71.50,42.3700,-71.3200,35,17.7189,8
42.50_-71.50,42.3700,-71.3200,36,17.6517,8
42.50_-71.50,42.3700,-71.3200,37,17.6463,8
42.50_-71.50,42.3700,-71.3200,38,17.5441,8
42.50_-71.50,42.3700,-71.3200,39,17.4093,8
42.50_-71.50,42.3700,-71.3200,40,17.3116,8
42.50_-71.50,42.3700,-71.3200,41,17.2259,8
42.50_-71.50,42.3700,-71.3200,42,17.1408,8
42.50_-71.50,42.3700,-71.3200,43,17.0282,8
42.50_-71.50,42.3700,-71.3200,44,16.9369,8
42.50_-71.50,42.3700,-71.3200,45,16.8406,8
42.50_-71.50,42.3700,-71.3200,46,16.7386,8
42.50_-71.50,42.3700,-71.3200,47,16.6019,8
42.50_-71.50,42.3700,-71.3200,48,16.4599,8
42.50_-71.50,42.3700,-71.3200,49,16.3327,8
42.50_-71.50,42.3700,-71.3200,50,16.2632,8
42.50_-71.50,42.3700,-71.3200,51,16.2022,8
42.50_-71.50,42.3700,-71.3200,52,16.1344,8
42.50_-71.50,42.3700,-71.3200,53,16.0585,8
42.50_-71.50,42.3700,-71.3200,54,15.9681,8
42.50_-71.50,42.3700,-71.3200,55,15.8677,8
42.50_-71.50,42.3700,-71.3200,56,15.7882,8
42.50_-71.50,42.3700,-71.3200,57,15.6934,8
42.50_-71.50,42.3700,-71.3200,58,15.5806,8
42.50_-71.50,42.3700,-71.3200,59,15.4595,8
42.50_-71.50,42.3700,-71.3200,60,15.3594,8
42.50_-71.50,42.3700,-71.3200,61,15.2863,8
42.50_-71.50,42.3700,-71.3200,62,15.2188,8
42.50_-71.50,42.3700,-71.3200,63,15.1081,8
42.50_-71.50,42.3700,-71.3200,64,14.9801,8
42.50_-71.50,42.3700,-71.3200,65,14.8623,8
42.50_-71.50,42.3700,-71.3200,66,14.7994,8
42.50_-71.50,42.3700,-71.3200,67,14.7489,8
42.50_-71.50,42.3700,-71.3200,68,14.7022,8
42.50_-71.50,42.3700,-71.3200,69,14.6051,8
42.50_-71.50,42.3700,-71.3200,70,14.4889,8
42.50_-71.50,42.3700,-71.3200,71,14.4074,8
42.50_-71.50,42.3700,-71.3200,72,14.3283,8
42.50_-71.50,42.3700,-71.3200,73,14.2375,8
42.50_-71.50,42.3700,-71.3200,74,14.1054,8
42.50_-71.50,42.3700,-71.3200,75,13.9513,8
42.50_-71.50,42.3700,-71.3200,76,13.8033,8
42.50_-71.50,42.3700,-71.3200,77,13.6950,8
42.50_-71.50,42.3700,-71.3200,78,13.5779,8
42.50_-71.50,42.3700,-71.3200,79,13.4680,8
42.50_-71.50,42.3700,-71.3200,80,13.3442,8
42.50_-71.50,42.3700,-71.3200,81,13.2154,8
42.50_-71.50,42.3700,-71.3200,82,13.0977,8
42.50_-71.50,42.3700,-71.3200,83,12.9861,8
42.50_-71.50,42.3700,-71.3200,84,12.8634,8
42.50_-71.50,42.3700,-71.3200,85,12.7438,8
42.50_-71.50,42.3700,-71.3200,86,12.6411,8
42.50_-71.50,42.3700,-71.3200,87,12.5672,8
42.50_-71.50,42.3700,-71.3200,88,12.4920,8
42.50_-71.50,42.3700,-71.3200,89,12.3951,8
42.50_-71.50,42.3700,-71.3200,90,12.2765,8
42.50_-71.50,42.3700,-71.3200,91,12.1677,8
42.50_-72.50,42.5100,-72.4200,0,,0
42.50_-72.50,42.5100,-72.4200,1,18.2875,8
42.50_-72.50,42.5100,-72.4200,2,18.1688,8
42.50_-72.50,42.5100,-72.4200,3,18.5792,8
42.50_-72.50,42.5100,-72.4200,4,19.0656,8
42.50_-72.50,42.5100,-72.4200,5,19.2275,8
42.50_-72.50,42.5100,-72.4200,6,19.2833,8
42.50_-72.50,42.5100,-72.4200,7,19.1500,8
42.50_-72.50,42.5100,-72.4200,8,18.9609,8
42.50_-72.50,42.5100,-72.4200,9,18.8014,8
42.50_-72.50,42.5100,-72.4200,10,18.6675,8
42.50_-72.50,42.5100,-72.4200,11,18.6227,8
42.50_-72.50,42.5100,-72.4200,12,18.5698,8
42.50_-72.50,42.5100,-72.4200,13,18.5212,8
42.50_-72.50,42.5100,-72.4200,14,18.4759,8
42.50_-72.50,42.5100,-72.4200,15,18.4042,8
42.50_-72.50,42.5100,-72.4200,16,18.3320,8
42.50_-72.50,42.5100,-72.4200,17,18.2647,8
42.50_-72.50,42.5100,-72.4200,18,18.2104,8
42.50_-72.50,42.5100,-72.4200,19,18.1138,8
42.50_-72.50,42.5100,-72.4200,20,17.9556,8
42.50_-72.50,42.5100,-72.4200,21,17.8268,8
42.50_-72.50,42.5100,-72.4200,22,17.7307,8
42.50_-72.50,42.5100,-72.4200,23,17.6424,8
42.50_-72.50,42.5100,-72.4200,24,17.5250,8
42.50_-72.50,42.5100,-72.4200,25,17.4210,8
42.50_-72.50,42.5100,-72.4200,26,17.3918,8
42.50_-72.50,42.5100,-72.4200,27,17.3449,8
42.50_-72.50,42.5100,-72.4200,28,17.3112,8
42.50_-72.50,42.5100,-72.4200,29,17.2155,8
42.50_-72.50,42.5100,-72.4200,30,17.1012,8
42.50_-72.50,42.5100,-72.4200,31,17.0004,8
42.50_-72.50,42.5100,-72.4200,32,16.8930,8
42.50_-72.50,42.5100,-72.4200,33,16.7822,8
42.50_-72.50,42.5100,-72.4200,34,16.7018,8
42.50_-72.50,42.5100,-72.4200,35,16.6129,8
42.50_-72.50,42.5100,-72.4200,36,16.5556,8
42.50_-72.50,42.5100,-72.4200,37,16.5385,8
42.50_-72.50,42.5100,-72.4200,38,16.4260,8
42.50_-72.50,42.5100,-72.4200,39,16.2830,8
42.50_-72.50,42.5100,-72.4200,40,16.1803,8
42.50_-72.50,42.5100,-72.4200,41,16.1006,8
42.50_-72.50,42.5100,-72.4200,42,16.0095,8
42.50_-72.50,42.5100,-72.4200,43,15.8866,8
42.50_-72.50,42.5100,-72.4200,44,15.7881,8
42.50_-72.50,42.5100,-72.4200,45,15.6856,8
42.50_-72.50,42.5100,-72.4200,46,15.5723,8
42.50_-72.50,42.5100,-72.4200,47,15.4274,8
42.50_-72.50,42.5100,-72.4200,48,15.2818,8
42.50_-72.50,42.5100,-72.4200,49,15.1640,8
42.50_-72.50,42.5100,-72.4200,50,15.0908,8
42.50_-72.50,42.5100,-72.4200,51,15.0240,8
42.50_-72.50,42.5100,-72.4200,52,14.9575,8
42.50_-72.50,42.5100,-72.4200,53,14.8814,8
42.50_-72.50,42.5100,-72.4200,54,14.7880,8
42.50_-72.50,42.5100,-72.4200,55,14.6834,8
42.50_-72.50,42.5100,-72.4200,56,14.5969,8
42.50_-72.50,42.5100,-72.4200,57,14.4956,8
42.50_-72.50,42.5100,-72.4200,58,14.3800,8
42.50_-72.50,42.5100,-72.4200,59,14.2576,8
42.50_-72.50,42.5100,-72.4200,60,14.1577,8
42.50_-72.50,42.5100,-72.4200,61,14.0824,8
42.50_-72.50,42.5100,-72.4200,62,13.9980,8
42.50_-72.50,42.5100,-72.4200,63,13.8804,8
42.50_-72.50,42.5100,-72.4200,64,13.7521,8
42.50_-72.50,42.5100,-72.4200,65,13.6333,8
42.50_-72.50,42.5100,-72.4200,66,13.5617,8
42.50_-72.50,42.5100,-72.4200,67,13.4968,8
42.50_-72.50,42.5100,-72.4200,68,13.4388,8
42.50_-72.50,42.5100,-72.4200,69,13.3357,8
42.50_-72.50,42.5100,-72.4200,70,13.2198,8
42.50_-72.50,42.5100,-72.4200,71,13.1306,8
42.50_-72.50,42.5100,-72.4200,72,13.0434,8
42.50_-72.50,42.5100,-72.4200,73,12.9443,8
42.50_-72.50,42.5100,-72.4200,74,12.8034,8
42.50_-72.50,42.5100,-72.4200,75,12.6480,8
42.50_-72.50,42.5100,-72.4200,76,12.5010,8
42.50_-72.50,42.5100,-72.4200,77,12.3791,8
42.50_-72.50,42.5100,-72.4200,78,12.2569,8
42.50_-72.50,42.5100,-72.4200,79,12.1381,8
42.50_-72.50,42.5100,-72.4200,80,12.0080,8
42.50_-72.50,42.5100,-72.4200,81,11.8781,8
42.50_-72.50,42.5100,-72.4200,82,11.7561,8
42.50_-72.50,42.5100,-72.4200,83,11.6324,8
42.50_-72.50,42.5100,-72.4200,84,11.4994,8
42.50_-72.50,42.5100,-72.4200,85,11.3782,8
42.50_-72.50,42.5100,-72.4200,86,11.2749,8
42.50_-72.50,42.5100,-72.4200,87,11.1960,8
42.50_-72.50,42.5100,-72.4200,88,11.1091,8
42.50_-72.50,42.5100,-72.4200,89,11.0028,8
42.50_-72.50,42.5100,-72.4200,90,10.8792,8
42.50_-72.50,42.5100,-72.4200,91,10.7662,8
42.50_-73.50,42.4600,-73.5300,0,,0
42.50_-73.50,42.4600,-73.5300,1,18.0375,8
42.50_-73.50,42.4600,-73.5300,2,17.9250,8
42.50_-73.50,42.4600,-73.5300,3,18.2750,8
42.50_-73.50,42.4600,-73.5300,4,18.6938,8
42.50_-73.50,42.4600,-73.5300,5,18.8250,8
42.50_-73.50,42.4600,-73.5300,6,18.8917,8
42.50_-73.50,42.4600,-73.5300,7,18.8018,8
42.50_-73.50,42.4600,-73.5300,8,18.5859,8
42.50_-73.50,42.4600,-73.5300,9,18.4278,8
42.50_-73.50,42.4600,-73.5300,10,18.3062,8
42.50_-73.50,42.4600,-73.5300,11,18.2614,8
42.50_-73.50,42.4600,-73.5300,12,18.2250,8
42.50_-73.50,42.4600,-73.5300,13,18.2067,8
42.50_-73.50,42.4600,-73.5300,14,18.1661,8
42.50_-73.50,42.4600,-73.5300,15,18.1042,8
42.50_-73.50,42.4600,-73.5300,16,18.0336,8
42.50_-73.50,42.4600,-73.5300,17,17.9713,8
42.50_-73.50,42.4600,-73.5300,18,17.9229,8
42.50_-73.50,42.4600,-73.5300,19,17.8026,8
42.50_-73.50,42.4600,-73.5300,20,17.6531,8
42.50_-73.50,42.4600,-73.5300,21,17.5399,8
42.50_-73.50,42.4600,-73.5300,22,17.4676,8
42.50_-73.50,42.4600,-73.5300,23,17.3908,8
42.50_-73.50,42.4600,-73.5300,24,17.2750,8
42.50_-73.50,42.4600,-73.5300,25,17.1800,8
42.50_-73.50,42.4600,-73.5300,26,17.1505,8
42.50_-73.50,42.4600,-73.5300,27,17.0907,8
42.50_-73.50,42.4600,-73.5300,28,17.0665,8
42.50_-73.50,42.4600,-73.5300,29,16.9672,8
42.50_-73.50,42.4600,-73.5300,30,16.8479,8
42.50_-73.50,42.4600,-73.5300,31,16.7573,8
42.50_-73.50,42.4600,-73.5300,32,16.6656,8
42.50_-73.50,42.4600,-73.5300,33,16.5523,8
42.50_-73.50,42.4600,-73.5300,34,16.4768,8
42.50_-73.50,42.4600,-73.5300,35,16.3843,8
42.50_-73.50,42.4600,-73.5300,36,16.3396,8
42.50_-73.50,42.4600,-73.5300,37,16.3145,8
42.50_-73.50,42.4600,-73.5300,38,16.1974,8
42.50_-73.50,42.4600,-73.5300,39,16.0593,8
42.50_-73.50,42.4600,-73.5300,40,15.9600,8
42.50_-73.50,42.4600,-73.5300,41,15.8802,8
42.50_-73.50,42.4600,-73.5300,42,15.7875,8
42.50_-73.50,42.4600,-73.5300,43,15.6645,8
42.50_-73.50,42.4600,-73.5300,44,15.5562,8
42.50_-73.50,42.4600,-73.5300,45,15.4533,8
42.50_-73.50,42.4600,-73.5300,46,15.3231,8
42.50_-73.50,42.4600,-73.5300,47,15.1633,8
42.50_-73.50,42.4600,-73.5300,48,15.0091,8
42.50_-73.50,42.4600,-73.5300,49,14.8929,8
42.50_-73.50,42.4600,-73.5300,50,14.8238,8
42.50_-73.50,42.4600,-73.5300,51,14.7569,8
42.50_-73.50,42.4600,-73.5300,52,14.6904,8
42.50_-73.50,42.4600,-73.5300,53,14.6151,8
42.50_-73.50,42.4600,-73.5300,54,14.5164,8
42.50_-73.50,42.4600,-73.5300,55,14.4189,8
42.50_-73.50,42.4600,-73.5300,56,14.3366,8
42.50_-73.50,42.4600,-73.5300,57,14.2296,8
42.50_-73.50,42.4600,-73.5300,58,14.1166,8
42.50_-73.50,42.4600,-73.5300,59,13.9958,8
42.50_-73.50,42.4600,-73.5300,60,13.9038,8
42.50_-73.50,42.4600,-73.5300,61,13.8324,8
42.50_-73.50,42.4600,-73.5300,62,13.7516,8
42.50_-73.50,42.4600,-73.5300,63,13.6331,8
42.50_-73.50,42.4600,-73.5300,64,13.5059,8
42.50_-73.50,42.4600,-73.5300,65,13.3952,8
42.50_-73.50,42.4600,-73.5300,66,13.3305,8
42.50_-73.50,42.4600,-73.5300,67,13.2698,8
42.50_-73.50,42.4600,-73.5300,68,13.2108,8
42.50_-73.50,42.4600,-73.5300,69,13.1036,8
42.50_-73.50,42.4600,-73.5300,70,12.9918,8
42.50_-73.50,42.4600,-73.5300,71,12.9014,8
42.50_-73.50,42.4600,-73.5300,72,12.8155,8
42.50_-73.50,42.4600,-73.5300,73,12.7074,8
42.50_-73.50,42.4600,-73.5300,74,12.5584,8
42.50_-73.50,42.4600,-73.5300,75,12.4013,8
42.50_-73.50,42.4600,-73.5300,76,12.2518,8
42.50_-73.50,42.4600,-73.5300,77,12.1234,8
42.50_-73.50,42.4600,-73.5300,78,12.0013,8
42.50_-73.50,42.4600,-73.5300,79,11.8796,8
42.50_-73.50,42.4600,-73.5300,80,11.7467,8
42.50_-73.50,42.4600,-73.5300,81,11.6170,8
42.50_-73.50,42.4600,-73.5300,82,11.4976,8
42.50_-73.50,42.4600,-73.5300,83,11.3714,8
42.50_-73.50,42.4600,-73.5300,84,11.2408,8
42.50_-73.50,42.4600,-73.5300,85,11.1187,8
42.50_-73.50,42.4600,-73.5300,86,11.0203,8
42.50_-73.50,42.4600,-73.5300,87,10.9493,8
42.50_-73.50,42.4600,-73.5300,88,10.8601,8
42.50_-73.50,42.4600,-73.5300,89,10.7524,8
42.50_-73.50,42.4600,-73.5300,90,10.6233,8
42.50_-73.50,42.4600,-73.5300,91,10.5093,8
42.50_-74.50,42.2800,-74.3800,0,,0
42.50_-74.50,42.2800,-74.3800,1,15.9875,8
42.50_-74.50,42.2800,-74.3800,2,15.8750,8
42.50_-74.50,42.2800,-74.3800,3,16.2167,8
42.50_-74.50,42.2800,-74.3800,4,16.6063,8
42.50_-74.50,42.2800,-74.3800,5,16.7550,8
42.50_-74.50,42.2800,-74.3800,6,16.8188,8
42.50_-74.50,42.2800,-74.3800,7,16.7071,8
42.50_-74.50,42.2800,-74.3800,8,16.5016,8
42.50_-74.50,42.2800,-74.3800,9,16.3347,8
42.50_-74.50,42.2800,-74.3800,10,16.2300,8
42.50_-74.50,42.2800,-74.3800,11,16.2136,8
42.50_-74.50,42.2800,-74.3800,12,16.2021,8
42.50_-74.50,42.2800,-74.3800,13,16.2038,8
42.50_-74.50,42.2800,-74.3800,14,16.1839,8
42.50_-74.50,42.2800,-74.3800,15,16.1233,8
42.50_-74.50,42.2800,-74.3800,16,16.0484,8
42.50_-74.50,42.2800,-74.3800,17,16.0029,8
42.50_-74.50,42.2800,-74.3800,18,15.9569,8
42.50_-74.50,42.2800,-74.3800,19,15.8395,8
42.50_-74.50,42.2800,-74.3800,20,15.6869,8
42.50_-74.50,42.2800,-74.3800,21,15.5821,8
42.50_-74.50,42.2800,-74.3800,22,15.5199,8
42.50_-74.50,42.2800,-74.3800,23,15.4266,8
42.50_-74.50,42.2800,-74.3800,24,15.2990,8
42.50_-74.50,42.2800,-74.3800,25,15.2120,8
42.50_-74.50,42.2800,-74.3800,26,15.1769,8
42.50_-74.50,42.2800,-74.3800,27,15.1097,8
42.50_-74.50,42.2800,-74.3800,28,15.0888,8
42.50_-74.50,42.2800,-74.3800,29,15.0022,8
42.50_-74.50,42.2800,-74.3800,30,14.8829,8
42.50_-74.50,42.2800,-74.3800,31,14.8012,8
42.50_-74.50,42.2800,-74.3800,32,14.7207,8
42.50_-74.50,42.2800,-74.3800,33,14.6148,8
42.50_-74.50,42.2800,-74.3800,34,14.5474,8
42.50_-74.50,42.2800,-74.3800,35,14.4646,8
42.50_-74.50,42.2800,-74.3800,36,14.4354,8
42.50_-74.50,42.2800,-74.3800,37,14.4172,8
42.50_-74.50,42.2800,-74.3800,38,14.3023,8
42.50_-74.50,42.2800,-74.3800,39,14.1663,8
42.50_-74.50,42.2800,-74.3800,40,14.0687,8
42.50_-74.50,42.2800,-74.3800,41,13.9893,8
42.50_-74.50,42.2800,-74.3800,42,13.8935,8
42.50_-74.50,42.2800,-74.3800,43,13.7651,8
42.50_-74.50,42.2800,-74.3800,44,13.6491,8
42.50_-74.50,42.2800,-74.3800,45,13.5481,8
42.50_-74.50,42.2800,-74.3800,46,13.4109,8
42.50_-74.50,42.2800,-74.3800,47,13.2471,8
42.50_-74.50,42.2800,-74.3800,48,13.0820,8
42.50_-74.50,42.2800,-74.3800,49,12.9689,8
42.50_-74.50,42.2800,-74.3800,50,12.8932,8
42.50_-74.50,42.2800,-74.3800,51,12.8172,8
42.50_-74.50,42.2800,-74.3800,52,12.7464,8
42.50_-74.50,42.2800,-74.3800,53,12.6705,8
42.50_-74.50,42.2800,-74.3800,54,12.5711,8
42.50_-74.50,42.2800,-74.3800,55,12.4807,8
42.50_-74.50,42.2800,-74.3800,56,12.4009,8
42.50_-74.50,42.2800,-74.3800,57,12.2943,8
42.50_-74.50,42.2800,-74.3800,58,12.1845,8
42.50_-74.50,42.2800,-74.3800,59,12.0697,8
42.50_-74.50,42.2800,-74.3800,60,11.9806,8
42.50_-74.50,42.2800,-74.3800,61,11.9086,8
42.50_-74.50,42.2800,-74.3800,62,11.8198,8
42.50_-74.50,42.2800,-74.3800,63,11.6992,8
42.50_-74.50,42.2800,-74.3800,64,11.5727,8
42.50_-74.50,42.2800,-74.3800,65,11.4677,8
42.50_-74.50,42.2800,-74.3800,66,11.4085,8
42.50_-74.50,42.2800,-74.3800,67,11.3479,8
42.50_-74.50,42.2800,-74.3800,68,11.2873,8
42.50_-74.50,42.2800,-74.3800,69,11.1777,8
42.50_-74.50,42.2800,-74.3800,70,11.0693,8
42.50_-74.50,42.2800,-74.3800,71,10.9799,8
42.50_-74.50,42.2800,-74.3800,72,10.8946,8
42.50_-74.50,42.2800,-74.3800,73,10.7825,8
42.50_-74.50,42.2800,-74.3800,74,10.6336,8
42.50_-74.50,42.2800,-74.3800,75,10.4765,8
42.50_-74.50,42.2800,-74.3800,76,10.3359,8
42.50_-74.50,42.2800,-74.3800,77,10.2076,8
42.50_-74.50,42.2800,-74.3800,78,10.0861,8
42.50_-74.50,42.2800,-74.3800,79,9.9614,8
42.50_-74.50,42.2800,-74.3800,80,9.8336,8
42.50_-74.50,42.2800,-74.3800,81,9.7130,8
42.50_-74.50,42.2800,-74.3800,82,9.5950,8
42.50_-74.50,42.2800,-74.3800,83,9.4646,8
42.50_-74.50,42.2800,-74.3800,84,9.3271,8
42.50_-74.50,42.2800,-74.3800,85,9.2075,8
42.50_-74.50,42.2800,-74.3800,86,9.1164,8
42.50_-74.50,42.2800,-74.3800,87,9.0481,8
42.50_-74.50,42.2800,-74.3800,88,8.9589,8
42.50_-74.50,42.2800,-74.3800,89,8.8445,8
42.50_-74.50,42.2800,-74.3800,90,8.7132,8
42.50_-74.50,42.2800,-74.3800,91,8.6018,8
42.50_-75.50,42.3500,-75.6300,0,,0
42.50_-75.50,42.3500,-75.6300,1,17.3500,8
42.50_-75.50,42.3500,-75.6300,2,17.3000,8
42.50_-75.50,42.3500,-75.6300,3,17.5958,8
42.50_-75.50,42.3500,-75.6300,4,17.9469,8
42.50_-75.50,42.3500,-75.6300,5,18.1175,8
42.50_-75.50,42.3500,-75.6300,6,18.1458,8
42.50_-75.50,42.3500,-75.6300,7,18.0411,8
42.50_-75.50,42.3500,-75.6300,8,17.8531,8
42.50_-75.50,42.3500,-75.6300,9,17.6639,8
42.50_-75.50,42.3500,-75.6300,10,17.5625,8
42.50_-75.50,42.3500,-75.6300,11,17.5250,8
42.50_-75.50,42.3500,-75.6300,12,17.5385,8
42.50_-75.50,42.3500,-75.6300,13,17.5269,8
42.50_-75.50,42.3500,-75.6300,14,17.4991,8
42.50_-75.50,42.3500,-75.6300,15,17.4192,8
42.50_-75.50,42.3500,-75.6300,16,17.3523,8
42.50_-75.50,42.3500,-75.6300,17,17.3110,8
42.50_-75.50,42.3500,-75.6300,18,17.2701,8
42.50_-75.50,42.3500,-75.6300,19,17.1408,8
42.50_-75.50,42.3500,-75.6300,20,16.9944,8
42.50_-75.50,42.3500,-75.6300,21,16.9238,8
42.50_-75.50,42.3500,-75.6300,22,16.8665,8
42.50_-75.50,42.3500,-75.6300,23,16.7533,8
42.50_-75.50,42.3500,-75.6300,24,16.6260,8
42.50_-75.50,42.3500,-75.6300,25,16.5525,8
42.50_-75.50,42.3500,-75.6300,26,16.5091,8
42.50_-75.50,42.3500,-75.6300,27,16.4394,8
42.50_-75.50,42.3500,-75.6300,28,16.4183,8
42.50_-75.50,42.3500,-75.6300,29,16.3211,8
42.50_-75.50,42.3500,-75.6300,30,16.2054,8
42.50_-75.50,42.3500,-75.6300,31,16.1351,8
42.50_-75.50,42.3500,-75.6300,32,16.0625,8
42.50_-75.50,42.3500,-75.6300,33,15.9545,8
42.50_-75.50,42.3500,-75.6300,34,15.8816,8
42.50_-75.50,42.3500,-75.6300,35,15.8068,8
42.50_-75.50,42.3500,-75.6300,36,15.7858,8
42.50_-75.50,42.3500,-75.6300,37,15.7500,8
42.50_-75.50,42.3500,-75.6300,38,15.6418,8
42.50_-75.50,42.3500,-75.6300,39,15.5151,8
42.50_-75.50,42.3500,-75.6300,40,15.4209,8
42.50_-75.50,42.3500,-75.6300,41,15.3415,8
42.50_-75.50,42.3500,-75.6300,42,15.2515,8
42.50_-75.50,42.3500,-75.6300,43,15.1302,8
42.50_-75.50,42.3500,-75.6300,44,15.0085,8
42.50_-75.50,42.3500,-75.6300,45,14.9042,8
42.50_-75.50,42.3500,-75.6300,46,14.7611,8
42.50_-75.50,42.3500,-75.6300,47,14.5957,8
42.50_-75.50,42.3500,-75.6300,48,14.4302,8
42.50_-75.50,42.3500,-75.6300,49,14.3120,8
42.50_-75.50,42.3500,-75.6300,50,14.2282,8
42.50_-75.50,42.3500,-75.6300,51,14.1483,8
42.50_-75.50,42.3500,-75.6300,52,14.0695,8
42.50_-75.50,42.3500,-75.6300,53,13.9899,8
42.50_-75.50,42.3500,-75.6300,54,13.8810,8
42.50_-75.50,42.3500,-75.6300,55,13.7923,8
42.50_-75.50,42.3500,-75.6300,56,13.7170,8
42.50_-75.50,42.3500,-75.6300,57,13.6103,8
42.50_-75.50,42.3500,-75.6300,58,13.5030,8
42.50_-75.50,42.3500,-75.6300,59,13.3945,8
42.50_-75.50,42.3500,-75.6300,60,13.3040,8
42.50_-75.50,42.3500,-75.6300,61,13.2277,8
42.50_-75.50,42.3500,-75.6300,62,13.1306,8
42.50_-75.50,42.3500,-75.6300,63,13.0079,8
42.50_-75.50,42.3500,-75.6300,64,12.8811,8
42.50_-75.50,42.3500,-75.6300,65,12.7781,8
42.50_-75.50,42.3500,-75.6300,66,12.7119,8
42.50_-75.50,42.3500,-75.6300,67,12.6489,8
42.50_-75.50,42.3500,-75.6300,68,12.5767,8
42.50_-75.50,42.3500,-75.6300,69,12.4659,8
42.50_-75.50,42.3500,-75.6300,70,12.3577,8
42.50_-75.50,42.3500,-75.6300,71,12.2607,8
42.50_-75.50,42.3500,-75.6300,72,12.1719,8
42.50_-75.50,42.3500,-75.6300,73,12.0541,8
42.50_-75.50,42.3500,-75.6300,74,11.9017,8
42.50_-75.50,42.3500,-75.6300,75,11.7460,8
42.50_-75.50,42.3500,-75.6300,76,11.6053,8
42.50_-75.50,42.3500,-75.6300,77,11.4804,8
42.50_-75.50,42.3500,-75.6300,78,11.3579,8
42.50_-75.50,42.3500,-75.6300,79,11.2305,8
42.50_-75.50,42.3500,-75.6300,80,11.0969,8
42.50_-75.50,42.3500,-75.6300,81,10.9762,8
42.50_-75.50,42.3500,-75.6300,82,10.8579,8
42.50_-75.50,42.3500,-75.6300,83,10.7282,8
42.50_-75.50,42.3500,-75.6300,84,10.5893,8
42.50_-75.50,42.3500,-75.6300,85,10.4701,8
42.50_-75.50,42.3500,-75.6300,86,10.3786,8
42.50_-75.50,42.3500,-75.6300,87,10.3115,8
42.50_-75.50,42.3500,-75.6300,88,10.2216,8
42.50_-75.50,42.3500,-75.6300,89,10.1072,8
42.50_-75.50,42.3500,-75.6300,90,9.9761,8
42.50_-75.50,42.3500,-75.6300,91,9.8629,8
42.50_-76.50,42.4600,-76.4700,0,,0
42.50_-76.50,42.4600,-76.4700,1,18.4375,8
42.50_-76.50,42.4600,-76.4700,2,18.5625,8
42.50_-76.50,42.4600,-76.4700,3,18.9208,8
42.50_-76.50,42.4600,-76.4700,4,19.2250,8
42.50_-76.50,42.4600,-76.4700,5,19.3100,8
42.50_-76.50,42.4600,-76.4700,6,19.2854,8
42.50_-76.50,42.4600,-76.4700,7,19.1875,8
42.50_-76.50,42.4600,-76.4700,8,18.9656,8
42.50_-76.50,42.4600,-76.4700,9,18.7403,8
42.50_-76.50,42.4600,-76.4700,10,18.6288,8
42.50_-76.50,42.4600,-76.4700,11,18.5920,8
42.50_-76.50,42.4600,-76.4700,12,18.5917,8
42.50_-76.50,42.4600,-76.4700,13,18.5663,8
42.50_-76.50,42.4600,-76.4700,14,18.5464,8
42.50_-76.50,42.4600,-76.4700,15,18.4567,8
42.50_-76.50,42.4600,-76.4700,16,18.4023,8
42.50_-76.50,42.4600,-76.4700,17,18.3625,8
42.50_-76.50,42.4600,-76.4700,18,18.3042,8
42.50_-76.50,42.4600,-76.4700,19,18.1730,8
42.50_-76.50,42.4600,-76.4700,20,18.0369,8
42.50_-76.50,42.4600,-76.4700,21,18.0006,8
42.50_-76.50,42.4600,-76.4700,22,17.9511,8
42.50_-76.50,42.4600,-76.4700,23,17.8397,8
42.50_-76.50,42.4600,-76.4700,24,17.7297,8
42.50_-76.50,42.4600,-76.4700,25,17.6680,8
42.50_-76.50,42.4600,-76.4700,26,17.6269,8
42.50_-76.50,42.4600,-76.4700,27,17.5667,8
42.50_-76.50,42.4600,-76.4700,28,17.5393,8
42.50_-76.50,42.4600,-76.4700,29,17.4457,8
42.50_-76.50,42.4600,-76.4700,30,17.3279,8
42.50_-76.50,42.4600,-76.4700,31,17.2464,8
42.50_-76.50,42.4600,-76.4700,32,17.1625,8
42.50_-76.50,42.4600,-76.4700,33,17.0580,8
42.50_-76.50,42.4600,-76.4700,34,16.9890,8
42.50_-76.50,42.4600,-76.4700,35,16.9132,8
42.50_-76.50,42.4600,-76.4700,36,16.8938,8
42.50_-76.50,42.4600,-76.4700,37,16.8443,8
42.50_-76.50,42.4600,-76.4700,38,16.7382,8
42.50_-76.50,42.4600,-76.4700,39,16.6279,8
42.50_-76.50,42.4600,-76.4700,40,16.5388,8
42.50_-76.50,42.4600,-76.4700,41,16.4625,8
42.50_-76.50,42.4600,-76.4700,42,16.3720,8
42.50_-76.50,42.4600,-76.4700,43,16.2517,8
42.50_-76.50,42.4600,-76.4700,44,16.1259,8
42.50_-76.50,42.4600,-76.4700,45,16.0189,8
42.50_-76.50,42.4600,-76.4700,46,15.8755,8
42.50_-76.50,42.4600,-76.4700,47,15.7120,8
42.50_-76.50,42.4600,-76.4700,48,15.5536,8
42.50_-76.50,42.4600,-76.4700,49,15.4411,8
42.50_-76.50,42.4600,-76.4700,50,15.3525,8
42.50_-76.50,42.4600,-76.4700,51,15.2691,8
42.50_-76.50,42.4600,-76.4700,52,15.1846,8
42.50_-76.50,42.4600,-76.4700,53,15.1002,8
42.50_-76.50,42.4600,-76.4700,54,14.9926,8
42.50_-76.50,42.4600,-76.4700,55,14.9039,8
42.50_-76.50,42.4600,-76.4700,56,14.8263,8
42.50_-76.50,42.4600,-76.4700,57,14.7173,8
42.50_-76.50,42.4600,-76.4700,58,14.6078,8
42.50_-76.50,42.4600,-76.4700,59,14.4994,8
42.50_-76.50,42.4600,-76.4700,60,14.4092,8
42.50_-76.50,42.4600,-76.4700,61,14.3336,8
42.50_-76.50,42.4600,-76.4700,62,14.2308,8
42.50_-76.50,42.4600,-76.4700,63,14.1101,8
42.50_-76.50,42.4600,-76.4700,64,13.9883,8
42.50_-76.50,42.4600,-76.4700,65,13.8958,8
42.50_-76.50,42.4600,-76.4700,66,13.8331,8
42.50_-76.50,42.4600,-76.4700,67,13.7735,8
42.50_-76.50,42.4600,-76.4700,68,13.6994,8
42.50_-76.50,42.4600,-76.4700,69,13.5875,8
42.50_-76.50,42.4600,-76.4700,70,13.4784,8
42.50_-76.50,42.4600,-76.4700,71,13.3819,8
42.50_-76.50,42.4600,-76.4700,72,13.2906,8
42.50_-76.50,42.4600,-76.4700,73,13.1707,8
42.50_-76.50,42.4600,-76.4700,74,13.0206,8
42.50_-76.50,42.4600,-76.4700,75,12.8747,8
42.50_-76.50,42.4600,-76.4700,76,12.7416,8
42.50_-76.50,42.4600,-76.4700,77,12.6213,8
42.50_-76.50,42.4600,-76.4700,78,12.5013,8
42.50_-76.50,42.4600,-76.4700,79,12.3799,8
42.50_-76.50,42.4600,-76.4700,80,12.2522,8
42.50_-76.50,42.4600,-76.4700,81,12.1380,8
42.50_-76.50,42.4600,-76.4700,82,12.0256,8
42.50_-76.50,42.4600,-76.4700,83,11.9062,8
42.50_-76.50,42.4600,-76.4700,84,11.7796,8
42.50_-76.50,42.4600,-76.4700,85,11.6665,8
42.50_-76.50,42.4600,-76.4700,86,11.5802,8
42.50_-76.50,42.4600,-76.4700,87,11.5134,8
42.50_-76.50,42.4600,-76.4700,88,11.4229,8
42.50_-76.50,42.4600,-76.4700,89,11.3079,8
42.50_-76.50,42.4600,-76.4700,90,11.1825,8
42.50_-76.50,42.4600,-76.4700,91,11.0724,8
42.50_-77.50,42.6700,-77.4900,0,,0
42.50_-77.50,42.6700,-77.4900,1,19.3750,8
42.50_-77.50,42.6700,-77.4900,2,19.4688,8
42.50_-77.50,42.6700,-77.4900,3,19.8417,8
42.50_-77.50,42.6700,-77.4900,4,20.0469,8
42.50_-77.50,42.6700,-77.4900,5,20.0575,8
42.50_-77.50,42.6700,-77.4900,6,19.9583,8
42.50_-77.50,42.6700,-77.4900,7,19.7500,8
42.50_-77.50,42.6700,-77.4900,8,19.4703,8
42.50_-77.50,42.6700,-77.4900,9,19.2375,8
42.50_-77.50,42.6700,-77.4900,10,19.1312,8
42.50_-77.50,42.6700,-77.4900,11,19.1011,8
42.50_-77.50,42.6700,-77.4900,12,19.1146,8
42.50_-77.50,42.6700,-77.4900,13,19.0875,8
42.50_-77.50,42.6700,-77.4900,14,19.0714,8
42.50_-77.50,42.6700,-77.4900,15,19.0017,8
42.50_-77.50,42.6700,-77.4900,16,18.9781,8
42.50_-77.50,42.6700,-77.4900,17,18.9713,8
42.50_-77.50,42.6700,-77.4900,18,18.9382,8
42.50_-77.50,42.6700,-77.4900,19,18.8217,8
42.50_-77.50,42.6700,-77.4900,20,18.7231,8
42.50_-77.50,42.6700,-77.4900,21,18.7351,8
42.50_-77.50,42.6700,-77.4900,22,18.6932,8
42.50_-77.50,42.6700,-77.4900,23,18.5957,8
42.50_-77.50,42.6700,-77.4900,24,18.4839,8
42.50_-77.50,42.6700,-77.4900,25,18.4215,8
42.50_-77.50,42.6700,-77.4900,26,18.3702,8
42.50_-77.50,42.6700,-77.4900,27,18.3130,8
42.50_-77.50,42.6700,-77.4900,28,18.2781,8
42.50_-77.50,42.6700,-77.4900,29,18.1659,8
42.50_-77.50,42.6700,-77.4900,30,18.0533,8
42.50_-77.50,42.6700,-77.4900,31,17.9685,8
42.50_-77.50,42.6700,-77.4900,32,17.8816,8
42.50_-77.50,42.6700,-77.4900,33,17.7890,8
42.50_-77.50,42.6700,-77.4900,34,17.7301,8
42.50_-77.50,42.6700,-77.4900,35,17.6529,8
42.50_-77.50,42.6700,-77.4900,36,17.6410,8
42.50_-77.50,42.6700,-77.4900,37,17.5706,8
42.50_-77.50,42.6700,-77.4900,38,17.4444,8
42.50_-77.50,42.6700,-77.4900,39,17.3295,8
42.50_-77.50,42.6700,-77.4900,40,17.2366,8
42.50_-77.50,42.6700,-77.4900,41,17.1546,8
42.50_-77.50,42.6700,-77.4900,42,17.0634,8
42.50_-77.50,42.6700,-77.4900,43,16.9326,8
42.50_-77.50,42.6700,-77.4900,44,16.7986,8
42.50_-77.50,42.6700,-77.4900,45,16.6786,8
42.50_-77.50,42.6700,-77.4900,46,16.5160,8
42.50_-77.50,42.6700,-77.4900,47,16.3388,8
42.50_-77.50,42.6700,-77.4900,48,16.1807,8
42.50_-77.50,42.6700,-77.4900,49,16.0684,8
42.50_-77.50,42.6700,-77.4900,50,15.9722,8
42.50_-77.50,42.6700,-77.4900,51,15.8909,8
42.50_-77.50,42.6700,-77.4900,52,15.8031,8
42.50_-77.50,42.6700,-77.4900,53,15.7160,8
42.50_-77.50,42.6700,-77.4900,54,15.6069,8
42.50_-77.50,42.6700,-77.4900,55,15.5116,8
42.50_-77.50,42.6700,-77.4900,56,15.4129,8
42.50_-77.50,42.6700,-77.4900,57,15.2971,8
42.50_-77.50,42.6700,-77.4900,58,15.1860,8
42.50_-77.50,42.6700,-77.4900,59,15.0786,8
42.50_-77.50,42.6700,-77.4900,60,14.9825,8
42.50_-77.50,42.6700,-77.4900,61,14.9059,8
42.50_-77.50,42.6700,-77.4900,62,14.7855,8
42.50_-77.50,42.6700,-77.4900,63,14.6514,8
42.50_-77.50,42.6700,-77.4900,64,14.5283,8
42.50_-77.50,42.6700,-77.4900,65,14.4408,8
42.50_-77.50,42.6700,-77.4900,66,14.3835,8
42.50_-77.50,42.6700,-77.4900,67,14.3218,8
42.50_-77.50,42.6700,-77.4900,68,14.2461,8
42.50_-77.50,42.6700,-77.4900,69,14.1303,8
42.50_-77.50,42.6700,-77.4900,70,14.0232,8
42.50_-77.50,42.6700,-77.4900,71,13.9289,8
42.50_-77.50,42.6700,-77.4900,72,13.8288,8
42.50_-77.50,42.6700,-77.4900,73,13.6930,8
42.50_-77.50,42.6700,-77.4900,74,13.5356,8
42.50_-77.50,42.6700,-77.4900,75,13.3838,8
42.50_-77.50,42.6700,-77.4900,76,13.2535,8
42.50_-77.50,42.6700,-77.4900,77,13.1205,8
42.50_-77.50,42.6700,-77.4900,78,12.9952,8
42.50_-77.50,42.6700,-77.4900,79,12.8653,8
42.50_-77.50,42.6700,-77.4900,80,12.7363,8
42.50_-77.50,42.6700,-77.4900,81,12.6173,8
42.50_-77.50,42.6700,-77.4900,82,12.4959,8
42.50_-77.50,42.6700,-77.4900,83,12.3639,8
42.50_-77.50,42.6700,-77.4900,84,12.2311,8
42.50_-77.50,42.6700,-77.4900,85,12.1165,8
42.50_-77.50,42.6700,-77.4900,86,12.0328,8
42.50_-77.50,42.6700,-77.4900,87,11.9618,8
42.50_-77.50,42.6700,-77.4900,88,11.8652,8
42.50_-77.50,42.6700,-77.4900,89,11.7402,8
42.50_-77.50,42.6700,-77.4900,90,11.6100,8
42.50_-77.50,42.6700,-77.4900,91,11.4937,8
42.50_-78.50,42.6000,-78.5300,0,,0
42.50_-78.50,42.6000,-78.5300,1,17.9875,8
42.50_-78.50,42.6000,-78.5300,2,17.9938,8
42.50_-78.50,42.6000,-78.5300,3,18.3292,8
42.50_-78.50,42.6000,-78.5300,4,18.4656,8
42.50_-78.50,42.6000,-78.5300,5,18.4900,8
42.50_-78.50,42.6000,-78.5300,6,18.3979,8
42.50_-78.50,42.6000,-78.5300,7,18.1714,8
42.50_-78.50,42.6000,-78.5300,8,17.8812,8
42.50_-78.50,42.6000,-78.5300,9,17.6681,8
42.50_-78.50,42.6000,-78.5300,10,17.6050,8
42.50_-78.50,42.6000,-78.5300,11,17.5761,8
42.50_-78.50,42.6000,-78.5300,12,17.6000,8
42.50_-78.50,42.6000,-78.5300,13,17.5923,8
42.50_-78.50,42.6000,-78.5300,14,17.5821,8
42.50_-78.50,42.6000,-78.5300,15,17.5192,8
42.50_-78.50,42.6000,-78.5300,16,17.5156,8
42.50_-78.50,42.6000,-78.5300,17,17.5368,8
42.50_-78.50,42.6000,-78.5300,18,17.5069,8
42.50_-78.50,42.6000,-78.5300,19,17.4039,8
42.50_-78.50,42.6000,-78.5300,20,17.3238,8
42.50_-78.50,42.6000,-78.5300,21,17.3565,8
42.50_-78.50,42.6000,-78.5300,22,17.3239,8
42.50_-78.50,42.6000,-78.5300,23,17.2337,8
42.50_-78.50,42.6000,-78.5300,24,17.1339,8
42.50_-78.50,42.6000,-78.5300,25,17.0865,8
42.50_-78.50,42.6000,-78.5300,26,17.0317,8
42.50_-78.50,42.6000,-78.5300,27,16.9806,8
42.50_-78.50,42.6000,-78.5300,28,16.9487,8
42.50_-78.50,42.6000,-78.5300,29,16.8405,8
42.50_-78.50,42.6000,-78.5300,30,16.7279,8
42.50_-78.50,42.6000,-78.5300,31,16.6496,8
42.50_-78.50,42.6000,-78.5300,32,16.5691,8
42.50_-78.50,42.6000,-78.5300,33,16.4795,8
42.50_-78.50,42.6000,-78.5300,34,16.4221,8
42.50_-78.50,42.6000,-78.5300,35,16.3493,8
42.50_-78.50,42.6000,-78.5300,36,16.3417,8
42.50_-78.50,42.6000,-78.5300,37,16.2720,8
42.50_-78.50,42.6000,-78.5300,38,16.1500,8
42.50_-78.50,42.6000,-78.5300,39,16.0375,8
42.50_-78.50,42.6000,-78.5300,40,15.9494,8
42.50_-78.50,42.6000,-78.5300,41,15.8689,8
42.50_-78.50,42.6000,-78.5300,42,15.7818,8
42.50_-78.50,42.6000,-78.5300,43,15.6517,8
42.50_-78.50,42.6000,-78.5300,44,15.5182,8
42.50_-78.50,42.6000,-78.5300,45,15.3947,8
42.50_-78.50,42.6000,-78.5300,46,15.2274,8
42.50_-78.50,42.6000,-78.5300,47,15.0455,8
42.50_-78.50,42.6000,-78.5300,48,14.8930,8
42.50_-78.50,42.6000,-78.5300,49,14.7806,8
42.50_-78.50,42.6000,-78.5300,50,14.6782,8
42.50_-78.50,42.6000,-78.5300,51,14.5914,8
42.50_-78.50,42.6000,-78.5300,52,14.5010,8
42.50_-78.50,42.6000,-78.5300,53,14.4137,8
42.50_-78.50,42.6000,-78.5300,54,14.3019,8
42.50_-78.50,42.6000,-78.5300,55,14.2066,8
42.50_-78.50,42.6000,-78.5300,56,14.1040,8
42.50_-78.50,42.6000,-78.5300,57,13.9879,8
42.50_-78.50,42.6000,-78.5300,58,13.8748,8
42.50_-78.50,42.6000,-78.5300,59,13.7767,8
42.50_-78.50,42.6000,-78.5300,60,13.6812,8
42.50_-78.50,42.6000,-78.5300,61,13.6051,8
42.50_-78.50,42.6000,-78.5300,62,13.4825,8
42.50_-78.50,42.6000,-78.5300,63,13.3460,8
42.50_-78.50,42.6000,-78.5300,64,13.2221,8
42.50_-78.50,42.6000,-78.5300,65,13.1425,8
42.50_-78.50,42.6000,-78.5300,66,13.0915,8
42.50_-78.50,42.6000,-78.5300,67,13.0274,8
42.50_-78.50,42.6000,-78.5300,68,12.9482,8
42.50_-78.50,42.6000,-78.5300,69,12.8346,8
42.50_-78.50,42.6000,-78.5300,70,12.7318,8
42.50_-78.50,42.6000,-78.5300,71,12.6379,8
42.50_-78.50,42.6000,-78.5300,72,12.5384,8
42.50_-78.50,42.6000,-78.5300,73,12.3988,8
42.50_-78.50,42.6000,-78.5300,74,12.2446,8
42.50_-78.50,42.6000,-78.5300,75,12.0960,8
42.50_-78.50,42.6000,-78.5300,76,11.9747,8
42.50_-78.50,42.6000,-78.5300,77,11.8411,8
42.50_-78.50,42.6000,-78.5300,78,11.7207,8
42.50_-78.50,42.6000,-78.5300,79,11.5918,8
42.50_-78.50,42.6000,-78.5300,80,11.4670,8
42.50_-78.50,42.6000,-78.5300,81,11.3548,8
42.50_-78.50,42.6000,-78.5300,82,11.2380,8
42.50_-78.50,42.6000,-78.5300,83,11.1063,8
42.50_-78.50,42.6000,-78.5300,84,10.9804,8
42.50_-78.50,42.6000,-78.5300,85,10.8684,8
42.50_-78.50,42.6000,-78.5300,86,10.7894,8
42.50_-78.50,42.6000,-78.5300,87,10.7149,8
42.50_-78.50,42.6000,-78.5300,88,10.6180,8
42.50_-78.50,42.6000,-78.5300,89,10.4916,8
42.50_-78.50,42.6000,-78.5300,90,10.3610,8
42.50_-78.50,42.6000,-78.5300,91,10.2452,8
42.50_-79.50,42.2900,-79.5300,0,,0
42.50_-79.50,42.2900,-79.5300,1,19.4000,8
42.50_-79.50,42.2900,-79.5300,2,19.4062,8
42.50_-79.50,42.2900,-79.5300,3,19.7500,8
42.50_-79.50,42.2900,-79.5300,4,19.7781,8
42.50_-79.50,42.2900,-79.5300,5,19.7675,8
42.50_-79.50,42.2900,-79.5300,6,19.6292,8
42.50_-79.50,42.2900,-79.5300,7,19.3929,8
42.50_-79.50,42.2900,-79.5300,8,19.1047,8
42.50_-79.50,42.2900,-79.5300,9,18.8792,8
42.50_-79.50,42.2900,-79.5300,10,18.8050,8
42.50_-79.50,42.2900,-79.5300,11,18.7580,8
42.50_-79.50,42.2900,-79.5300,12,18.7583,8
42.50_-79.50,42.2900,-79.5300,13,18.7317,8
42.50_-79.50,42.2900,-79.5300,14,18.7107,8
42.50_-79.50,42.2900,-79.5300,15,18.6500,8
42.50_-79.50,42.2900,-79.5300,16,18.6508,8
42.50_-79.50,42.2900,-79.5300,17,18.6625,8
42.50_-79.50,42.2900,-79.5300,18,18.6333,8
42.50_-79.50,42.2900,-79.5300,19,18.5289,8
42.50_-79.50,42.2900,-79.5300,20,18.4788,8
42.50_-79.50,42.2900,-79.5300,21,18.5292,8
42.50_-79.50,42.2900,-79.5300,22,18.4938,8
42.50_-79.50,42.2900,-79.5300,23,18.3962,8
42.50_-79.50,42.2900,-79.5300,24,18.3010,8
42.50_-79.50,42.2900,-79.5300,25,18.2540,8
42.50_-79.50,42.2900,-79.5300,26,18.1923,8
42.50_-79.50,42.2900,-79.5300,27,18.1477,8
42.50_-79.50,42.2900,-79.5300,28,18.1112,8
42.50_-79.50,42.2900,-79.5300,29,17.9987,8
42.50_-79.50,42.2900,-79.5300,30,17.9012,8
42.50_-79.50,42.2900,-79.5300,31,17.8319,8
42.50_-79.50,42.2900,-79.5300,32,17.7496,8
42.50_-79.50,42.2900,-79.5300,33,17.6652,8
42.50_-79.50,42.2900,-79.5300,34,17.6037,8
42.50_-79.50,42.2900,-79.5300,35,17.5254,8
42.50_-79.50,42.2900,-79.5300,36,17.5115,8
42.50_-79.50,42.2900,-79.5300,37,17.4372,8
42.50_-79.50,42.2900,-79.5300,38,17.3293,8
42.50_-79.50,42.2900,-79.5300,39,17.2295,8
42.50_-79.50,42.2900,-79.5300,40,17.1522,8
42.50_-79.50,42.2900,-79.5300,41,17.0851,8
42.50_-79.50,42.2900,-79.5300,42,16.9958,8
42.50_-79.50,42.2900,-79.5300,43,16.8672,8
42.50_-79.50,42.2900,-79.5300,44,16.7389,8
42.50_-79.50,42.2900,-79.5300,45,16.6200,8
42.50_-79.50,42.2900,-79.5300,46,16.4571,8
42.50_-79.50,42.2900,-79.5300,47,16.2838,8
42.50_-79.50,42.2900,-79.5300,48,16.1344,8
42.50_-79.50,42.2900,-79.5300,49,16.0230,8
42.50_-79.50,42.2900,-79.5300,50,15.9158,8
42.50_-79.50,42.2900,-79.5300,51,15.8287,8
42.50_-79.50,42.2900,-79.5300,52,15.7377,8
42.50_-79.50,42.2900,-79.5300,53,15.6502,8
42.50_-79.50,42.2900,-79.5300,54,15.5377,8
42.50_-79.50,42.2900,-79.5300,55,15.4480,8
42.50_-79.50,42.2900,-79.5300,56,15.3446,8
42.50_-79.50,42.2900,-79.5300,57,15.2327,8
42.50_-79.50,42.2900,-79.5300,58,15.1198,8
42.50_-79.50,42.2900,-79.5300,59,15.0258,8
42.50_-79.50,42.2900,-79.5300,60,14.9346,8
42.50_-79.50,42.2900,-79.5300,61,14.8611,8
42.50_-79.50,42.2900,-79.5300,62,14.7337,8
42.50_-79.50,42.2900,-79.5300,63,14.5950,8
42.50_-79.50,42.2900,-79.5300,64,14.4764,8
42.50_-79.50,42.2900,-79.5300,65,14.4006,8
42.50_-79.50,42.2900,-79.5300,66,14.3502,8
42.50_-79.50,42.2900,-79.5300,67,14.2834,8
42.50_-79.50,42.2900,-79.5300,68,14.2039,8
42.50_-79.50,42.2900,-79.5300,69,14.0989,8
42.50_-79.50,42.2900,-79.5300,70,14.0007,8
42.50_-79.50,42.2900,-79.5300,71,13.9076,8
42.50_-79.50,42.2900,-79.5300,72,13.8104,8
42.50_-79.50,42.2900,-79.5300,73,13.6729,8
42.50_-79.50,42.2900,-79.5300,74,13.5291,8
42.50_-79.50,42.2900,-79.5300,75,13.3825,8
42.50_-79.50,42.2900,-79.5300,76,13.2630,8
42.50_-79.50,42.2900,-79.5300,77,13.1349,8
42.50_-79.50,42.2900,-79.5300,78,13.0183,8
42.50_-79.50,42.2900,-79.5300,79,12.8903,8
42.50_-79.50,42.2900,-79.5300,80,12.7698,8
42.50_-79.50,42.2900,-79.5300,81,12.6594,8
42.50_-79.50,42.2900,-79.5300,82,12.5421,8
42.50_-79.50,42.2900,-79.5300,83,12.4151,8
42.50_-79.50,42.2900,-79.5300,84,12.2940,8
42.50_-79.50,42.2900,-79.5300,85,12.1876,8
42.50_-79.50,42.2900,-79.5300,86,12.1094,8
42.50_-79.50,42.2900,-79.5300,87,12.0329,8
42.50_-79.50,42.2900,-79.5300,88,11.9322,8
42.50_-79.50,42.2900,-79.5300,89,11.8069,8
42.50_-79.50,42.2900,-79.5300,90,11.6774,8
42.50_-79.50,42.2900,-79.5300,91,11.5607,8
42.50_-80.50,42.5200,-80.3200,0,,0
42.50_-80.50,42.5200,-80.3200,1,20.4375,8
42.50_-80.50,42.5200,-80.3200,2,20.1750,8
42.50_-80.50,42.5200,-80.3200,3,20.0875,8
42.50_-80.50,42.5200,-80.3200,4,20.0531,8
42.50_-80.50,42.5200,-80.3200,5,19.9225,8
42.50_-80.50,42.5200,-80.3200,6,19.8104,8
42.50_-80.50,42.5200,-80.3200,7,19.6161,8
42.50_-80.50,42.5200,-80.3200,8,19.3500,8
42.50_-80.50,42.5200,-80.3200,9,19.2014,8
42.50_-80.50,42.5200,-80.3200,10,19.1775,8
42.50_-80.50,42.5200,-80.3200,11,19.1523,8
42.50_-80.50,42.5200,-80.3200,12,19.1292,8
42.50_-80.50,42.5200,-80.3200,13,19.0731,8
42.50_-80.50,42.5200,-80.3200,14,19.0232,8
42.50_-80.50,42.5200,-80.3200,15,18.9742,8
42.50_-80.50,42.5200,-80.3200,16,18.9914,8
42.50_-80.50,42.5200,-80.3200,17,19.0162,8
42.50_-80.50,42.5200,-80.3200,18,18.9861,8
42.50_-80.50,42.5200,-80.3200,19,18.8862,8
42.50_-80.50,42.5200,-80.3200,20,18.8444,8
42.50_-80.50,42.5200,-80.3200,21,18.8601,8
42.50_-80.50,42.5200,-80.3200,22,18.8097,8
42.50_-80.50,42.5200,-80.3200,23,18.7141,8
42.50_-80.50,42.5200,-80.3200,24,18.6276,8
42.50_-80.50,42.5200,-80.3200,25,18.5770,8
42.50_-80.50,42.5200,-80.3200,26,18.5187,8
42.50_-80.50,42.5200,-80.3200,27,18.4671,8
42.50_-80.50,42.5200,-80.3200,28,18.4170,8
42.50_-80.50,42.5200,-80.3200,29,18.3237,8
42.50_-80.50,42.5200,-80.3200,30,18.2425,8
42.50_-80.50,42.5200,-80.3200,31,18.1831,8
42.50_-80.50,42.5200,-80.3200,32,18.1023,8
42.50_-80.50,42.5200,-80.3200,33,18.0280,8
42.50_-80.50,42.5200,-80.3200,34,17.9842,8
42.50_-80.50,42.5200,-80.3200,35,17.9104,8
42.50_-80.50,42.5200,-80.3200,36,17.8753,8
42.50_-80.50,42.5200,-80.3200,37,17.7949,8
42.50_-80.50,42.5200,-80.3200,38,17.6908,8
42.50_-80.50,42.5200,-80.3200,39,17.5981,8
42.50_-80.50,42.5200,-80.3200,40,17.5238,8
42.50_-80.50,42.5200,-80.3200,41,17.4616,8
42.50_-80.50,42.5200,-80.3200,42,17.3759,8
42.50_-80.50,42.5200,-80.3200,43,17.2645,8
42.50_-80.50,42.5200,-80.3200,44,17.1531,8
42.50_-80.50,42.5200,-80.3200,45,17.0419,8
42.50_-80.50,42.5200,-80.3200,46,16.8992,8
42.50_-80.50,42.5200,-80.3200,47,16.7503,8
42.50_-80.50,42.5200,-80.3200,48,16.6221,8
42.50_-80.50,42.5200,-80.3200,49,16.5194,8
42.50_-80.50,42.5200,-80.3200,50,16.4188,8
42.50_-80.50,42.5200,-80.3200,51,16.3292,8
42.50_-80.50,42.5200,-80.3200,52,16.2303,8
42.50_-80.50,42.5200,-80.3200,53,16.1382,8
42.50_-80.50,42.5200,-80.3200,54,16.0234,8
42.50_-80.50,42.5200,-80.3200,55,15.9241,8
42.50_-80.50,42.5200,-80.3200,56,15.8163,8
42.50_-80.50,42.5200,-80.3200,57,15.7094,8
42.50_-80.50,42.5200,-80.3200,58,15.6091,8
42.50_-80.50,42.5200,-80.3200,59,15.5206,8
42.50_-80.50,42.5200,-80.3200,60,15.4167,8
42.50_-80.50,42.5200,-80.3200,61,15.3277,8
42.50_-80.50,42.5200,-80.3200,62,15.2065,8
42.50_-80.50,42.5200,-80.3200,63,15.0784,8
42.50_-80.50,42.5200,-80.3200,64,14.9699,8
42.50_-80.50,42.5200,-80.3200,65,14.8938,8
42.50_-80.50,42.5200,-80.3200,66,14.8297,8
42.50_-80.50,42.5200,-80.3200,67,14.7560,8
42.50_-80.50,42.5200,-80.3200,68,14.6741,8
42.50_-80.50,42.5200,-80.3200,69,14.5636,8
42.50_-80.50,42.5200,-80.3200,70,14.4645,8
42.50_-80.50,42.5200,-80.3200,71,14.3695,8
42.50_-80.50,42.5200,-80.3200,72,14.2726,8
42.50_-80.50,42.5200,-80.3200,73,14.1485,8
42.50_-80.50,42.5200,-80.3200,74,14.0209,8
42.50_-80.50,42.5200,-80.3200,75,13.8910,8
42.50_-80.50,42.5200,-80.3200,76,13.7859,8
42.50_-80.50,42.5200,-80.3200,77,13.6718,8
42.50_-80.50,42.5200,-80.3200,78,13.5638,8
42.50_-80.50,42.5200,-80.3200,79,13.4506,8
42.50_-80.50,42.5200,-80.3200,80,13.3420,8
42.50_-80.50,42.5200,-80.3200,81,13.2364,8
42.50_-80.50,42.5200,-80.3200,82,13.1360,8
42.50_-80.50,42.5200,-80.3200,83,13.0167,8
42.50_-80.50,42.5200,-80.3200,84,12.9124,8
42.50_-80.50,42.5200,-80.3200,85,12.8137,8
42.50_-80.50,42.5200,-80.3200,86,12.7379,8
42.50_-80.50,42.5200,-80.3200,87,12.6588,8
42.50_-80.50,42.5200,-80.3200,88,12.5588,8
42.50_-80.50,42.5200,-80.3200,89,12.4400,8
42.50_-80.50,42.5200,-80.3200,90,12.3226,8
42.50_-80.50,42.5200,-80.3200,91,12.2202,8
43.50_-69.50,43.8400,-69.8400,0,,0
43.50_-69.50,43.8400,-69.8400,1,18.4500,8
43.50_-69.50,43.8400,-69.8400,2,18.1375,8
43.50_-69.50,43.8400,-69.8400,3,18.2833,8
43.50_-69.50,43.8400,-69.8400,4,18.5969,8
43.50_-69.50,43.8400,-69.8400,5,18.6750,8
43.50_-69.50,43.8400,-69.8400,6,18.7688,8
43.50_-69.50,43.8400,-69.8400,7,18.6411,8
43.50_-69.50,43.8400,-69.8400,8,18.5344,8
43.50_-69.50,43.8400,-69.8400,9,18.4056,8
43.50_-69.50,43.8400,-69.8400,10,18.3275,8
43.50_-69.50,43.8400,-69.8400,11,18.3261,8
43.50_-69.50,43.8400,-69.8400,12,18.2792,8
43.50_-69.50,43.8400,-69.8400,13,18.2260,8
43.50_-69.50,43.8400,-69.8400,14,18.2080,8
43.50_-69.50,43.8400,-69.8400,15,18.1092,8
43.50_-69.50,43.8400,-69.8400,16,18.0320,8
43.50_-69.50,43.8400,-69.8400,17,17.9676,8
43.50_-69.50,43.8400,-69.8400,18,17.8958,8
43.50_-69.50,43.8400,-69.8400,19,17.7895,8
43.50_-69.50,43.8400,-69.8400,20,17.6494,8
43.50_-69.50,43.8400,-69.8400,21,17.5405,8
43.50_-69.50,43.8400,-69.8400,22,17.4670,8
43.50_-69.50,43.8400,-69.8400,23,17.4038,8
43.50_-69.50,43.8400,-69.8400,24,17.3193,8
43.50_-69.50,43.8400,-69.8400,25,17.2425,8
43.50_-69.50,43.8400,-69.8400,26,17.2168,8
43.50_-69.50,43.8400,-69.8400,27,17.1755,8
43.50_-69.50,43.8400,-69.8400,28,17.1304,8
43.50_-69.50,43.8400,-69.8400,29,17.0672,8
43.50_-69.50,43.8400,-69.8400,30,16.9704,8
43.50_-69.50,43.8400,-69.8400,31,16.8714,8
43.50_-69.50,43.8400,-69.8400,32,16.7582,8
43.50_-69.50,43.8400,-69.8400,33,16.6402,8
43.50_-69.50,43.8400,-69.8400,34,16.5544,8
43.50_-69.50,43.8400,-69.8400,35,16.4693,8
43.50_-69.50,43.8400,-69.8400,36,16.4115,8
43.50_-69.50,43.8400,-69.8400,37,16.3807,8
43.50_-69.50,43.8400,-69.8400,38,16.2895,8
43.50_-69.50,43.8400,-69.8400,39,16.1740,8
43.50_-69.50,43.8400,-69.8400,40,16.0803,8
43.50_-69.50,43.8400,-69.8400,41,15.9796,8
43.50_-69.50,43.8400,-69.8400,42,15.8872,8
43.50_-69.50,43.8400,-69.8400,43,15.7939,8
43.50_-69.50,43.8400,-69.8400,44,15.7222,8
43.50_-69.50,43.8400,-69.8400,45,15.6444,8
43.50_-69.50,43.8400,-69.8400,46,15.5587,8
43.50_-69.50,43.8400,-69.8400,47,15.4561,8
43.50_-69.50,43.8400,-69.8400,48,15.3453,8
43.50_-69.50,43.8400,-69.8400,49,15.2487,8
43.50_-69.50,43.8400,-69.8400,50,15.1800,8
43.50_-69.50,43.8400,-69.8400,51,15.1179,8
43.50_-69.50,43.8400,-69.8400,52,15.0502,8
43.50_-69.50,43.8400,-69.8400,53,14.9816,8
43.50_-69.50,43.8400,-69.8400,54,14.9005,8
43.50_-69.50,43.8400,-69.8400,55,14.8039,8
43.50_-69.50,43.8400,-69.8400,56,14.7154,8
43.50_-69.50,43.8400,-69.8400,57,14.6215,8
43.50_-69.50,43.8400,-69.8400,58,14.5175,8
43.50_-69.50,43.8400,-69.8400,59,14.4030,8
43.50_-69.50,43.8400,-69.8400,60,14.2983,8
43.50_-69.50,43.8400,-69.8400,61,14.2289,8
43.50_-69.50,43.8400,-69.8400,62,14.1677,8
43.50_-69.50,43.8400,-69.8400,63,14.0563,8
43.50_-69.50,43.8400,-69.8400,64,13.9445,8
43.50_-69.50,43.8400,-69.8400,65,13.8388,8
43.50_-69.50,43.8400,-69.8400,66,13.7752,8
43.50_-69.50,43.8400,-69.8400,67,13.7201,8
43.50_-69.50,43.8400,-69.8400,68,13.6721,8
43.50_-69.50,43.8400,-69.8400,69,13.5792,8
43.50_-69.50,43.8400,-69.8400,70,13.4621,8
43.50_-69.50,43.8400,-69.8400,71,13.3861,8
43.50_-69.50,43.8400,-69.8400,72,13.3021,8
43.50_-69.50,43.8400,-69.8400,73,13.2103,8
43.50_-69.50,43.8400,-69.8400,74,13.0845,8
43.50_-69.50,43.8400,-69.8400,75,12.9367,8
43.50_-69.50,43.8400,-69.8400,76,12.8059,8
43.50_-69.50,43.8400,-69.8400,77,12.6935,8
43.50_-69.50,43.8400,-69.8400,78,12.5817,8
43.50_-69.50,43.8400,-69.8400,79,12.4688,8
43.50_-69.50,43.8400,-69.8400,80,12.3484,8
43.50_-69.50,43.8400,-69.8400,81,12.2293,8
43.50_-69.50,43.8400,-69.8400,82,12.1195,8
43.50_-69.50,43.8400,-69.8400,83,12.0145,8
43.50_-69.50,43.8400,-69.8400,84,11.8975,8
43.50_-69.50,43.8400,-69.8400,85,11.7779,8
43.50_-69.50,43.8400,-69.8400,86,11.6760,8
43.50_-69.50,43.8400,-69.8400,87,11.5915,8
43.50_-69.50,43.8400,-69.8400,88,11.5155,8
43.50_-69.50,43.8400,-69.8400,89,11.4202,8
43.50_-69.50,43.8400,-69.8400,90,11.3068,8
43.50_-69.50,43.8400,-69.8400,91,11.2070,8
43.50_-70.50,43.2100,-70.8600,0,,0
43.50_-70.50,43.2100,-70.8600,1,18.7625,8
43.50_-70.50,43.2100,-70.8600,2,18.5938,8
43.50_-70.50,43.2100,-70.8600,3,19.0500,8
43.50_-70.50,43.2100,-70.8600,4,19.5094,8
43.50_-70.50,43.2100,-70.8600,5,19.5675,8
43.50_-70.50,43.2100,-70.8600,6,19.6750,8
43.50_-70.50,43.2100,-70.8600,7,19.5607,8
43.50_-70.50,43.2100,-70.8600,8,19.4109,8
43.50_-70.50,43.2100,-70.8600,9,19.2556,8
43.50_-70.50,43.2100,-70.8600,10,19.1288,8
43.50_-70.50,43.2100,-70.8600,11,19.1250,8
43.50_-70.50,43.2100,-70.8600,12,19.0698,8
43.50_-70.50,43.2100,-70.8600,13,19.0058,8
43.50_-70.50,43.2100,-70.8600,14,18.9589,8
43.50_-70.50,43.2100,-70.8600,15,18.8758,8
43.50_-70.50,43.2100,-70.8600,16,18.7914,8
43.50_-70.50,43.2100,-70.8600,17,18.7368,8
43.50_-70.50,43.2100,-70.8600,18,18.6778,8
43.50_-70.50,43.2100,-70.8600,19,18.5480,8
43.50_-70.50,43.2100,-70.8600,20,18.3800,8
43.50_-70.50,43.2100,-70.8600,21,18.2411,8
43.50_-70.50,43.2100,-70.8600,22,18.1534,8
43.50_-70.50,43.2100,-70.8600,23,18.0946,8
43.50_-70.50,43.2100,-70.8600,24,18.0083,8
43.50_-70.50,43.2100,-70.8600,25,17.9140,8
43.50_-70.50,43.2100,-70.8600,26,17.9010,8
43.50_-70.50,43.2100,-70.8600,27,17.8648,8
43.50_-70.50,43.2100,-70.8600,28,17.8335,8
43.50_-70.50,43.2100,-70.8600,29,17.7642,8
43.50_-70.50,43.2100,-70.8600,30,17.6538,8
43.50_-70.50,43.2100,-70.8600,31,17.5435,8
43.50_-70.50,43.2100,-70.8600,32,17.4164,8
43.50_-70.50,43.2100,-70.8600,33,17.2917,8
43.50_-70.50,43.2100,-70.8600,34,17.2140,8
43.50_-70.50,43.2100,-70.8600,35,17.1193,8
43.50_-70.50,43.2100,-70.8600,36,17.0618,8
43.50_-70.50,43.2100,-70.8600,37,17.0520,8
43.50_-70.50,43.2100,-70.8600,38,16.9477,8
43.50_-70.50,43.2100,-70.8600,39,16.8135,8
43.50_-70.50,43.2100,-70.8600,40,16.7134,8
43.50_-70.50,43.2100,-70.8600,41,16.6067,8
43.50_-70.50,43.2100,-70.8600,42,16.5128,8
43.50_-70.50,43.2100,-70.8600,43,16.4023,8
43.50_-70.50,43.2100,-70.8600,44,16.3116,8
43.50_-70.50,43.2100,-70.8600,45,16.2139,8
43.50_-70.50,43.2100,-70.8600,46,16.1141,8
43.50_-70.50,43.2100,-70.8600,47,15.9838,8
43.50_-70.50,43.2100,-70.8600,48,15.8471,8
43.50_-70.50,43.2100,-70.8600,49,15.7242,8
43.50_-70.50,43.2100,-70.8600,50,15.6465,8
43.50_-70.50,43.2100,-70.8600,51,15.5801,8
43.50_-70.50,43.2100,-70.8600,52,15.5055,8
43.50_-70.50,43.2100,-70.8600,53,15.4262,8
43.50_-70.50,43.2100,-70.8600,54,15.3377,8
43.50_-70.50,43.2100,-70.8600,55,15.2339,8
43.50_-70.50,43.2100,-70.8600,56,15.1420,8
43.50_-70.50,43.2100,-70.8600,57,15.0410,8
43.50_-70.50,43.2100,-70.8600,58,14.9278,8
43.50_-70.50,43.2100,-70.8600,59,14.7994,8
43.50_-70.50,43.2100,-70.8600,60,14.6910,8
43.50_-70.50,43.2100,-70.8600,61,14.6160,8
43.50_-70.50,43.2100,-70.8600,62,14.5429,8
43.50_-70.50,43.2100,-70.8600,63,14.4270,8
43.50_-70.50,43.2100,-70.8600,64,14.2975,8
43.50_-70.50,43.2100,-70.8600,65,14.1787,8
43.50_-70.50,43.2100,-70.8600,66,14.1047,8
43.50_-70.50,43.2100,-70.8600,67,14.0491,8
43.50_-70.50,43.2100,-70.8600,68,13.9972,8
43.50_-70.50,43.2100,-70.8600,69,13.8996,8
43.50_-70.50,43.2100,-70.8600,70,13.7811,8
43.50_-70.50,43.2100,-70.8600,71,13.6944,8
43.50_-70.50,43.2100,-70.8600,72,13.6097,8
43.50_-70.50,43.2100,-70.8600,73,13.5134,8
43.50_-70.50,43.2100,-70.8600,74,13.3797,8
43.50_-70.50,43.2100,-70.8600,75,13.2222,8
43.50_-70.50,43.2100,-70.8600,76,13.0773,8
43.50_-70.50,43.2100,-70.8600,77,12.9602,8
43.50_-70.50,43.2100,-70.8600,78,12.8375,8
43.50_-70.50,43.2100,-70.8600,79,12.7206,8
43.50_-70.50,43.2100,-70.8600,80,12.5906,8
43.50_-70.50,43.2100,-70.8600,81,12.4619,8
43.50_-70.50,43.2100,-70.8600,82,12.3415,8
43.50_-70.50,43.2100,-70.8600,83,12.2262,8
43.50_-70.50,43.2100,-70.8600,84,12.0972,8
43.50_-70.50,43.2100,-70.8600,85,11.9659,8
43.50_-70.50,43.2100,-70.8600,86,11.8541,8
43.50_-70.50,43.2100,-70.8600,87,11.7583,8
43.50_-70.50,43.2100,-70.8600,88,11.6729,8
43.50_-70.50,43.2100,-70.8600,89,11.5676,8
43.50_-70.50,43.2100,-70.8600,90,11.4500,8
43.50_-70.50,43.2100,-70.8600,91,11.3380,8
43.50_-71.50,43.5600,-71.5000,0,,0
43.50_-71.50,43.5600,-71.5000,1,18.1375,8
43.50_-71.50,43.5600,-71.5000,2,17.8625,8
43.50_-71.50,43.5600,-71.5000,3,18.3042,8
43.50_-71.50,43.5600,-71.5000,4,18.7312,8
43.50_-71.50,43.5600,-71.5000,5,18.8400,8
43.50_-71.50,43.5600,-71.5000,6,18.9042,8
43.50_-71.50,43.5600,-71.5000,7,18.8179,8
43.50_-71.50,43.5600,-71.5000,8,18.6562,8
43.50_-71.50,43.5600,-71.5000,9,18.5458,8
43.50_-71.50,43.5600,-71.5000,10,18.4438,8
43.50_-71.50,43.5600,-71.5000,11,18.3920,8
43.50_-71.50,43.5600,-71.5000,12,18.3531,8
43.50_-71.50,43.5600,-71.5000,13,18.3096,8
43.50_-71.50,43.5600,-71.5000,14,18.2420,8
43.50_-71.50,43.5600,-71.5000,15,18.1608,8
43.50_-71.50,43.5600,-71.5000,16,18.0828,8
43.50_-71.50,43.5600,-71.5000,17,18.0390,8
43.50_-71.50,43.5600,-71.5000,18,17.9951,8
43.50_-71.50,43.5600,-71.5000,19,17.8592,8
43.50_-71.50,43.5600,-71.5000,20,17.7019,8
43.50_-71.50,43.5600,-71.5000,21,17.5732,8
43.50_-71.50,43.5600,-71.5000,22,17.4869,8
43.50_-71.50,43.5600,-71.5000,23,17.4098,8
43.50_-71.50,43.5600,-71.5000,24,17.3141,8
43.50_-71.50,43.5600,-71.5000,25,17.2105,8
43.50_-71.50,43.5600,-71.5000,26,17.1779,8
43.50_-71.50,43.5600,-71.5000,27,17.1245,8
43.50_-71.50,43.5600,-71.5000,28,17.0929,8
43.50_-71.50,43.5600,-71.5000,29,17.0056,8
43.50_-71.50,43.5600,-71.5000,30,16.8967,8
43.50_-71.50,43.5600,-71.5000,31,16.7927,8
43.50_-71.50,43.5600,-71.5000,32,16.6617,8
43.50_-71.50,43.5600,-71.5000,33,16.5356,8
43.50_-71.50,43.5600,-71.5000,34,16.4548,8
43.50_-71.50,43.5600,-71.5000,35,16.3675,8
43.50_-71.50,43.5600,-71.5000,36,16.3049,8
43.50_-71.50,43.5600,-71.5000,37,16.2760,8
43.50_-71.50,43.5600,-71.5000,38,16.1543,8
43.50_-71.50,43.5600,-71.5000,39,16.0138,8
43.50_-71.50,43.5600,-71.5000,40,15.9069,8
43.50_-71.50,43.5600,-71.5000,41,15.7957,8
43.50_-71.50,43.5600,-71.5000,42,15.6964,8
43.50_-71.50,43.5600,-71.5000,43,15.5794,8
43.50_-71.50,43.5600,-71.5000,44,15.4866,8
43.50_-71.50,43.5600,-71.5000,45,15.3867,8
43.50_-71.50,43.5600,-71.5000,46,15.2774,8
43.50_-71.50,43.5600,-71.5000,47,15.1426,8
43.50_-71.50,43.5600,-71.5000,48,14.9982,8
43.50_-71.50,43.5600,-71.5000,49,14.8786,8
43.50_-71.50,43.5600,-71.5000,50,14.7935,8
43.50_-71.50,43.5600,-71.5000,51,14.7172,8
43.50_-71.50,43.5600,-71.5000,52,14.6365,8
43.50_-71.50,43.5600,-71.5000,53,14.5517,8
43.50_-71.50,43.5600,-71.5000,54,14.4525,8
43.50_-71.50,43.5600,-71.5000,55,14.3416,8
43.50_-71.50,43.5600,-71.5000,56,14.2400,8
43.50_-71.50,43.5600,-71.5000,57,14.1303,8
43.50_-71.50,43.5600,-71.5000,58,14.0095,8
43.50_-71.50,43.5600,-71.5000,59,13.8833,8
43.50_-71.50,43.5600,-71.5000,60,13.7660,8
43.50_-71.50,43.5600,-71.5000,61,13.6824,8
43.50_-71.50,43.5600,-71.5000,62,13.6000,8
43.50_-71.50,43.5600,-71.5000,63,13.4710,8
43.50_-71.50,43.5600,-71.5000,64,13.3367,8
43.50_-71.50,43.5600,-71.5000,65,13.2175,8
43.50_-71.50,43.5600,-71.5000,66,13.1352,8
43.50_-71.50,43.5600,-71.5000,67,13.0696,8
43.50_-71.50,43.5600,-71.5000,68,13.0075,8
43.50_-71.50,43.5600,-71.5000,69,12.9051,8
43.50_-71.50,43.5600,-71.5000,70,12.7791,8
43.50_-71.50,43.5600,-71.5000,71,12.6847,8
43.50_-71.50,43.5600,-71.5000,72,12.5911,8
43.50_-71.50,43.5600,-71.5000,73,12.4863,8
43.50_-71.50,43.5600,-71.5000,74,12.3449,8
43.50_-71.50,43.5600,-71.5000,75,12.1850,8
43.50_-71.50,43.5600,-71.5000,76,12.0408,8
43.50_-71.50,43.5600,-71.5000,77,11.9120,8
43.50_-71.50,43.5600,-71.5000,78,11.7905,8
43.50_-71.50,43.5600,-71.5000,79,11.6704,8
43.50_-71.50,43.5600,-71.5000,80,11.5416,8
43.50_-71.50,43.5600,-71.5000,81,11.4144,8
43.50_-71.50,43.5600,-71.5000,82,11.2924,8
43.50_-71.50,43.5600,-71.5000,83,11.1739,8
43.50_-71.50,43.5600,-71.5000,84,11.0449,8
43.50_-71.50,43.5600,-71.5000,85,10.9156,8
43.50_-71.50,43.5600,-71.5000,86,10.8064,8
43.50_-71.50,43.5600,-71.5000,87,10.7121,8
43.50_-71.50,43.5600,-71.5000,88,10.6223,8
43.50_-71.50,43.5600,-71.5000,89,10.5139,8
43.50_-71.50,43.5600,-71.5000,90,10.3922,8
43.50_-71.50,43.5600,-71.5000,91,10.2750,8
43.50_-72.50,43.5200,-72.2100,0,,0
43.50_-72.50,43.5200,-72.2100,1,16.0750,8
43.50_-72.50,43.5200,-72.2100,2,15.8750,8
43.50_-72.50,43.5200,-72.2100,3,16.3083,8
43.50_-72.50,43.5200,-72.2100,4,16.7875,8
43.50_-72.50,43.5200,-72.2100,5,16.9075,8
43.50_-72.50,43.5200,-72.2100,6,16.8979,8
43.50_-72.50,43.5200,-72.2100,7,16.7875,8
43.50_-72.50,43.5200,-72.2100,8,16.5953,8
43.50_-72.50,43.5200,-72.2100,9,16.4556,8
43.50_-72.50,43.5200,-72.2100,10,16.3312,8
43.50_-72.50,43.5200,-72.2100,11,16.2784,8
43.50_-72.50,43.5200,-72.2100,12,16.2146,8
43.50_-72.50,43.5200,-72.2100,13,16.1683,8
43.50_-72.50,43.5200,-72.2100,14,16.1036,8
43.50_-72.50,43.5200,-72.2100,15,16.0092,8
43.50_-72.50,43.5200,-72.2100,16,15.9352,8
43.50_-72.50,43.5200,-72.2100,17,15.8750,8
43.50_-72.50,43.5200,-72.2100,18,15.8347,8
43.50_-72.50,43.5200,-72.2100,19,15.6980,8
43.50_-72.50,43.5200,-72.2100,20,15.5288,8
43.50_-72.50,43.5200,-72.2100,21,15.3964,8
43.50_-72.50,43.5200,-72.2100,22,15.3148,8
43.50_-72.50,43.5200,-72.2100,23,15.2266,8
43.50_-72.50,43.5200,-72.2100,24,15.1188,8
43.50_-72.50,43.5200,-72.2100,25,15.0115,8
43.50_-72.50,43.5200,-72.2100,26,14.9889,8
43.50_-72.50,43.5200,-72.2100,27,14.9315,8
43.50_-72.50,43.5200,-72.2100,28,14.9013,8
43.50_-72.50,43.5200,-72.2100,29,14.8026,8
43.50_-72.50,43.5200,-72.2100,30,14.6808,8
43.50_-72.50,43.5200,-72.2100,31,14.5710,8
43.50_-72.50,43.5200,-72.2100,32,14.4414,8
43.50_-72.50,43.5200,-72.2100,33,14.3254,8
43.50_-72.50,43.5200,-72.2100,34,14.2493,8
43.50_-72.50,43.5200,-72.2100,35,14.1646,8
43.50_-72.50,43.5200,-72.2100,36,14.1146,8
43.50_-72.50,43.5200,-72.2100,37,14.0902,8
43.50_-72.50,43.5200,-72.2100,38,13.9625,8
43.50_-72.50,43.5200,-72.2100,39,13.8147,8
43.50_-72.50,43.5200,-72.2100,40,13.7094,8
43.50_-72.50,43.5200,-72.2100,41,13.6046,8
43.50_-72.50,43.5200,-72.2100,42,13.5134,8
43.50_-72.50,43.5200,-72.2100,43,13.3924,8
43.50_-72.50,43.5200,-72.2100,44,13.2912,8
43.50_-72.50,43.5200,-72.2100,45,13.1919,8
43.50_-72.50,43.5200,-72.2100,46,13.0734,8
43.50_-72.50,43.5200,-72.2100,47,12.9247,8
43.50_-72.50,43.5200,-72.2100,48,12.7750,8
43.50_-72.50,43.5200,-72.2100,49,12.6599,8
43.50_-72.50,43.5200,-72.2100,50,12.5818,8
43.50_-72.50,43.5200,-72.2100,51,12.5137,8
43.50_-72.50,43.5200,-72.2100,52,12.4409,8
43.50_-72.50,43.5200,-72.2100,53,12.3606,8
43.50_-72.50,43.5200,-72.2100,54,12.2620,8
43.50_-72.50,43.5200,-72.2100,55,12.1493,8
43.50_-72.50,43.5200,-72.2100,56,12.0500,8
43.50_-72.50,43.5200,-72.2100,57,11.9355,8
43.50_-72.50,43.5200,-72.2100,58,11.8088,8
43.50_-72.50,43.5200,-72.2100,59,11.6788,8
43.50_-72.50,43.5200,-72.2100,60,11.5712,8
43.50_-72.50,43.5200,-72.2100,61,11.4934,8
43.50_-72.50,43.5200,-72.2100,62,11.4085,8
43.50_-72.50,43.5200,-72.2100,63,11.2766,8
43.50_-72.50,43.5200,-72.2100,64,11.1436,8
43.50_-72.50,43.5200,-72.2100,65,11.0219,8
43.50_-72.50,43.5200,-72.2100,66,10.9491,8
43.50_-72.50,43.5200,-72.2100,67,10.8854,8
43.50_-72.50,43.5200,-72.2100,68,10.8222,8
43.50_-72.50,43.5200,-72.2100,69,10.7136,8
43.50_-72.50,43.5200,-72.2100,70,10.5886,8
43.50_-72.50,43.5200,-72.2100,71,10.5000,8
43.50_-72.50,43.5200,-72.2100,72,10.4043,8
43.50_-72.50,43.5200,-72.2100,73,10.2940,8
43.50_-72.50,43.5200,-72.2100,74,10.1448,8
43.50_-72.50,43.5200,-72.2100,75,9.9777,8
43.50_-72.50,43.5200,-72.2100,76,9.8280,8
43.50_-72.50,43.5200,-72.2100,77,9.6945,8
43.50_-72.50,43.5200,-72.2100,78,9.5710,8
43.50_-72.50,43.5200,-72.2100,79,9.4470,8
43.50_-72.50,43.5200,-72.2100,80,9.3153,8
43.50_-72.50,43.5200,-72.2100,81,9.1856,8
43.50_-72.50,43.5200,-72.2100,82,9.0608,8
43.50_-72.50,43.5200,-72.2100,83,8.9354,8
43.50_-72.50,43.5200,-72.2100,84,8.7987,8
43.50_-72.50,43.5200,-72.2100,85,8.6699,8
43.50_-72.50,43.5200,-72.2100,86,8.5628,8
43.50_-72.50,43.5200,-72.2100,87,8.4760,8
43.50_-72.50,43.5200,-72.2100,88,8.3864,8
43.50_-72.50,43.5200,-72.2100,89,8.2729,8
43.50_-72.50,43.5200,-72.2100,90,8.1442,8
43.50_-72.50,43.5200,-72.2100,91,8.0214,8
43.50_-73.50,43.6000,-73.2700,0,,0
43.50_-73.50,43.6000,-73.2700,1,18.5375,8
43.50_-73.50,43.6000,-73.2700,2,18.4437,8
43.50_-73.50,43.6000,-73.2700,3,18.7542,8
43.50_-73.50,43.6000,-73.2700,4,19.0531,8
43.50_-73.50,43.6000,-73.2700,5,19.0875,8
43.50_-73.50,43.6000,-73.2700,6,19.0896,8
43.50_-73.50,43.6000,-73.2700,7,19.0446,8
43.50_-73.50,43.6000,-73.2700,8,18.8500,8
43.50_-73.50,43.6000,-73.2700,9,18.6444,8
43.50_-73.50,43.6000,-73.2700,10,18.5000,8
43.50_-73.50,43.6000,-73.2700,11,18.3989,8
43.50_-73.50,43.6000,-73.2700,12,18.3260,8
43.50_-73.50,43.6000,-73.2700,13,18.2942,8
43.50_-73.50,43.6000,-73.2700,14,18.2545,8
43.50_-73.50,43.6000,-73.2700,15,18.1817,8
43.50_-73.50,43.6000,-73.2700,16,18.1195,8
43.50_-73.50,43.6000,-73.2700,17,18.0478,8
43.50_-73.50,43.6000,-73.2700,18,17.9958,8
43.50_-73.50,43.6000,-73.2700,19,17.8704,8
43.50_-73.50,43.6000,-73.2700,20,17.7156,8
43.50_-73.50,43.6000,-73.2700,21,17.6232,8
43.50_-73.50,43.6000,-73.2700,22,17.5460,8
43.50_-73.50,43.6000,-73.2700,23,17.4766,8
43.50_-73.50,43.6000,-73.2700,24,17.3833,8
43.50_-73.50,43.6000,-73.2700,25,17.2840,8
43.50_-73.50,43.6000,-73.2700,26,17.2466,8
43.50_-73.50,43.6000,-73.2700,27,17.1833,8
43.50_-73.50,43.6000,-73.2700,28,17.1371,8
43.50_-73.50,43.6000,-73.2700,29,17.0409,8
43.50_-73.50,43.6000,-73.2700,30,16.9054,8
43.50_-73.50,43.6000,-73.2700,31,16.8032,8
43.50_-73.50,43.6000,-73.2700,32,16.6727,8
43.50_-73.50,43.6000,-73.2700,33,16.5417,8
43.50_-73.50,43.6000,-73.2700,34,16.4511,8
43.50_-73.50,43.6000,-73.2700,35,16.3550,8
43.50_-73.50,43.6000,-73.2700,36,16.3000,8
43.50_-73.50,43.6000,-73.2700,37,16.2568,8
43.50_-73.50,43.6000,-73.2700,38,16.1339,8
43.50_-73.50,43.6000,-73.2700,39,15.9955,8
43.50_-73.50,43.6000,-73.2700,40,15.8875,8
43.50_-73.50,43.6000,-73.2700,41,15.7881,8
43.50_-73.50,43.6000,-73.2700,42,15.6970,8
43.50_-73.50,43.6000,-73.2700,43,15.5831,8
43.50_-73.50,43.6000,-73.2700,44,15.4747,8
43.50_-73.50,43.6000,-73.2700,45,15.3744,8
43.50_-73.50,43.6000,-73.2700,46,15.2562,8
43.50_-73.50,43.6000,-73.2700,47,15.1077,8
43.50_-73.50,43.6000,-73.2700,48,14.9638,8
43.50_-73.50,43.6000,-73.2700,49,14.8472,8
43.50_-73.50,43.6000,-73.2700,50,14.7690,8
43.50_-73.50,43.6000,-73.2700,51,14.6836,8
43.50_-73.50,43.6000,-73.2700,52,14.5998,8
43.50_-73.50,43.6000,-73.2700,53,14.5264,8
43.50_-73.50,43.6000,-73.2700,54,14.4229,8
43.50_-73.50,43.6000,-73.2700,55,14.3130,8
43.50_-73.50,43.6000,-73.2700,56,14.2156,8
43.50_-73.50,43.6000,-73.2700,57,14.1007,8
43.50_-73.50,43.6000,-73.2700,58,13.9823,8
43.50_-73.50,43.6000,-73.2700,59,13.8585,8
43.50_-73.50,43.6000,-73.2700,60,13.7531,8
43.50_-73.50,43.6000,-73.2700,61,13.6725,8
43.50_-73.50,43.6000,-73.2700,62,13.5841,8
43.50_-73.50,43.6000,-73.2700,63,13.4536,8
43.50_-73.50,43.6000,-73.2700,64,13.3158,8
43.50_-73.50,43.6000,-73.2700,65,13.1985,8
43.50_-73.50,43.6000,-73.2700,66,13.1252,8
43.50_-73.50,43.6000,-73.2700,67,13.0614,8
43.50_-73.50,43.6000,-73.2700,68,12.9886,8
43.50_-73.50,43.6000,-73.2700,69,12.8790,8
43.50_-73.50,43.6000,-73.2700,70,12.7555,8
43.50_-73.50,43.6000,-73.2700,71,12.6569,8
43.50_-73.50,43.6000,-73.2700,72,12.5592,8
43.50_-73.50,43.6000,-73.2700,73,12.4461,8
43.50_-73.50,43.6000,-73.2700,74,12.2936,8
43.50_-73.50,43.6000,-73.2700,75,12.1310,8
43.50_-73.50,43.6000,-73.2700,76,11.9786,8
43.50_-73.50,43.6000,-73.2700,77,11.8412,8
43.50_-73.50,43.6000,-73.2700,78,11.7157,8
43.50_-73.50,43.6000,-73.2700,79,11.5919,8
43.50_-73.50,43.6000,-73.2700,80,11.4592,8
43.50_-73.50,43.6000,-73.2700,81,11.3269,8
43.50_-73.50,43.6000,-73.2700,82,11.2014,8
43.50_-73.50,43.6000,-73.2700,83,11.0761,8
43.50_-73.50,43.6000,-73.2700,84,10.9420,8
43.50_-73.50,43.6000,-73.2700,85,10.8165,8
43.50_-73.50,43.6000,-73.2700,86,10.7089,8
43.50_-73.50,43.6000,-73.2700,87,10.6161,8
43.50_-73.50,43.6000,-73.2700,88,10.5226,8
43.50_-73.50,43.6000,-73.2700,89,10.4147,8
43.50_-73.50,43.6000,-73.2700,90,10.2906,8
43.50_-73.50,43.6000,-73.2700,91,10.1690,8
43.50_-74.50,43.7500,-74.3500,0,,0
43.50_-74.50,43.7500,-74.3500,1,14.0750,8
43.50_-74.50,43.7500,-74.3500,2,14.1688,8
43.50_-74.50,43.7500,-74.3500,3,14.6167,8
43.50_-74.50,43.7500,-74.3500,4,14.9844,8
43.50_-74.50,43.7500,-74.3500,5,15.0550,8
43.50_-74.50,43.7500,-74.3500,6,14.9938,8
43.50_-74.50,43.7500,-74.3500,7,14.8661,8
43.50_-74.50,43.7500,-74.3500,8,14.6531,8
43.50_-74.50,43.7500,-74.3500,9,14.4917,8
43.50_-74.50,43.7500,-74.3500,10,14.3850,8
43.50_-74.50,43.7500,-74.3500,11,14.3557,8
43.50_-74.50,43.7500,-74.3500,12,14.3396,8
43.50_-74.50,43.7500,-74.3500,13,14.3163,8
43.50_-74.50,43.7500,-74.3500,14,14.2598,8
43.50_-74.50,43.7500,-74.3500,15,14.1842,8
43.50_-74.50,43.7500,-74.3500,16,14.1508,8
43.50_-74.50,43.7500,-74.3500,17,14.1404,8
43.50_-74.50,43.7500,-74.3500,18,14.1146,8
43.50_-74.50,43.7500,-74.3500,19,14.0112,8
43.50_-74.50,43.7500,-74.3500,20,13.8775,8
43.50_-74.50,43.7500,-74.3500,21,13.8190,8
43.50_-74.50,43.7500,-74.3500,22,13.7631,8
43.50_-74.50,43.7500,-74.3500,23,13.6864,8
43.50_-74.50,43.7500,-74.3500,24,13.5724,8
43.50_-74.50,43.7500,-74.3500,25,13.4820,8
43.50_-74.50,43.7500,-74.3500,26,13.4365,8
43.50_-74.50,43.7500,-74.3500,27,13.3736,8
43.50_-74.50,43.7500,-74.3500,28,13.3424,8
43.50_-74.50,43.7500,-74.3500,29,13.2513,8
43.50_-74.50,43.7500,-74.3500,30,13.1317,8
43.50_-74.50,43.7500,-74.3500,31,13.0472,8
43.50_-74.50,43.7500,-74.3500,32,12.9445,8
43.50_-74.50,43.7500,-74.3500,33,12.8390,8
43.50_-74.50,43.7500,-74.3500,34,12.7746,8
43.50_-74.50,43.7500,-74.3500,35,12.7025,8
43.50_-74.50,43.7500,-74.3500,36,12.6681,8
43.50_-74.50,43.7500,-74.3500,37,12.6220,8
43.50_-74.50,43.7500,-74.3500,38,12.4819,8
43.50_-74.50,43.7500,-74.3500,39,12.3365,8
43.50_-74.50,43.7500,-74.3500,40,12.2306,8
43.50_-74.50,43.7500,-74.3500,41,12.1396,8
43.50_-74.50,43.7500,-74.3500,42,12.0390,8
43.50_-74.50,43.7500,-74.3500,43,11.9122,8
43.50_-74.50,43.7500,-74.3500,44,11.7949,8
43.50_-74.50,43.7500,-74.3500,45,11.6817,8
43.50_-74.50,43.7500,-74.3500,46,11.5353,8
43.50_-74.50,43.7500,-74.3500,47,11.3702,8
43.50_-74.50,43.7500,-74.3500,48,11.2081,8
43.50_-74.50,43.7500,-74.3500,49,11.0957,8
43.50_-74.50,43.7500,-74.3500,50,11.0165,8
43.50_-74.50,43.7500,-74.3500,51,10.9346,8
43.50_-74.50,43.7500,-74.3500,52,10.8447,8
43.50_-74.50,43.7500,-74.3500,53,10.7642,8
43.50_-74.50,43.7500,-74.3500,54,10.6579,8
43.50_-74.50,43.7500,-74.3500,55,10.5441,8
43.50_-74.50,43.7500,-74.3500,56,10.4469,8
43.50_-74.50,43.7500,-74.3500,57,10.3259,8
43.50_-74.50,43.7500,-74.3500,58,10.2103,8
43.50_-74.50,43.7500,-74.3500,59,10.0917,8
43.50_-74.50,43.7500,-74.3500,60,9.9892,8
43.50_-74.50,43.7500,-74.3500,61,9.9137,8
43.50_-74.50,43.7500,-74.3500,62,9.8069,8
43.50_-74.50,43.7500,-74.3500,63,9.6704,8
43.50_-74.50,43.7500,-74.3500,64,9.5357,8
43.50_-74.50,43.7500,-74.3500,65,9.4223,8
43.50_-74.50,43.7500,-74.3500,66,9.3521,8
43.50_-74.50,43.7500,-74.3500,67,9.2860,8
43.50_-74.50,43.7500,-74.3500,68,9.2136,8
43.50_-74.50,43.7500,-74.3500,69,9.0998,8
43.50_-74.50,43.7500,-74.3500,70,8.9879,8
43.50_-74.50,43.7500,-74.3500,71,8.8984,8
43.50_-74.50,43.7500,-74.3500,72,8.7932,8
43.50_-74.50,43.7500,-74.3500,73,8.6599,8
43.50_-74.50,43.7500,-74.3500,74,8.4970,8
43.50_-74.50,43.7500,-74.3500,75,8.3283,8
43.50_-74.50,43.7500,-74.3500,76,8.1766,8
43.50_-74.50,43.7500,-74.3500,77,8.0352,8
43.50_-74.50,43.7500,-74.3500,78,7.9083,8
43.50_-74.50,43.7500,-74.3500,79,7.7685,8
43.50_-74.50,43.7500,-74.3500,80,7.6361,8
43.50_-74.50,43.7500,-74.3500,81,7.5077,8
43.50_-74.50,43.7500,-74.3500,82,7.3796,8
43.50_-74.50,43.7500,-74.3500,83,7.2429,8
43.50_-74.50,43.7500,-74.3500,84,7.1031,8
43.50_-74.50,43.7500,-74.3500,85,6.9756,8
43.50_-74.50,43.7500,-74.3500,86,6.8802,8
43.50_-74.50,43.7500,-74.3500,87,6.8039,8
43.50_-74.50,43.7500,-74.3500,88,6.7085,8
43.50_-74.50,43.7500,-74.3500,89,6.5879,8
43.50_-74.50,43.7500,-74.3500,90,6.4522,8
43.50_-74.50,43.7500,-74.3500,91,6.3315,8
43.50_-75.50,43.4300,-75.4900,0,,0
43.50_-75.50,43.4300,-75.4900,1,16.7750,8
43.50_-75.50,43.4300,-75.4900,2,16.8562,8
43.50_-75.50,43.4300,-75.4900,3,17.1917,8
43.50_-75.50,43.4300,-75.4900,4,17.4750,8
43.50_-75.50,43.4300,-75.4900,5,17.5675,8
43.50_-75.50,43.4300,-75.4900,6,17.5688,8
43.50_-75.50,43.4300,-75.4900,7,17.4375,8
43.50_-75.50,43.4300,-75.4900,8,17.2094,8
43.50_-75.50,43.4300,-75.4900,9,17.0333,8
43.50_-75.50,43.4300,-75.4900,10,16.9338,8
43.50_-75.50,43.4300,-75.4900,11,16.8932,8
43.50_-75.50,43.4300,-75.4900,12,16.8875,8
43.50_-75.50,43.4300,-75.4900,13,16.8683,8
43.50_-75.50,43.4300,-75.4900,14,16.8330,8
43.50_-75.50,43.4300,-75.4900,15,16.7508,8
43.50_-75.50,43.4300,-75.4900,16,16.7211,8
43.50_-75.50,43.4300,-75.4900,17,16.7103,8
43.50_-75.50,43.4300,-75.4900,18,16.6812,8
43.50_-75.50,43.4300,-75.4900,19,16.5730,8
43.50_-75.50,43.4300,-75.4900,20,16.4444,8
43.50_-75.50,43.4300,-75.4900,21,16.3994,8
43.50_-75.50,43.4300,-75.4900,22,16.3500,8
43.50_-75.50,43.4300,-75.4900,23,16.2772,8
43.50_-75.50,43.4300,-75.4900,24,16.1740,8
43.50_-75.50,43.4300,-75.4900,25,16.1060,8
43.50_-75.50,43.4300,-75.4900,26,16.0596,8
43.50_-75.50,43.4300,-75.4900,27,15.9940,8
43.50_-75.50,43.4300,-75.4900,28,15.9746,8
43.50_-75.50,43.4300,-75.4900,29,15.8819,8
43.50_-75.50,43.4300,-75.4900,30,15.7696,8
43.50_-75.50,43.4300,-75.4900,31,15.6891,8
43.50_-75.50,43.4300,-75.4900,32,15.5957,8
43.50_-75.50,43.4300,-75.4900,33,15.4845,8
43.50_-75.50,43.4300,-75.4900,34,15.4184,8
43.50_-75.50,43.4300,-75.4900,35,15.3436,8
43.50_-75.50,43.4300,-75.4900,36,15.3149,8
43.50_-75.50,43.4300,-75.4900,37,15.2608,8
43.50_-75.50,43.4300,-75.4900,38,15.1332,8
43.50_-75.50,43.4300,-75.4900,39,14.9984,8
43.50_-75.50,43.4300,-75.4900,40,14.8981,8
43.50_-75.50,43.4300,-75.4900,41,14.8122,8
43.50_-75.50,43.4300,-75.4900,42,14.7220,8
43.50_-75.50,43.4300,-75.4900,43,14.5936,8
43.50_-75.50,43.4300,-75.4900,44,14.4764,8
43.50_-75.50,43.4300,-75.4900,45,14.3647,8
43.50_-75.50,43.4300,-75.4900,46,14.2253,8
43.50_-75.50,43.4300,-75.4900,47,14.0633,8
43.50_-75.50,43.4300,-75.4900,48,13.9034,8
43.50_-75.50,43.4300,-75.4900,49,13.7962,8
43.50_-75.50,43.4300,-75.4900,50,13.7200,8
43.50_-75.50,43.4300,-75.4900,51,13.6400,8
43.50_-75.50,43.4300,-75.4900,52,13.5476,8
43.50_-75.50,43.4300,-75.4900,53,13.4670,8
43.50_-75.50,43.4300,-75.4900,54,13.3583,8
43.50_-75.50,43.4300,-75.4900,55,13.2564,8
43.50_-75.50,43.4300,-75.4900,56,13.1647,8
43.50_-75.50,43.4300,-75.4900,57,13.0487,8
43.50_-75.50,43.4300,-75.4900,58,12.9328,8
43.50_-75.50,43.4300,-75.4900,59,12.8203,8
43.50_-75.50,43.4300,-75.4900,60,12.7246,8
43.50_-75.50,43.4300,-75.4900,61,12.6443,8
43.50_-75.50,43.4300,-75.4900,62,12.5369,8
43.50_-75.50,43.4300,-75.4900,63,12.4060,8
43.50_-75.50,43.4300,-75.4900,64,12.2723,8
43.50_-75.50,43.4300,-75.4900,65,12.1681,8
43.50_-75.50,43.4300,-75.4900,66,12.0996,8
43.50_-75.50,43.4300,-75.4900,67,12.0315,8
43.50_-75.50,43.4300,-75.4900,68,11.9566,8
43.50_-75.50,43.4300,-75.4900,69,11.8397,8
43.50_-75.50,43.4300,-75.4900,70,11.7264,8
43.50_-75.50,43.4300,-75.4900,71,11.6282,8
43.50_-75.50,43.4300,-75.4900,72,11.5280,8
43.50_-75.50,43.4300,-75.4900,73,11.3973,8
43.50_-75.50,43.4300,-75.4900,74,11.2338,8
43.50_-75.50,43.4300,-75.4900,75,11.0705,8
43.50_-75.50,43.4300,-75.4900,76,10.9166,8
43.50_-75.50,43.4300,-75.4900,77,10.7804,8
43.50_-75.50,43.4300,-75.4900,78,10.6511,8
43.50_-75.50,43.4300,-75.4900,79,10.5166,8
43.50_-75.50,43.4300,-75.4900,80,10.3833,8
43.50_-75.50,43.4300,-75.4900,81,10.2577,8
43.50_-75.50,43.4300,-75.4900,82,10.1326,8
43.50_-75.50,43.4300,-75.4900,83,9.9971,8
43.50_-75.50,43.4300,-75.4900,84,9.8601,8
43.50_-75.50,43.4300,-75.4900,85,9.7341,8
43.50_-75.50,43.4300,-75.4900,86,9.6382,8
43.50_-75.50,43.4300,-75.4900,87,9.5641,8
43.50_-75.50,43.4300,-75.4900,88,9.4724,8
43.50_-75.50,43.4300,-75.4900,89,9.3583,8
43.50_-75.50,43.4300,-75.4900,90,9.2293,8
43.50_-75.50,43.4300,-75.4900,91,9.1146,8
43.50_-76.50,43.1500,-76.2500,0,,0
43.50_-76.50,43.1500,-76.2500,1,18.9250,8
43.50_-76.50,43.1500,-76.2500,2,19.2250,8
43.50_-76.50,43.1500,-76.2500,3,19.5958,8
43.50_-76.50,43.1500,-76.2500,4,19.8219,8
43.50_-76.50,43.1500,-76.2500,5,19.8400,8
43.50_-76.50,43.1500,-76.2500,6,19.8104,8
43.50_-76.50,43.1500,-76.2500,7,19.6696,8
43.50_-76.50,43.1500,-76.2500,8,19.4141,8
43.50_-76.50,43.1500,-76.2500,9,19.1861,8
43.50_-76.50,43.1500,-76.2500,10,19.0612,8
43.50_-76.50,43.1500,-76.2500,11,18.9841,8
43.50_-76.50,43.1500,-76.2500,12,18.9760,8
43.50_-76.50,43.1500,-76.2500,13,18.9500,8
43.50_-76.50,43.1500,-76.2500,14,18.9205,8
43.50_-76.50,43.1500,-76.2500,15,18.8267,8
43.50_-76.50,43.1500,-76.2500,16,18.7727,8
43.50_-76.50,43.1500,-76.2500,17,18.7618,8
43.50_-76.50,43.1500,-76.2500,18,18.7174,8
43.50_-76.50,43.1500,-76.2500,19,18.5849,8
43.50_-76.50,43.1500,-76.2500,20,18.4444,8
43.50_-76.50,43.1500,-76.2500,21,18.4220,8
43.50_-76.50,43.1500,-76.2500,22,18.3761,8
43.50_-76.50,43.1500,-76.2500,23,18.2918,8
43.50_-76.50,43.1500,-76.2500,24,18.1943,8
43.50_-76.50,43.1500,-76.2500,25,18.1375,8
43.50_-76.50,43.1500,-76.2500,26,18.0947,8
43.50_-76.50,43.1500,-76.2500,27,18.0384,8
43.50_-76.50,43.1500,-76.2500,28,18.0188,8
43.50_-76.50,43.1500,-76.2500,29,17.9211,8
43.50_-76.50,43.1500,-76.2500,30,17.8054,8
43.50_-76.50,43.1500,-76.2500,31,17.7246,8
43.50_-76.50,43.1500,-76.2500,32,17.6336,8
43.50_-76.50,43.1500,-76.2500,33,17.5182,8
43.50_-76.50,43.1500,-76.2500,34,17.4467,8
43.50_-76.50,43.1500,-76.2500,35,17.3625,8
43.50_-76.50,43.1500,-76.2500,36,17.3427,8
43.50_-76.50,43.1500,-76.2500,37,17.2885,8
43.50_-76.50,43.1500,-76.2500,38,17.1704,8
43.50_-76.50,43.1500,-76.2500,39,17.0574,8
43.50_-76.50,43.1500,-76.2500,40,16.9700,8
43.50_-76.50,43.1500,-76.2500,41,16.8902,8
43.50_-76.50,43.1500,-76.2500,42,16.8080,8
43.50_-76.50,43.1500,-76.2500,43,16.6884,8
43.50_-76.50,43.1500,-76.2500,44,16.5673,8
43.50_-76.50,43.1500,-76.2500,45,16.4578,8
43.50_-76.50,43.1500,-76.2500,46,16.3198,8
43.50_-76.50,43.1500,-76.2500,47,16.1582,8
43.50_-76.50,43.1500,-76.2500,48,16.0089,8
43.50_-76.50,43.1500,-76.2500,49,15.9043,8
43.50_-76.50,43.1500,-76.2500,50,15.8218,8
43.50_-76.50,43.1500,-76.2500,51,15.7407,8
43.50_-76.50,43.1500,-76.2500,52,15.6495,8
43.50_-76.50,43.1500,-76.2500,53,15.5717,8
43.50_-76.50,43.1500,-76.2500,54,15.4648,8
43.50_-76.50,43.1500,-76.2500,55,15.3686,8
43.50_-76.50,43.1500,-76.2500,56,15.2761,8
43.50_-76.50,43.1500,-76.2500,57,15.1610,8
43.50_-76.50,43.1500,-76.2500,58,15.0414,8
43.50_-76.50,43.1500,-76.2500,59,14.9271,8
43.50_-76.50,43.1500,-76.2500,60,14.8292,8
43.50_-76.50,43.1500,-76.2500,61,14.7531,8
43.50_-76.50,43.1500,-76.2500,62,14.6480,8
43.50_-76.50,43.1500,-76.2500,63,14.5192,8
43.50_-76.50,43.1500,-76.2500,64,14.3977,8
43.50_-76.50,43.1500,-76.2500,65,14.3071,8
43.50_-76.50,43.1500,-76.2500,66,14.2521,8
43.50_-76.50,43.1500,-76.2500,67,14.1935,8
43.50_-76.50,43.1500,-76.2500,68,14.1219,8
43.50_-76.50,43.1500,-76.2500,69,14.0082,8
43.50_-76.50,43.1500,-76.2500,70,13.8918,8
43.50_-76.50,43.1500,-76.2500,71,13.8000,8
43.50_-76.50,43.1500,-76.2500,72,13.7026,8
43.50_-76.50,43.1500,-76.2500,73,13.5772,8
43.50_-76.50,43.1500,-76.2500,74,13.4174,8
43.50_-76.50,43.1500,-76.2500,75,13.2690,8
43.50_-76.50,43.1500,-76.2500,76,13.1304,8
43.50_-76.50,43.1500,-76.2500,77,13.0002,8
43.50_-76.50,43.1500,-76.2500,78,12.8796,8
43.50_-76.50,43.1500,-76.2500,79,12.7552,8
43.50_-76.50,43.1500,-76.2500,80,12.6238,8
43.50_-76.50,43.1500,-76.2500,81,12.5023,8
43.50_-76.50,43.1500,-76.2500,82,12.3867,8
43.50_-76.50,43.1500,-76.2500,83,12.2623,8
43.50_-76.50,43.1500,-76.2500,84,12.1366,8
43.50_-76.50,43.1500,-76.2500,85,12.0193,8
43.50_-76.50,43.1500,-76.2500,86,11.9305,8
43.50_-76.50,43.1500,-76.2500,87,11.8614,8
43.50_-76.50,43.1500,-76.2500,88,11.7707,8
43.50_-76.50,43.1500,-76.2500,89,11.6563,8
43.50_-76.50,43.1500,-76.2500,90,11.5318,8
43.50_-76.50,43.1500,-76.2500,91,11.4184,8
43.50_-77.50,43.2000,-77.5200,0,,0
43.50_-77.50,43.2000,-77.5200,1,19.7875,8
43.50_-77.50,43.2000,-77.5200,2,20.0812,8
43.50_-77.50,43.2000,-77.5200,3,20.5417,8
43.50_-77.50,43.2000,-77.5200,4,20.5719,8
43.50_-77.50,43.2000,-77.5200,5,20.5500,8
43.50_-77.50,43.2000,-77.5200,6,20.4208,8
43.50_-77.50,43.2000,-77.5200,7,20.2375,8
43.50_-77.50,43.2000,-77.5200,8,19.9156,8
43.50_-77.50,43.2000,-77.5200,9,19.6319,8
43.50_-77.50,43.2000,-77.5200,10,19.4775,8
43.50_-77.50,43.2000,-77.5200,11,19.4080,8
43.50_-77.50,43.2000,-77.5200,12,19.3656,8
43.50_-77.50,43.2000,-77.5200,13,19.3288,8
43.50_-77.50,43.2000,-77.5200,14,19.3089,8
43.50_-77.50,43.2000,-77.5200,15,19.2150,8
43.50_-77.50,43.2000,-77.5200,16,19.1539,8
43.50_-77.50,43.2000,-77.5200,17,19.1412,8
43.50_-77.50,43.2000,-77.5200,18,19.1049,8
43.50_-77.50,43.2000,-77.5200,19,18.9829,8
43.50_-77.50,43.2000,-77.5200,20,18.8575,8
43.50_-77.50,43.2000,-77.5200,21,18.8792,8
43.50_-77.50,43.2000,-77.5200,22,18.8426,8
43.50_-77.50,43.2000,-77.5200,23,18.7614,8
43.50_-77.50,43.2000,-77.5200,24,18.6672,8
43.50_-77.50,43.2000,-77.5200,25,18.6205,8
43.50_-77.50,43.2000,-77.5200,26,18.5764,8
43.50_-77.50,43.2000,-77.5200,27,18.5236,8
43.50_-77.50,43.2000,-77.5200,28,18.4920,8
43.50_-77.50,43.2000,-77.5200,29,18.3905,8
43.50_-77.50,43.2000,-77.5200,30,18.2650,8
43.50_-77.50,43.2000,-77.5200,31,18.1875,8
43.50_-77.50,43.2000,-77.5200,32,18.0926,8
43.50_-77.50,43.2000,-77.5200,33,17.9917,8
43.50_-77.50,43.2000,-77.5200,34,17.9250,8
43.50_-77.50,43.2000,-77.5200,35,17.8421,8
43.50_-77.50,43.2000,-77.5200,36,17.8205,8
43.50_-77.50,43.2000,-77.5200,37,17.7507,8
43.50_-77.50,43.2000,-77.5200,38,17.6250,8
43.50_-77.50,43.2000,-77.5200,39,17.5167,8
43.50_-77.50,43.2000,-77.5200,40,17.4306,8
43.50_-77.50,43.2000,-77.5200,41,17.3521,8
43.50_-77.50,43.2000,-77.5200,42,17.2708,8
43.50_-77.50,43.2000,-77.5200,43,17.1558,8
43.50_-77.50,43.2000,-77.5200,44,17.0338,8
43.50_-77.50,43.2000,-77.5200,45,16.9197,8
43.50_-77.50,43.2000,-77.5200,46,16.7764,8
43.50_-77.50,43.2000,-77.5200,47,16.6125,8
43.50_-77.50,43.2000,-77.5200,48,16.4643,8
43.50_-77.50,43.2000,-77.5200,49,16.3551,8
43.50_-77.50,43.2000,-77.5200,50,16.2622,8
43.50_-77.50,43.2000,-77.5200,51,16.1799,8
43.50_-77.50,43.2000,-77.5200,52,16.0913,8
43.50_-77.50,43.2000,-77.5200,53,16.0064,8
43.50_-77.50,43.2000,-77.5200,54,15.8958,8
43.50_-77.50,43.2000,-77.5200,55,15.7984,8
43.50_-77.50,43.2000,-77.5200,56,15.7018,8
43.50_-77.50,43.2000,-77.5200,57,15.5921,8
43.50_-77.50,43.2000,-77.5200,58,15.4746,8
43.50_-77.50,43.2000,-77.5200,59,15.3672,8
43.50_-77.50,43.2000,-77.5200,60,15.2662,8
43.50_-77.50,43.2000,-77.5200,61,15.1891,8
43.50_-77.50,43.2000,-77.5200,62,15.0766,8
43.50_-77.50,43.2000,-77.5200,63,14.9407,8
43.50_-77.50,43.2000,-77.5200,64,14.8133,8
43.50_-77.50,43.2000,-77.5200,65,14.7294,8
43.50_-77.50,43.2000,-77.5200,66,14.6816,8
43.50_-77.50,43.2000,-77.5200,67,14.6196,8
43.50_-77.50,43.2000,-77.5200,68,14.5474,8
43.50_-77.50,43.2000,-77.5200,69,14.4348,8
43.50_-77.50,43.2000,-77.5200,70,14.3227,8
43.50_-77.50,43.2000,-77.5200,71,14.2329,8
43.50_-77.50,43.2000,-77.5200,72,14.1354,8
43.50_-77.50,43.2000,-77.5200,73,14.0074,8
43.50_-77.50,43.2000,-77.5200,74,13.8542,8
43.50_-77.50,43.2000,-77.5200,75,13.7098,8
43.50_-77.50,43.2000,-77.5200,76,13.5803,8
43.50_-77.50,43.2000,-77.5200,77,13.4502,8
43.50_-77.50,43.2000,-77.5200,78,13.3266,8
43.50_-77.50,43.2000,-77.5200,79,13.2032,8
43.50_-77.50,43.2000,-77.5200,80,13.0789,8
43.50_-77.50,43.2000,-77.5200,81,12.9648,8
43.50_-77.50,43.2000,-77.5200,82,12.8500,8
43.50_-77.50,43.2000,-77.5200,83,12.7307,8
43.50_-77.50,43.2000,-77.5200,84,12.6107,8
43.50_-77.50,43.2000,-77.5200,85,12.4984,8
43.50_-77.50,43.2000,-77.5200,86,12.4166,8
43.50_-77.50,43.2000,-77.5200,87,12.3455,8
43.50_-77.50,43.2000,-77.5200,88,12.2524,8
43.50_-77.50,43.2000,-77.5200,89,12.1348,8
43.50_-77.50,43.2000,-77.5200,90,12.0111,8
43.50_-77.50,43.2000,-77.5200,91,11.8988,8
43.50_-78.50,43.3400,-78.6000,0,,0
43.50_-78.50,43.3400,-78.6000,1,20.2375,8
43.50_-78.50,43.3400,-78.6000,2,20.4625,8
43.50_-78.50,43.3400,-78.6000,3,20.8333,8
43.50_-78.50,43.3400,-78.6000,4,20.7969,8
43.50_-78.50,43.3400,-78.6000,5,20.7800,8
43.50_-78.50,43.3400,-78.6000,6,20.6396,8
43.50_-78.50,43.3400,-78.6000,7,20.4446,8
43.50_-78.50,43.3400,-78.6000,8,20.0938,8
43.50_-78.50,43.3400,-78.6000,9,19.8125,8
43.50_-78.50,43.3400,-78.6000,10,19.6675,8
43.50_-78.50,43.3400,-78.6000,11,19.6091,8
43.50_-78.50,43.3400,-78.6000,12,19.5469,8
43.50_-78.50,43.3400,-78.6000,13,19.5221,8
43.50_-78.50,43.3400,-78.6000,14,19.5089,8
43.50_-78.50,43.3400,-78.6000,15,19.4208,8
43.50_-78.50,43.3400,-78.6000,16,19.3703,8
43.50_-78.50,43.3400,-78.6000,17,19.3449,8
43.50_-78.50,43.3400,-78.6000,18,19.3229,8
43.50_-78.50,43.3400,-78.6000,19,19.2204,8
43.50_-78.50,43.3400,-78.6000,20,19.1081,8
43.50_-78.50,43.3400,-78.6000,21,19.1357,8
43.50_-78.50,43.3400,-78.6000,22,19.0966,8
43.50_-78.50,43.3400,-78.6000,23,19.0217,8
43.50_-78.50,43.3400,-78.6000,24,18.9380,8
43.50_-78.50,43.3400,-78.6000,25,18.8985,8
43.50_-78.50,43.3400,-78.6000,26,18.8514,8
43.50_-78.50,43.3400,-78.6000,27,18.8046,8
43.50_-78.50,43.3400,-78.6000,28,18.7643,8
43.50_-78.50,43.3400,-78.6000,29,18.6565,8
43.50_-78.50,43.3400,-78.6000,30,18.5354,8
43.50_-78.50,43.3400,-78.6000,31,18.4645,8
43.50_-78.50,43.3400,-78.6000,32,18.3684,8
43.50_-78.50,43.3400,-78.6000,33,18.2784,8
43.50_-78.50,43.3400,-78.6000,34,18.2077,8
43.50_-78.50,43.3400,-78.6000,35,18.1300,8
43.50_-78.50,43.3400,-78.6000,36,18.1010,8
43.50_-78.50,43.3400,-78.6000,37,18.0260,8
43.50_-78.50,43.3400,-78.6000,38,17.9013,8
43.50_-78.50,43.3400,-78.6000,39,17.7997,8
43.50_-78.50,43.3400,-78.6000,40,17.7197,8
43.50_-78.50,43.3400,-78.6000,41,17.6448,8
43.50_-78.50,43.3400,-78.6000,42,17.5634,8
43.50_-78.50,43.3400,-78.6000,43,17.4549,8
43.50_-78.50,43.3400,-78.6000,44,17.3364,8
43.50_-78.50,43.3400,-78.6000,45,17.2214,8
43.50_-78.50,43.3400,-78.6000,46,17.0815,8
43.50_-78.50,43.3400,-78.6000,47,16.9277,8
43.50_-78.50,43.3400,-78.6000,48,16.7904,8
43.50_-78.50,43.3400,-78.6000,49,16.6870,8
43.50_-78.50,43.3400,-78.6000,50,16.5875,8
43.50_-78.50,43.3400,-78.6000,51,16.5002,8
43.50_-78.50,43.3400,-78.6000,52,16.4072,8
43.50_-78.50,43.3400,-78.6000,53,16.3224,8
43.50_-78.50,43.3400,-78.6000,54,16.2095,8
43.50_-78.50,43.3400,-78.6000,55,16.1089,8
43.50_-78.50,43.3400,-78.6000,56,16.0027,8
43.50_-78.50,43.3400,-78.6000,57,15.8950,8
43.50_-78.50,43.3400,-78.6000,58,15.7780,8
43.50_-78.50,43.3400,-78.6000,59,15.6714,8
43.50_-78.50,43.3400,-78.6000,60,15.5665,8
43.50_-78.50,43.3400,-78.6000,61,15.4832,8
43.50_-78.50,43.3400,-78.6000,62,15.3685,8
43.50_-78.50,43.3400,-78.6000,63,15.2272,8
43.50_-78.50,43.3400,-78.6000,64,15.1031,8
43.50_-78.50,43.3400,-78.6000,65,15.0267,8
43.50_-78.50,43.3400,-78.6000,66,14.9814,8
43.50_-78.50,43.3400,-78.6000,67,14.9209,8
43.50_-78.50,43.3400,-78.6000,68,14.8412,8
43.50_-78.50,43.3400,-78.6000,69,14.7293,8
43.50_-78.50,43.3400,-78.6000,70,14.6141,8
43.50_-78.50,43.3400,-78.6000,71,14.5224,8
43.50_-78.50,43.3400,-78.6000,72,14.4245,8
43.50_-78.50,43.3400,-78.6000,73,14.2998,8
43.50_-78.50,43.3400,-78.6000,74,14.1574,8
43.50_-78.50,43.3400,-78.6000,75,14.0203,8
43.50_-78.50,43.3400,-78.6000,76,13.8988,8
43.50_-78.50,43.3400,-78.6000,77,13.7726,8
43.50_-78.50,43.3400,-78.6000,78,13.6542,8
43.50_-78.50,43.3400,-78.6000,79,13.5324,8
43.50_-78.50,43.3400,-78.6000,80,13.4153,8
43.50_-78.50,43.3400,-78.6000,81,13.3046,8
43.50_-78.50,43.3400,-78.6000,82,13.1912,8
43.50_-78.50,43.3400,-78.6000,83,13.0693,8
43.50_-78.50,43.3400,-78.6000,84,12.9536,8
43.50_-78.50,43.3400,-78.6000,85,12.8432,8
43.50_-78.50,43.3400,-78.6000,86,12.7613,8
43.50_-78.50,43.3400,-78.6000,87,12.6858,8
43.50_-78.50,43.3400,-78.6000,88,12.5898,8
43.50_-78.50,43.3400,-78.6000,89,12.4746,8
43.50_-78.50,43.3400,-78.6000,90,12.3558,8
43.50_-78.50,43.3400,-78.6000,91,12.2457,8
43.50_-79.50,43.5500,-79.5300,0,,0
43.50_-79.50,43.5500,-79.5300,1,19.8750,8
43.50_-79.50,43.5500,-79.5300,2,20.1813,8
43.50_-79.50,43.5500,-79.5300,3,20.4458,8
43.50_-79.50,43.5500,-79.5300,4,20.3844,8
43.50_-79.50,43.5500,-79.5300,5,20.3925,8
43.50_-79.50,43.5500,-79.5300,6,20.2604,8
43.50_-79.50,43.5500,-79.5300,7,20.0411,8
43.50_-79.50,43.5500,-79.5300,8,19.6781,8
43.50_-79.50,43.5500,-79.5300,9,19.3792,8
43.50_-79.50,43.5500,-79.5300,10,19.2825,8
43.50_-79.50,43.5500,-79.5300,11,19.2670,8
43.50_-79.50,43.5500,-79.5300,12,19.2146,8
43.50_-79.50,43.5500,-79.5300,13,19.1817,8
43.50_-79.50,43.5500,-79.5300,14,19.1545,8
43.50_-79.50,43.5500,-79.5300,15,19.0400,8
43.50_-79.50,43.5500,-79.5300,16,19.0047,8
43.50_-79.50,43.5500,-79.5300,17,18.9919,8
43.50_-79.50,43.5500,-79.5300,18,18.9674,8
43.50_-79.50,43.5500,-79.5300,19,18.8645,8
43.50_-79.50,43.5500,-79.5300,20,18.7706,8
43.50_-79.50,43.5500,-79.5300,21,18.8054,8
43.50_-79.50,43.5500,-79.5300,22,18.7591,8
43.50_-79.50,43.5500,-79.5300,23,18.6984,8
43.50_-79.50,43.5500,-79.5300,24,18.6219,8
43.50_-79.50,43.5500,-79.5300,25,18.5965,8
43.50_-79.50,43.5500,-79.5300,26,18.5582,8
43.50_-79.50,43.5500,-79.5300,27,18.5134,8
43.50_-79.50,43.5500,-79.5300,28,18.4701,8
43.50_-79.50,43.5500,-79.5300,29,18.3582,8
43.50_-79.50,43.5500,-79.5300,30,18.2421,8
43.50_-79.50,43.5500,-79.5300,31,18.1665,8
43.50_-79.50,43.5500,-79.5300,32,18.0738,8
43.50_-79.50,43.5500,-79.5300,33,17.9792,8
43.50_-79.50,43.5500,-79.5300,34,17.9018,8
43.50_-79.50,43.5500,-79.5300,35,17.8136,8
43.50_-79.50,43.5500,-79.5300,36,17.7882,8
43.50_-79.50,43.5500,-79.5300,37,17.7030,8
43.50_-79.50,43.5500,-79.5300,38,17.5655,8
43.50_-79.50,43.5500,-79.5300,39,17.4558,8
43.50_-79.50,43.5500,-79.5300,40,17.3794,8
43.50_-79.50,43.5500,-79.5300,41,17.3046,8
43.50_-79.50,43.5500,-79.5300,42,17.2211,8
43.50_-79.50,43.5500,-79.5300,43,17.1177,8
43.50_-79.50,43.5500,-79.5300,44,16.9969,8
43.50_-79.50,43.5500,-79.5300,45,16.8764,8
43.50_-79.50,43.5500,-79.5300,46,16.7315,8
43.50_-79.50,43.5500,-79.5300,47,16.5785,8
43.50_-79.50,43.5500,-79.5300,48,16.4435,8
43.50_-79.50,43.5500,-79.5300,49,16.3344,8
43.50_-79.50,43.5500,-79.5300,50,16.2385,8
43.50_-79.50,43.5500,-79.5300,51,16.1539,8
43.50_-79.50,43.5500,-79.5300,52,16.0567,8
43.50_-79.50,43.5500,-79.5300,53,15.9639,8
43.50_-79.50,43.5500,-79.5300,54,15.8442,8
43.50_-79.50,43.5500,-79.5300,55,15.7289,8
43.50_-79.50,43.5500,-79.5300,56,15.6109,8
43.50_-79.50,43.5500,-79.5300,57,15.5033,8
43.50_-79.50,43.5500,-79.5300,58,15.3828,8
43.50_-79.50,43.5500,-79.5300,59,15.2720,8
43.50_-79.50,43.5500,-79.5300,60,15.1579,8
43.50_-79.50,43.5500,-79.5300,61,15.0607,8
43.50_-79.50,43.5500,-79.5300,62,14.9397,8
43.50_-79.50,43.5500,-79.5300,63,14.7937,8
43.50_-79.50,43.5500,-79.5300,64,14.6688,8
43.50_-79.50,43.5500,-79.5300,65,14.5817,8
43.50_-79.50,43.5500,-79.5300,66,14.5208,8
43.50_-79.50,43.5500,-79.5300,67,14.4549,8
43.50_-79.50,43.5500,-79.5300,68,14.3726,8
43.50_-79.50,43.5500,-79.5300,69,14.2522,8
43.50_-79.50,43.5500,-79.5300,70,14.1345,8
43.50_-79.50,43.5500,-79.5300,71,14.0350,8
43.50_-79.50,43.5500,-79.5300,72,13.9290,8
43.50_-79.50,43.5500,-79.5300,73,13.7961,8
43.50_-79.50,43.5500,-79.5300,74,13.6552,8
43.50_-79.50,43.5500,-79.5300,75,13.5180,8
43.50_-79.50,43.5500,-79.5300,76,13.4000,8
43.50_-79.50,43.5500,-79.5300,77,13.2674,8
43.50_-79.50,43.5500,-79.5300,78,13.1506,8
43.50_-79.50,43.5500,-79.5300,79,13.0252,8
43.50_-79.50,43.5500,-79.5300,80,12.9047,8
43.50_-79.50,43.5500,-79.5300,81,12.7870,8
43.50_-79.50,43.5500,-79.5300,82,12.6716,8
43.50_-79.50,43.5500,-79.5300,83,12.5435,8
43.50_-79.50,43.5500,-79.5300,84,12.4283,8
43.50_-79.50,43.5500,-79.5300,85,12.3151,8
43.50_-79.50,43.5500,-79.5300,86,12.2297,8
43.50_-79.50,43.5500,-79.5300,87,12.1473,8
43.50_-79.50,43.5500,-79.5300,88,12.0446,8
43.50_-79.50,43.5500,-79.5300,89,11.9246,8
43.50_-79.50,43.5500,-79.5300,90,11.8019,8
43.50_-79.50,43.5500,-79.5300,91,11.6904,8
43.50_-80.50,43.5000,-80.2800,0,,0
43.50_-80.50,43.5000,-80.2800,1,18.3625,8
43.50_-80.50,43.5000,-80.2800,2,18.6500,8
43.50_-80.50,43.5000,-80.2800,3,19.0083,8
43.50_-80.50,43.5000,-80.2800,4,18.9125,8
43.50_-80.50,43.5000,-80.2800,5,18.9325,8
43.50_-80.50,43.5000,-80.2800,6,18.7667,8
43.50_-80.50,43.5000,-80.2800,7,18.5161,8
43.50_-80.50,43.5000,-80.2800,8,18.1031,8
43.50_-80.50,43.5000,-80.2800,9,17.8125,8
43.50_-80.50,43.5000,-80.2800,10,17.7338,8
43.50_-80.50,43.5000,-80.2800,11,17.7830,8
43.50_-80.50,43.5000,-80.2800,12,17.7740,8
43.50_-80.50,43.5000,-80.2800,13,17.7529,8
43.50_-80.50,43.5000,-80.2800,14,17.7536,8
43.50_-80.50,43.5000,-80.2800,15,17.6875,8
43.50_-80.50,43.5000,-80.2800,16,17.7031,8
43.50_-80.50,43.5000,-80.2800,17,17.7434,8
43.50_-80.50,43.5000,-80.2800,18,17.7236,8
43.50_-80.50,43.5000,-80.2800,19,17.6283,8
43.50_-80.50,43.5000,-80.2800,20,17.5438,8
43.50_-80.50,43.5000,-80.2800,21,17.6012,8
43.50_-80.50,43.5000,-80.2800,22,17.5562,8
43.50_-80.50,43.5000,-80.2800,23,17.4842,8
43.50_-80.50,43.5000,-80.2800,24,17.3969,8
43.50_-80.50,43.5000,-80.2800,25,17.3740,8
43.50_-80.50,43.5000,-80.2800,26,17.3159,8
43.50_-80.50,43.5000,-80.2800,27,17.2690,8
43.50_-80.50,43.5000,-80.2800,28,17.2125,8
43.50_-80.50,43.5000,-80.2800,29,17.0909,8
43.50_-80.50,43.5000,-80.2800,30,16.9667,8
43.50_-80.50,43.5000,-80.2800,31,16.8859,8
43.50_-80.50,43.5000,-80.2800,32,16.7809,8
43.50_-80.50,43.5000,-80.2800,33,16.6848,8
43.50_-80.50,43.5000,-80.2800,34,16.6121,8
43.50_-80.50,43.5000,-80.2800,35,16.5189,8
43.50_-80.50,43.5000,-80.2800,36,16.4955,8
43.50_-80.50,43.5000,-80.2800,37,16.4000,8
43.50_-80.50,43.5000,-80.2800,38,16.2595,8
43.50_-80.50,43.5000,-80.2800,39,16.1388,8
43.50_-80.50,43.5000,-80.2800,40,16.0488,8
43.50_-80.50,43.5000,-80.2800,41,15.9677,8
43.50_-80.50,43.5000,-80.2800,42,15.8774,8
43.50_-80.50,43.5000,-80.2800,43,15.7590,8
43.50_-80.50,43.5000,-80.2800,44,15.6267,8
43.50_-80.50,43.5000,-80.2800,45,15.4911,8
43.50_-80.50,43.5000,-80.2800,46,15.3285,8
43.50_-80.50,43.5000,-80.2800,47,15.1540,8
43.50_-80.50,43.5000,-80.2800,48,15.0083,8
43.50_-80.50,43.5000,-80.2800,49,14.8903,8
43.50_-80.50,43.5000,-80.2800,50,14.7872,8
43.50_-80.50,43.5000,-80.2800,51,14.6961,8
43.50_-80.50,43.5000,-80.2800,52,14.5981,8
43.50_-80.50,43.5000,-80.2800,53,14.5078,8
43.50_-80.50,43.5000,-80.2800,54,14.3870,8
43.50_-80.50,43.5000,-80.2800,55,14.2693,8
43.50_-80.50,43.5000,-80.2800,56,14.1446,8
43.50_-80.50,43.5000,-80.2800,57,14.0292,8
43.50_-80.50,43.5000,-80.2800,58,13.9000,8
43.50_-80.50,43.5000,-80.2800,59,13.7903,8
43.50_-80.50,43.5000,-80.2800,60,13.6788,8
43.50_-80.50,43.5000,-80.2800,61,13.5879,8
43.50_-80.50,43.5000,-80.2800,62,13.4599,8
43.50_-80.50,43.5000,-80.2800,63,13.3101,8
43.50_-80.50,43.5000,-80.2800,64,13.1854,8
43.50_-80.50,43.5000,-80.2800,65,13.1012,8
43.50_-80.50,43.5000,-80.2800,66,13.0472,8
43.50_-80.50,43.5000,-80.2800,67,12.9799,8
43.50_-80.50,43.5000,-80.2800,68,12.8928,8
43.50_-80.50,43.5000,-80.2800,69,12.7705,8
43.50_-80.50,43.5000,-80.2800,70,12.6541,8
43.50_-80.50,43.5000,-80.2800,71,12.5563,8
43.50_-80.50,43.5000,-80.2800,72,12.4476,8
43.50_-80.50,43.5000,-80.2800,73,12.3063,8
43.50_-80.50,43.5000,-80.2800,74,12.1517,8
43.50_-80.50,43.5000,-80.2800,75,12.0058,8
43.50_-80.50,43.5000,-80.2800,76,11.8804,8
43.50_-80.50,43.5000,-80.2800,77,11.7417,8
43.50_-80.50,43.5000,-80.2800,78,11.6162,8
43.50_-80.50,43.5000,-80.2800,79,11.4835,8
43.50_-80.50,43.5000,-80.2800,80,11.3588,8
43.50_-80.50,43.5000,-80.2800,81,11.2386,8
43.50_-80.50,43.5000,-80.2800,82,11.1162,8
43.50_-80.50,43.5000,-80.2800,83,10.9788,8
43.50_-80.50,43.5000,-80.2800,84,10.8589,8
43.50_-80.50,43.5000,-80.2800,85,10.7476,8
43.50_-80.50,43.5000,-80.2800,86,10.6625,8
43.50_-80.50,43.5000,-80.2800,87,10.5815,8
43.50_-80.50,43.5000,-80.2800,88,10.4764,8
43.50_-80.50,43.5000,-80.2800,89,10.3531,8
43.50_-80.50,43.5000,-80.2800,90,10.2251,8
43.50_-80.50,43.5000,-80.2800,91,10.1115,8
44.50_-66.50,44.8800,-66.9300,0,,0
44.50_-66.50,44.8800,-66.9300,1,16.7000,8
44.50_-66.50,44.8800,-66.9300,2,16.3625,8
44.50_-66.50,44.8800,-66.9300,3,16.3750,8
44.50_-66.50,44.8800,-66.9300,4,16.4750,8
44.50_-66.50,44.8800,-66.9300,5,16.5450,8
44.50_-66.50,44.8800,-66.9300,6,16.6417,8
44.50_-66.50,44.8800,-66.9300,7,16.4804,8
44.50_-66.50,44.8800,-66.9300,8,16.3953,8
44.50_-66.50,44.8800,-66.9300,9,16.3111,8
44.50_-66.50,44.8800,-66.9300,10,16.2638,8
44.50_-66.50,44.8800,-66.9300,11,16.2614,8
44.50_-66.50,44.8800,-66.9300,12,16.2417,8
44.50_-66.50,44.8800,-66.9300,13,16.1942,8
44.50_-66.50,44.8800,-66.9300,14,16.1991,8
44.50_-66.50,44.8800,-66.9300,15,16.1300,8
44.50_-66.50,44.8800,-66.9300,16,16.1062,8
44.50_-66.50,44.8800,-66.9300,17,16.0956,8
44.50_-66.50,44.8800,-66.9300,18,16.0458,8
44.50_-66.50,44.8800,-66.9300,19,15.9743,8
44.50_-66.50,44.8800,-66.9300,20,15.8762,8
44.50_-66.50,44.8800,-66.9300,21,15.7911,8
44.50_-66.50,44.8800,-66.9300,22,15.7119,8
44.50_-66.50,44.8800,-66.9300,23,15.6549,8
44.50_-66.50,44.8800,-66.9300,24,15.5891,8
44.50_-66.50,44.8800,-66.9300,25,15.5125,8
44.50_-66.50,44.8800,-66.9300,26,15.4938,8
44.50_-66.50,44.8800,-66.9300,27,15.4694,8
44.50_-66.50,44.8800,-66.9300,28,15.4339,8
44.50_-66.50,44.8800,-66.9300,29,15.3858,8
44.50_-66.50,44.8800,-66.9300,30,15.3079,8
44.50_-66.50,44.8800,-66.9300,31,15.2133,8
44.50_-66.50,44.8800,-66.9300,32,15.1156,8
44.50_-66.50,44.8800,-66.9300,33,15.0280,8
44.50_-66.50,44.8800,-66.9300,34,14.9515,8
44.50_-66.50,44.8800,-66.9300,35,14.8832,8
44.50_-66.50,44.8800,-66.9300,36,14.8431,8
44.50_-66.50,44.8800,-66.9300,37,14.8277,8
44.50_-66.50,44.8800,-66.9300,38,14.7602,8
44.50_-66.50,44.8800,-66.9300,39,14.6503,8
44.50_-66.50,44.8800,-66.9300,40,14.5638,8
44.50_-66.50,44.8800,-66.9300,41,14.4741,8
44.50_-66.50,44.8800,-66.9300,42,14.3994,8
44.50_-66.50,44.8800,-66.9300,43,14.3212,8
44.50_-66.50,44.8800,-66.9300,44,14.2730,8
44.50_-66.50,44.8800,-66.9300,45,14.2078,8
44.50_-66.50,44.8800,-66.9300,46,14.1329,8
44.50_-66.50,44.8800,-66.9300,47,14.0596,8
44.50_-66.50,44.8800,-66.9300,48,13.9677,8
44.50_-66.50,44.8800,-66.9300,49,13.8870,8
44.50_-66.50,44.8800,-66.9300,50,13.8312,8
44.50_-66.50,44.8800,-66.9300,51,13.7890,8
44.50_-66.50,44.8800,-66.9300,52,13.7387,8
44.50_-66.50,44.8800,-66.9300,53,13.6823,8
44.50_-66.50,44.8800,-66.9300,54,13.6164,8
44.50_-66.50,44.8800,-66.9300,55,13.5318,8
44.50_-66.50,44.8800,-66.9300,56,13.4598,8
44.50_-66.50,44.8800,-66.9300,57,13.3754,8
44.50_-66.50,44.8800,-66.9300,58,13.2849,8
44.50_-66.50,44.8800,-66.9300,59,13.1890,8
44.50_-66.50,44.8800,-66.9300,60,13.1027,8
44.50_-66.50,44.8800,-66.9300,61,13.0439,8
44.50_-66.50,44.8800,-66.9300,62,13.0022,8
44.50_-66.50,44.8800,-66.9300,63,12.9036,8
44.50_-66.50,44.8800,-66.9300,64,12.8012,8
44.50_-66.50,44.8800,-66.9300,65,12.7042,8
44.50_-66.50,44.8800,-66.9300,66,12.6470,8
44.50_-66.50,44.8800,-66.9300,67,12.5963,8
44.50_-66.50,44.8800,-66.9300,68,12.5487,8
44.50_-66.50,44.8800,-66.9300,69,12.4639,8
44.50_-66.50,44.8800,-66.9300,70,12.3546,8
44.50_-66.50,44.8800,-66.9300,71,12.2903,8
44.50_-66.50,44.8800,-66.9300,72,12.2172,8
44.50_-66.50,44.8800,-66.9300,73,12.1402,8
44.50_-66.50,44.8800,-66.9300,74,12.0247,8
44.50_-66.50,44.8800,-66.9300,75,11.8880,8
44.50_-66.50,44.8800,-66.9300,76,11.7604,8
44.50_-66.50,44.8800,-66.9300,77,11.6506,8
44.50_-66.50,44.8800,-66.9300,78,11.5338,8
44.50_-66.50,44.8800,-66.9300,79,11.4310,8
44.50_-66.50,44.8800,-66.9300,80,11.3238,8
44.50_-66.50,44.8800,-66.9300,81,11.2210,8
44.50_-66.50,44.8800,-66.9300,82,11.1160,8
44.50_-66.50,44.8800,-66.9300,83,11.0142,8
44.50_-66.50,44.8800,-66.9300,84,10.9043,8
44.50_-66.50,44.8800,-66.9300,85,10.7863,8
44.50_-66.50,44.8800,-66.9300,86,10.6898,8
44.50_-66.50,44.8800,-66.9300,87,10.6208,8
44.50_-66.50,44.8800,-66.9300,88,10.5615,8
44.50_-66.50,44.8800,-66.9300,89,10.4789,8
44.50_-66.50,44.8800,-66.9300,90,10.3679,8
44.50_-66.50,44.8800,-66.9300,91,10.2688,8
44.50_-68.50,44.6400,-68.5200,0,,0
44.50_-68.50,44.6400,-68.5200,1,17.8750,8
44.50_-68.50,44.6400,-68.5200,2,17.4625,8
44.50_-68.50,44.6400,-68.5200,3,17.6750,8
44.50_-68.50,44.6400,-68.5200,4,18.0125,8
44.50_-68.50,44.6400,-68.5200,5,18.0700,8
44.50_-68.50,44.6400,-68.5200,6,18.1708,8
44.50_-68.50,44.6400,-68.5200,7,17.9786,8
44.50_-68.50,44.6400,-68.5200,8,17.8844,8
44.50_-68.50,44.6400,-68.5200,9,17.7778,8
44.50_-68.50,44.6400,-68.5200,10,17.6950,8
44.50_-68.50,44.6400,-68.5200,11,17.6545,8
44.50_-68.50,44.6400,-68.5200,12,17.6271,8
44.50_-68.50,44.6400,-68.5200,13,17.5750,8
44.50_-68.50,44.6400,-68.5200,14,17.5545,8
44.50_-68.50,44.6400,-68.5200,15,17.4517,8
44.50_-68.50,44.6400,-68.5200,16,17.3797,8
44.50_-68.50,44.6400,-68.5200,17,17.3654,8
44.50_-68.50,44.6400,-68.5200,18,17.2972,8
44.50_-68.50,44.6400,-68.5200,19,17.1691,8
44.50_-68.50,44.6400,-68.5200,20,17.0031,8
44.50_-68.50,44.6400,-68.5200,21,16.8702,8
44.50_-68.50,44.6400,-68.5200,22,16.7812,8
44.50_-68.50,44.6400,-68.5200,23,16.7310,8
44.50_-68.50,44.6400,-68.5200,24,16.6531,8
44.50_-68.50,44.6400,-68.5200,25,16.5525,8
44.50_-68.50,44.6400,-68.5200,26,16.5250,8
44.50_-68.50,44.6400,-68.5200,27,16.4815,8
44.50_-68.50,44.6400,-68.5200,28,16.4429,8
44.50_-68.50,44.6400,-68.5200,29,16.3802,8
44.50_-68.50,44.6400,-68.5200,30,16.2788,8
44.50_-68.50,44.6400,-68.5200,31,16.1645,8
44.50_-68.50,44.6400,-68.5200,32,16.0254,8
44.50_-68.50,44.6400,-68.5200,33,15.9034,8
44.50_-68.50,44.6400,-68.5200,34,15.8081,8
44.50_-68.50,44.6400,-68.5200,35,15.7150,8
44.50_-68.50,44.6400,-68.5200,36,15.6594,8
44.50_-68.50,44.6400,-68.5200,37,15.6287,8
44.50_-68.50,44.6400,-68.5200,38,15.5260,8
44.50_-68.50,44.6400,-68.5200,39,15.3952,8
44.50_-68.50,44.6400,-68.5200,40,15.2900,8
44.50_-68.50,44.6400,-68.5200,41,15.1744,8
44.50_-68.50,44.6400,-68.5200,42,15.0771,8
44.50_-68.50,44.6400,-68.5200,43,14.9765,8
44.50_-68.50,44.6400,-68.5200,44,14.8969,8
44.50_-68.50,44.6400,-68.5200,45,14.8139,8
44.50_-68.50,44.6400,-68.5200,46,14.7177,8
44.50_-68.50,44.6400,-68.5200,47,14.6114,8
44.50_-68.50,44.6400,-68.5200,48,14.4922,8
44.50_-68.50,44.6400,-68.5200,49,14.3908,8
44.50_-68.50,44.6400,-68.5200,50,14.3188,8
44.50_-68.50,44.6400,-68.5200,51,14.2556,8
44.50_-68.50,44.6400,-68.5200,52,14.1856,8
44.50_-68.50,44.6400,-68.5200,53,14.1064,8
44.50_-68.50,44.6400,-68.5200,54,14.0197,8
44.50_-68.50,44.6400,-68.5200,55,13.9177,8
44.50_-68.50,44.6400,-68.5200,56,13.8230,8
44.50_-68.50,44.6400,-68.5200,57,13.7156,8
44.50_-68.50,44.6400,-68.5200,58,13.6011,8
44.50_-68.50,44.6400,-68.5200,59,13.4765,8
44.50_-68.50,44.6400,-68.5200,60,13.3615,8
44.50_-68.50,44.6400,-68.5200,61,13.2877,8
44.50_-68.50,44.6400,-68.5200,62,13.2242,8
44.50_-68.50,44.6400,-68.5200,63,13.1022,8
44.50_-68.50,44.6400,-68.5200,64,12.9773,8
44.50_-68.50,44.6400,-68.5200,65,12.8585,8
44.50_-68.50,44.6400,-68.5200,66,12.7830,8
44.50_-68.50,44.6400,-68.5200,67,12.7222,8
44.50_-68.50,44.6400,-68.5200,68,12.6645,8
44.50_-68.50,44.6400,-68.5200,69,12.5627,8
44.50_-68.50,44.6400,-68.5200,70,12.4368,8
44.50_-68.50,44.6400,-68.5200,71,12.3540,8
44.50_-68.50,44.6400,-68.5200,72,12.2646,8
44.50_-68.50,44.6400,-68.5200,73,12.1620,8
44.50_-68.50,44.6400,-68.5200,74,12.0243,8
44.50_-68.50,44.6400,-68.5200,75,11.8655,8
44.50_-68.50,44.6400,-68.5200,76,11.7194,8
44.50_-68.50,44.6400,-68.5200,77,11.5869,8
44.50_-68.50,44.6400,-68.5200,78,11.4567,8
44.50_-68.50,44.6400,-68.5200,79,11.3340,8
44.50_-68.50,44.6400,-68.5200,80,11.2058,8
44.50_-68.50,44.6400,-68.5200,81,11.0810,8
44.50_-68.50,44.6400,-68.5200,82,10.9570,8
44.50_-68.50,44.6400,-68.5200,83,10.8364,8
44.50_-68.50,44.6400,-68.5200,84,10.7106,8
44.50_-68.50,44.6400,-68.5200,85,10.5776,8
44.50_-68.50,44.6400,-68.5200,86,10.4616,8
44.50_-68.50,44.6400,-68.5200,87,10.3714,8
44.50_-68.50,44.6400,-68.5200,88,10.2916,8
44.50_-68.50,44.6400,-68.5200,89,10.1904,8
44.50_-68.50,44.6400,-68.5200,90,10.0682,8
44.50_-68.50,44.6400,-68.5200,91,9.9484,8
44.50_-69.50,44.4100,-69.4400,0,,0
44.50_-69.50,44.4100,-69.4400,1,17.0625,8
44.50_-69.50,44.4100,-69.4400,2,16.7250,8
44.50_-69.50,44.4100,-69.4400,3,17.0833,8
44.50_-69.50,44.4100,-69.4400,4,17.4656,8
44.50_-69.50,44.4100,-69.4400,5,17.5050,8
44.50_-69.50,44.4100,-69.4400,6,17.6083,8
44.50_-69.50,44.4100,-69.4400,7,17.4304,8
44.50_-69.50,44.4100,-69.4400,8,17.3391,8
44.50_-69.50,44.4100,-69.4400,9,17.2181,8
44.50_-69.50,44.4100,-69.4400,10,17.1088,8
44.50_-69.50,44.4100,-69.4400,11,17.0727,8
44.50_-69.50,44.4100,-69.4400,12,17.0292,8
44.50_-69.50,44.4100,-69.4400,13,16.9750,8
44.50_-69.50,44.4100,-69.4400,14,16.9571,8
44.50_-69.50,44.4100,-69.4400,15,16.8608,8
44.50_-69.50,44.4100,-69.4400,16,16.7844,8
44.50_-69.50,44.4100,-69.4400,17,16.7551,8
44.50_-69.50,44.4100,-69.4400,18,16.6785,8
44.50_-69.50,44.4100,-69.4400,19,16.5316,8
44.50_-69.50,44.4100,-69.4400,20,16.3550,8
44.50_-69.50,44.4100,-69.4400,21,16.2226,8
44.50_-69.50,44.4100,-69.4400,22,16.1415,8
44.50_-69.50,44.4100,-69.4400,23,16.0908,8
44.50_-69.50,44.4100,-69.4400,24,16.0073,8
44.50_-69.50,44.4100,-69.4400,25,15.9085,8
44.50_-69.50,44.4100,-69.4400,26,15.8913,8
44.50_-69.50,44.4100,-69.4400,27,15.8500,8
44.50_-69.50,44.4100,-69.4400,28,15.8089,8
44.50_-69.50,44.4100,-69.4400,29,15.7422,8
44.50_-69.50,44.4100,-69.4400,30,15.6346,8
44.50_-69.50,44.4100,-69.4400,31,15.5145,8
44.50_-69.50,44.4100,-69.4400,32,15.3680,8
44.50_-69.50,44.4100,-69.4400,33,15.2367,8
44.50_-69.50,44.4100,-69.4400,34,15.1408,8
44.50_-69.50,44.4100,-69.4400,35,15.0486,8
44.50_-69.50,44.4100,-69.4400,36,14.9889,8
44.50_-69.50,44.4100,-69.4400,37,14.9568,8
44.50_-69.50,44.4100,-69.4400,38,14.8493,8
44.50_-69.50,44.4100,-69.4400,39,14.7157,8
44.50_-69.50,44.4100,-69.4400,40,14.6081,8
44.50_-69.50,44.4100,-69.4400,41,14.4869,8
44.50_-69.50,44.4100,-69.4400,42,14.3812,8
44.50_-69.50,44.4100,-69.4400,43,14.2785,8
44.50_-69.50,44.4100,-69.4400,44,14.1960,8
44.50_-69.50,44.4100,-69.4400,45,14.1081,8
44.50_-69.50,44.4100,-69.4400,46,14.0125,8
44.50_-69.50,44.4100,-69.4400,47,13.8981,8
44.50_-69.50,44.4100,-69.4400,48,13.7760,8
44.50_-69.50,44.4100,-69.4400,49,13.6727,8
44.50_-69.50,44.4100,-69.4400,50,13.5952,8
44.50_-69.50,44.4100,-69.4400,51,13.5245,8
44.50_-69.50,44.4100,-69.4400,52,13.4476,8
44.50_-69.50,44.4100,-69.4400,53,13.3684,8
44.50_-69.50,44.4100,-69.4400,54,13.2808,8
44.50_-69.50,44.4100,-69.4400,55,13.1748,8
44.50_-69.50,44.4100,-69.4400,56,13.0743,8
44.50_-69.50,44.4100,-69.4400,57,12.9675,8
44.50_-69.50,44.4100,-69.4400,58,12.8476,8
44.50_-69.50,44.4100,-69.4400,59,12.7184,8
44.50_-69.50,44.4100,-69.4400,60,12.6021,8
44.50_-69.50,44.4100,-69.4400,61,12.5283,8
44.50_-69.50,44.4100,-69.4400,62,12.4542,8
44.50_-69.50,44.4100,-69.4400,63,12.3315,8
44.50_-69.50,44.4100,-69.4400,64,12.2029,8
44.50_-69.50,44.4100,-69.4400,65,12.0808,8
44.50_-69.50,44.4100,-69.4400,66,12.0019,8
44.50_-69.50,44.4100,-69.4400,67,11.9427,8
44.50_-69.50,44.4100,-69.4400,68,11.8868,8
44.50_-69.50,44.4100,-69.4400,69,11.7855,8
44.50_-69.50,44.4100,-69.4400,70,11.6595,8
44.50_-69.50,44.4100,-69.4400,71,11.5729,8
44.50_-69.50,44.4100,-69.4400,72,11.4799,8
44.50_-69.50,44.4100,-69.4400,73,11.3798,8
44.50_-69.50,44.4100,-69.4400,74,11.2417,8
44.50_-69.50,44.4100,-69.4400,75,11.0815,8
44.50_-69.50,44.4100,-69.4400,76,10.9383,8
44.50_-69.50,44.4100,-69.4400,77,10.8076,8
44.50_-69.50,44.4100,-69.4400,78,10.6788,8
44.50_-69.50,44.4100,-69.4400,79,10.5522,8
44.50_-69.50,44.4100,-69.4400,80,10.4209,8
44.50_-69.50,44.4100,-69.4400,81,10.2951,8
44.50_-69.50,44.4100,-69.4400,82,10.1727,8
44.50_-69.50,44.4100,-69.4400,83,10.0536,8
44.50_-69.50,44.4100,-69.4400,84,9.9260,8
44.50_-69.50,44.4100,-69.4400,85,9.7924,8
44.50_-69.50,44.4100,-69.4400,86,9.6781,8
44.50_-69.50,44.4100,-69.4400,87,9.5830,8
44.50_-69.50,44.4100,-69.4400,88,9.4993,8
44.50_-69.50,44.4100,-69.4400,89,9.3956,8
44.50_-69.50,44.4100,-69.4400,90,9.2750,8
44.50_-69.50,44.4100,-69.4400,91,9.1595,8
44.50_-70.50,44.4000,-70.5000,0,,0
44.50_-70.50,44.4000,-70.5000,1,16.6875,8
44.50_-70.50,44.4000,-70.5000,2,16.4312,8
44.50_-70.50,44.4000,-70.5000,3,16.8417,8
44.50_-70.50,44.4000,-70.5000,4,17.2031,8
44.50_-70.50,44.4000,-70.5000,5,17.2375,8
44.50_-70.50,44.4000,-70.5000,6,17.3125,8
44.50_-70.50,44.4000,-70.5000,7,17.1964,8
44.50_-70.50,44.4000,-70.5000,8,17.0812,8
44.50_-70.50,44.4000,-70.5000,9,16.9694,8
44.50_-70.50,44.4000,-70.5000,10,16.8362,8
44.50_-70.50,44.4000,-70.5000,11,16.8011,8
44.50_-70.50,44.4000,-70.5000,12,16.7625,8
44.50_-70.50,44.4000,-70.5000,13,16.7154,8
44.50_-70.50,44.4000,-70.5000,14,16.6634,8
44.50_-70.50,44.4000,-70.5000,15,16.5733,8
44.50_-70.50,44.4000,-70.5000,16,16.5234,8
44.50_-70.50,44.4000,-70.5000,17,16.4904,8
44.50_-70.50,44.4000,-70.5000,18,16.4368,8
44.50_-70.50,44.4000,-70.5000,19,16.2783,8
44.50_-70.50,44.4000,-70.5000,20,16.1056,8
44.50_-70.50,44.4000,-70.5000,21,15.9827,8
44.50_-70.50,44.4000,-70.5000,22,15.9040,8
44.50_-70.50,44.4000,-70.5000,23,15.8364,8
44.50_-70.50,44.4000,-70.5000,24,15.7479,8
44.50_-70.50,44.4000,-70.5000,25,15.6375,8
44.50_-70.50,44.4000,-70.5000,26,15.6173,8
44.50_-70.50,44.4000,-70.5000,27,15.5694,8
44.50_-70.50,44.4000,-70.5000,28,15.5375,8
44.50_-70.50,44.4000,-70.5000,29,15.4591,8
44.50_-70.50,44.4000,-70.5000,30,15.3521,8
44.50_-70.50,44.4000,-70.5000,31,15.2343,8
44.50_-70.50,44.4000,-70.5000,32,15.0801,8
44.50_-70.50,44.4000,-70.5000,33,14.9530,8
44.50_-70.50,44.4000,-70.5000,34,14.8680,8
44.50_-70.50,44.4000,-70.5000,35,14.7800,8
44.50_-70.50,44.4000,-70.5000,36,14.7240,8
44.50_-70.50,44.4000,-70.5000,37,14.6953,8
44.50_-70.50,44.4000,-70.5000,38,14.5763,8
44.50_-70.50,44.4000,-70.5000,39,14.4285,8
44.50_-70.50,44.4000,-70.5000,40,14.3119,8
44.50_-70.50,44.4000,-70.5000,41,14.1829,8
44.50_-70.50,44.4000,-70.5000,42,14.0714,8
44.50_-70.50,44.4000,-70.5000,43,13.9590,8
44.50_-70.50,44.4000,-70.5000,44,13.8733,8
44.50_-70.50,44.4000,-70.5000,45,13.7783,8
44.50_-70.50,44.4000,-70.5000,46,13.6709,8
44.50_-70.50,44.4000,-70.5000,47,13.5439,8
44.50_-70.50,44.4000,-70.5000,48,13.4096,8
44.50_-70.50,44.4000,-70.5000,49,13.2931,8
44.50_-70.50,44.4000,-70.5000,50,13.2085,8
44.50_-70.50,44.4000,-70.5000,51,13.1363,8
44.50_-70.50,44.4000,-70.5000,52,13.0471,8
44.50_-70.50,44.4000,-70.5000,53,12.9594,8
44.50_-70.50,44.4000,-70.5000,54,12.8630,8
44.50_-70.50,44.4000,-70.5000,55,12.7502,8
44.50_-70.50,44.4000,-70.5000,56,12.6438,8
44.50_-70.50,44.4000,-70.5000,57,12.5311,8
44.50_-70.50,44.4000,-70.5000,58,12.4019,8
44.50_-70.50,44.4000,-70.5000,59,12.2672,8
44.50_-70.50,44.4000,-70.5000,60,12.1408,8
44.50_-70.50,44.4000,-70.5000,61,12.0615,8
44.50_-70.50,44.4000,-70.5000,62,11.9812,8
44.50_-70.50,44.4000,-70.5000,63,11.8484,8
44.50_-70.50,44.4000,-70.5000,64,11.7066,8
44.50_-70.50,44.4000,-70.5000,65,11.5798,8
44.50_-70.50,44.4000,-70.5000,66,11.4877,8
44.50_-70.50,44.4000,-70.5000,67,11.4168,8
44.50_-70.50,44.4000,-70.5000,68,11.3553,8
44.50_-70.50,44.4000,-70.5000,69,11.2469,8
44.50_-70.50,44.4000,-70.5000,70,11.1186,8
44.50_-70.50,44.4000,-70.5000,71,11.0248,8
44.50_-70.50,44.4000,-70.5000,72,10.9238,8
44.50_-70.50,44.4000,-70.5000,73,10.8123,8
44.50_-70.50,44.4000,-70.5000,74,10.6672,8
44.50_-70.50,44.4000,-70.5000,75,10.5010,8
44.50_-70.50,44.4000,-70.5000,76,10.3536,8
44.50_-70.50,44.4000,-70.5000,77,10.2151,8
44.50_-70.50,44.4000,-70.5000,78,10.0856,8
44.50_-70.50,44.4000,-70.5000,79,9.9549,8
44.50_-70.50,44.4000,-70.5000,80,9.8191,8
44.50_-70.50,44.4000,-70.5000,81,9.6923,8
44.50_-70.50,44.4000,-70.5000,82,9.5675,8
44.50_-70.50,44.4000,-70.5000,83,9.4428,8
44.50_-70.50,44.4000,-70.5000,84,9.3104,8
44.50_-70.50,44.4000,-70.5000,85,9.1768,8
44.50_-70.50,44.4000,-70.5000,86,9.0608,8
44.50_-70.50,44.4000,-70.5000,87,8.9629,8
44.50_-70.50,44.4000,-70.5000,88,8.8754,8
44.50_-70.50,44.4000,-70.5000,89,8.7697,8
44.50_-70.50,44.4000,-70.5000,90,8.6481,8
44.50_-70.50,44.4000,-70.5000,91,8.5251,8
44.50_-71.50,44.2100,-71.5200,0,,0
44.50_-71.50,44.2100,-71.5200,1,12.2375,8
44.50_-71.50,44.2100,-71.5200,2,12.2062,8
44.50_-71.50,44.2100,-71.5200,3,12.7042,8
44.50_-71.50,44.2100,-71.5200,4,13.1656,8
44.50_-71.50,44.2100,-71.5200,5,13.2325,8
44.50_-71.50,44.2100,-71.5200,6,13.2146,8
44.50_-71.50,44.2100,-71.5200,7,13.1304,8
44.50_-71.50,44.2100,-71.5200,8,12.9516,8
44.50_-71.50,44.2100,-71.5200,9,12.8361,8
44.50_-71.50,44.2100,-71.5200,10,12.7138,8
44.50_-71.50,44.2100,-71.5200,11,12.6795,8
44.50_-71.50,44.2100,-71.5200,12,12.6594,8
44.50_-71.50,44.2100,-71.5200,13,12.6250,8
44.50_-71.50,44.2100,-71.5200,14,12.5482,8
44.50_-71.50,44.2100,-71.5200,15,12.4608,8
44.50_-71.50,44.2100,-71.5200,16,12.4023,8
44.50_-71.50,44.2100,-71.5200,17,12.3787,8
44.50_-71.50,44.2100,-71.5200,18,12.3618,8
44.50_-71.50,44.2100,-71.5200,19,12.2164,8
44.50_-71.50,44.2100,-71.5200,20,12.0512,8
44.50_-71.50,44.2100,-71.5200,21,11.9357,8
44.50_-71.50,44.2100,-71.5200,22,11.8574,8
44.50_-71.50,44.2100,-71.5200,23,11.7728,8
44.50_-71.50,44.2100,-71.5200,24,11.6714,8
44.50_-71.50,44.2100,-71.5200,25,11.5620,8
44.50_-71.50,44.2100,-71.5200,26,11.5457,8
44.50_-71.50,44.2100,-71.5200,27,11.5014,8
44.50_-71.50,44.2100,-71.5200,28,11.4821,8
44.50_-71.50,44.2100,-71.5200,29,11.3961,8
44.50_-71.50,44.2100,-71.5200,30,11.2863,8
44.50_-71.50,44.2100,-71.5200,31,11.1815,8
44.50_-71.50,44.2100,-71.5200,32,11.0461,8
44.50_-71.50,44.2100,-71.5200,33,10.9492,8
44.50_-71.50,44.2100,-71.5200,34,10.8893,8
44.50_-71.50,44.2100,-71.5200,35,10.8196,8
44.50_-71.50,44.2100,-71.5200,36,10.7788,8
44.50_-71.50,44.2100,-71.5200,37,10.7595,8
44.50_-71.50,44.2100,-71.5200,38,10.6158,8
44.50_-71.50,44.2100,-71.5200,39,10.4554,8
44.50_-71.50,44.2100,-71.5200,40,10.3394,8
44.50_-71.50,44.2100,-71.5200,41,10.2287,8
44.50_-71.50,44.2100,-71.5200,42,10.1310,8
44.50_-71.50,44.2100,-71.5200,43,10.0160,8
44.50_-71.50,44.2100,-71.5200,44,9.9216,8
44.50_-71.50,44.2100,-71.5200,45,9.8131,8
44.50_-71.50,44.2100,-71.5200,46,9.6875,8
44.50_-71.50,44.2100,-71.5200,47,9.5367,8
44.50_-71.50,44.2100,-71.5200,48,9.3737,8
44.50_-71.50,44.2100,-71.5200,49,9.2515,8
44.50_-71.50,44.2100,-71.5200,50,9.1720,8
44.50_-71.50,44.2100,-71.5200,51,9.1005,8
44.50_-71.50,44.2100,-71.5200,52,9.0183,8
44.50_-71.50,44.2100,-71.5200,53,8.9394,8
44.50_-71.50,44.2100,-71.5200,54,8.8412,8
44.50_-71.50,44.2100,-71.5200,55,8.7257,8
44.50_-71.50,44.2100,-71.5200,56,8.6167,8
44.50_-71.50,44.2100,-71.5200,57,8.4965,8
44.50_-71.50,44.2100,-71.5200,58,8.3739,8
44.50_-71.50,44.2100,-71.5200,59,8.2519,8
44.50_-71.50,44.2100,-71.5200,60,8.1435,8
44.50_-71.50,44.2100,-71.5200,61,8.0717,8
44.50_-71.50,44.2100,-71.5200,62,7.9859,8
44.50_-71.50,44.2100,-71.5200,63,7.8427,8
44.50_-71.50,44.2100,-71.5200,64,7.7074,8
44.50_-71.50,44.2100,-71.5200,65,7.5815,8
44.50_-71.50,44.2100,-71.5200,66,7.5030,8
44.50_-71.50,44.2100,-71.5200,67,7.4390,8
44.50_-71.50,44.2100,-71.5200,68,7.3761,8
44.50_-71.50,44.2100,-71.5200,69,7.2605,8
44.50_-71.50,44.2100,-71.5200,70,7.1421,8
44.50_-71.50,44.2100,-71.5200,71,7.0639,8
44.50_-71.50,44.2100,-71.5200,72,6.9615,8
44.50_-71.50,44.2100,-71.5200,73,6.8409,8
44.50_-71.50,44.2100,-71.5200,74,6.6909,8
44.50_-71.50,44.2100,-71.5200,75,6.5132,8
44.50_-71.50,44.2100,-71.5200,76,6.3561,8
44.50_-71.50,44.2100,-71.5200,77,6.2120,8
44.50_-71.50,44.2100,-71.5200,78,6.0760,8
44.50_-71.50,44.2100,-71.5200,79,5.9411,8
44.50_-71.50,44.2100,-71.5200,80,5.8039,8
44.50_-71.50,44.2100,-71.5200,81,5.6776,8
44.50_-71.50,44.2100,-71.5200,82,5.5456,8
44.50_-71.50,44.2100,-71.5200,83,5.4143,8
44.50_-71.50,44.2100,-71.5200,84,5.2696,8
44.50_-71.50,44.2100,-71.5200,85,5.1324,8
44.50_-71.50,44.2100,-71.5200,86,5.0231,8
44.50_-71.50,44.2100,-71.5200,87,4.9420,8
44.50_-71.50,44.2100,-71.5200,88,4.8534,8
44.50_-71.50,44.2100,-71.5200,89,4.7361,8
44.50_-71.50,44.2100,-71.5200,90,4.5956,8
44.50_-71.50,44.2100,-71.5200,91,4.4641,8
44.50_-72.50,44.4800,-72.5900,0,,0
44.50_-72.50,44.4800,-72.5900,1,15.7625,8
44.50_-72.50,44.4800,-72.5900,2,15.6625,8
44.50_-72.50,44.4800,-72.5900,3,16.0708,8
44.50_-72.50,44.4800,-72.5900,4,16.4313,8
44.50_-72.50,44.4800,-72.5900,5,16.5550,8
44.50_-72.50,44.4800,-72.5900,6,16.5375,8
44.50_-72.50,44.4800,-72.5900,7,16.4446,8
44.50_-72.50,44.4800,-72.5900,8,16.2453,8
44.50_-72.50,44.4800,-72.5900,9,16.0806,8
44.50_-72.50,44.4800,-72.5900,10,15.9438,8
44.50_-72.50,44.4800,-72.5900,11,15.8818,8
44.50_-72.50,44.4800,-72.5900,12,15.8438,8
44.50_-72.50,44.4800,-72.5900,13,15.8183,8
44.50_-72.50,44.4800,-72.5900,14,15.7643,8
44.50_-72.50,44.4800,-72.5900,15,15.6608,8
44.50_-72.50,44.4800,-72.5900,16,15.6109,8
44.50_-72.50,44.4800,-72.5900,17,15.5779,8
44.50_-72.50,44.4800,-72.5900,18,15.5424,8
44.50_-72.50,44.4800,-72.5900,19,15.3928,8
44.50_-72.50,44.4800,-72.5900,20,15.2225,8
44.50_-72.50,44.4800,-72.5900,21,15.1190,8
44.50_-72.50,44.4800,-72.5900,22,15.0511,8
44.50_-72.50,44.4800,-72.5900,23,14.9897,8
44.50_-72.50,44.4800,-72.5900,24,14.9052,8
44.50_-72.50,44.4800,-72.5900,25,14.8015,8
44.50_-72.50,44.4800,-72.5900,26,14.7712,8
44.50_-72.50,44.4800,-72.5900,27,14.7097,8
44.50_-72.50,44.4800,-72.5900,28,14.6692,8
44.50_-72.50,44.4800,-72.5900,29,14.5690,8
44.50_-72.50,44.4800,-72.5900,30,14.4417,8
44.50_-72.50,44.4800,-72.5900,31,14.3403,8
44.50_-72.50,44.4800,-72.5900,32,14.2004,8
44.50_-72.50,44.4800,-72.5900,33,14.0898,8
44.50_-72.50,44.4800,-72.5900,34,14.0228,8
44.50_-72.50,44.4800,-72.5900,35,13.9436,8
44.50_-72.50,44.4800,-72.5900,36,13.8944,8
44.50_-72.50,44.4800,-72.5900,37,13.8554,8
44.50_-72.50,44.4800,-72.5900,38,13.7164,8
44.50_-72.50,44.4800,-72.5900,39,13.5712,8
44.50_-72.50,44.4800,-72.5900,40,13.4628,8
44.50_-72.50,44.4800,-72.5900,41,13.3567,8
44.50_-72.50,44.4800,-72.5900,42,13.2557,8
44.50_-72.50,44.4800,-72.5900,43,13.1436,8
44.50_-72.50,44.4800,-72.5900,44,13.0338,8
44.50_-72.50,44.4800,-72.5900,45,12.9283,8
44.50_-72.50,44.4800,-72.5900,46,12.8060,8
44.50_-72.50,44.4800,-72.5900,47,12.6508,8
44.50_-72.50,44.4800,-72.5900,48,12.4961,8
44.50_-72.50,44.4800,-72.5900,49,12.3763,8
44.50_-72.50,44.4800,-72.5900,50,12.2902,8
44.50_-72.50,44.4800,-72.5900,51,12.2118,8
44.50_-72.50,44.4800,-72.5900,52,12.1250,8
44.50_-72.50,44.4800,-72.5900,53,12.0481,8
44.50_-72.50,44.4800,-72.5900,54,11.9463,8
44.50_-72.50,44.4800,-72.5900,55,11.8300,8
44.50_-72.50,44.4800,-72.5900,56,11.7308,8
44.50_-72.50,44.4800,-72.5900,57,11.6127,8
44.50_-72.50,44.4800,-72.5900,58,11.4862,8
44.50_-72.50,44.4800,-72.5900,59,11.3593,8
44.50_-72.50,44.4800,-72.5900,60,11.2446,8
44.50_-72.50,44.4800,-72.5900,61,11.1602,8
44.50_-72.50,44.4800,-72.5900,62,11.0639,8
44.50_-72.50,44.4800,-72.5900,63,10.9220,8
44.50_-72.50,44.4800,-72.5900,64,10.7824,8
44.50_-72.50,44.4800,-72.5900,65,10.6627,8
44.50_-72.50,44.4800,-72.5900,66,10.5763,8
44.50_-72.50,44.4800,-72.5900,67,10.5104,8
44.50_-72.50,44.4800,-72.5900,68,10.4357,8
44.50_-72.50,44.4800,-72.5900,69,10.3210,8
44.50_-72.50,44.4800,-72.5900,70,10.1946,8
44.50_-72.50,44.4800,-72.5900,71,10.0984,8
44.50_-72.50,44.4800,-72.5900,72,9.9931,8
44.50_-72.50,44.4800,-72.5900,73,9.8682,8
44.50_-72.50,44.4800,-72.5900,74,9.7110,8
44.50_-72.50,44.4800,-72.5900,75,9.5353,8
44.50_-72.50,44.4800,-72.5900,76,9.3789,8
44.50_-72.50,44.4800,-72.5900,77,9.2336,8
44.50_-72.50,44.4800,-72.5900,78,9.0942,8
44.50_-72.50,44.4800,-72.5900,79,8.9538,8
44.50_-72.50,44.4800,-72.5900,80,8.8127,8
44.50_-72.50,44.4800,-72.5900,81,8.6778,8
44.50_-72.50,44.4800,-72.5900,82,8.5482,8
44.50_-72.50,44.4800,-72.5900,83,8.4188,8
44.50_-72.50,44.4800,-72.5900,84,8.2760,8
44.50_-72.50,44.4800,-72.5900,85,8.1422,8
44.50_-72.50,44.4800,-72.5900,86,8.0366,8
44.50_-72.50,44.4800,-72.5900,87,7.9520,8
44.50_-72.50,44.4800,-72.5900,88,7.8607,8
44.50_-72.50,44.4800,-72.5900,89,7.7445,8
44.50_-72.50,44.4800,-72.5900,90,7.6122,8
44.50_-72.50,44.4800,-72.5900,91,7.4870,8
44.50_-73.50,44.4500,-73.2000,0,,0
44.50_-73.50,44.4500,-73.2000,1,18.7625,8
44.50_-73.50,44.4500,-73.2000,2,18.7313,8
44.50_-73.50,44.4500,-73.2000,3,19.1417,8
44.50_-73.50,44.4500,-73.2000,4,19.4094,8
44.50_-73.50,44.4500,-73.2000,5,19.4825,8
44.50_-73.50,44.4500,-73.2000,6,19.4542,8
44.50_-73.50,44.4500,-73.2000,7,19.3732,8
44.50_-73.50,44.4500,-73.2000,8,19.1734,8
44.50_-73.50,44.4500,-73.2000,9,18.9181,8
44.50_-73.50,44.4500,-73.2000,10,18.7863,8
44.50_-73.50,44.4500,-73.2000,11,18.7080,8
44.50_-73.50,44.4500,-73.2000,12,18.6437,8
44.50_-73.50,44.4500,-73.2000,13,18.6240,8
44.50_-73.50,44.4500,-73.2000,14,18.5804,8
44.50_-73.50,44.4500,-73.2000,15,18.4850,8
44.50_-73.50,44.4500,-73.2000,16,18.4273,8
44.50_-73.50,44.4500,-73.2000,17,18.4022,8
44.50_-73.50,44.4500,-73.2000,18,18.3465,8
44.50_-73.50,44.4500,-73.2000,19,18.1855,8
44.50_-73.50,44.4500,-73.2000,20,18.0137,8
44.50_-73.50,44.4500,-73.2000,21,17.9363,8
44.50_-73.50,44.4500,-73.2000,22,17.8847,8
44.50_-73.50,44.4500,-73.2000,23,17.8337,8
44.50_-73.50,44.4500,-73.2000,24,17.7427,8
44.50_-73.50,44.4500,-73.2000,25,17.6430,8
44.50_-73.50,44.4500,-73.2000,26,17.6159,8
44.50_-73.50,44.4500,-73.2000,27,17.5435,8
44.50_-73.50,44.4500,-73.2000,28,17.5013,8
44.50_-73.50,44.4500,-73.2000,29,17.4086,8
44.50_-73.50,44.4500,-73.2000,30,17.2696,8
44.50_-73.50,44.4500,-73.2000,31,17.1710,8
44.50_-73.50,44.4500,-73.2000,32,17.0250,8
44.50_-73.50,44.4500,-73.2000,33,16.8989,8
44.50_-73.50,44.4500,-73.2000,34,16.8221,8
44.50_-73.50,44.4500,-73.2000,35,16.7393,8
44.50_-73.50,44.4500,-73.2000,36,16.7000,8
44.50_-73.50,44.4500,-73.2000,37,16.6517,8
44.50_-73.50,44.4500,-73.2000,38,16.5161,8
44.50_-73.50,44.4500,-73.2000,39,16.3798,8
44.50_-73.50,44.4500,-73.2000,40,16.2728,8
44.50_-73.50,44.4500,-73.2000,41,16.1762,8
44.50_-73.50,44.4500,-73.2000,42,16.0902,8
44.50_-73.50,44.4500,-73.2000,43,15.9898,8
44.50_-73.50,44.4500,-73.2000,44,15.8818,8
44.50_-73.50,44.4500,-73.2000,45,15.7858,8
44.50_-73.50,44.4500,-73.2000,46,15.6720,8
44.50_-73.50,44.4500,-73.2000,47,15.5231,8
44.50_-73.50,44.4500,-73.2000,48,15.3794,8
44.50_-73.50,44.4500,-73.2000,49,15.2758,8
44.50_-73.50,44.4500,-73.2000,50,15.2050,8
44.50_-73.50,44.4500,-73.2000,51,15.1282,8
44.50_-73.50,44.4500,-73.2000,52,15.0450,8
44.50_-73.50,44.4500,-73.2000,53,14.9750,8
44.50_-73.50,44.4500,-73.2000,54,14.8701,8
44.50_-73.50,44.4500,-73.2000,55,14.7580,8
44.50_-73.50,44.4500,-73.2000,56,14.6612,8
44.50_-73.50,44.4500,-73.2000,57,14.5454,8
44.50_-73.50,44.4500,-73.2000,58,14.4166,8
44.50_-73.50,44.4500,-73.2000,59,14.2941,8
44.50_-73.50,44.4500,-73.2000,60,14.1892,8
44.50_-73.50,44.4500,-73.2000,61,14.1074,8
44.50_-73.50,44.4500,-73.2000,62,14.0143,8
44.50_-73.50,44.4500,-73.2000,63,13.8742,8
44.50_-73.50,44.4500,-73.2000,64,13.7395,8
44.50_-73.50,44.4500,-73.2000,65,13.6290,8
44.50_-73.50,44.4500,-73.2000,66,13.5553,8
44.50_-73.50,44.4500,-73.2000,67,13.4970,8
44.50_-73.50,44.4500,-73.2000,68,13.4252,8
44.50_-73.50,44.4500,-73.2000,69,13.3172,8
44.50_-73.50,44.4500,-73.2000,70,13.1954,8
44.50_-73.50,44.4500,-73.2000,71,13.1055,8
44.50_-73.50,44.4500,-73.2000,72,13.0040,8
44.50_-73.50,44.4500,-73.2000,73,12.8837,8
44.50_-73.50,44.4500,-73.2000,74,12.7299,8
44.50_-73.50,44.4500,-73.2000,75,12.5663,8
44.50_-73.50,44.4500,-73.2000,76,12.4164,8
44.50_-73.50,44.4500,-73.2000,77,12.2760,8
44.50_-73.50,44.4500,-73.2000,78,12.1429,8
44.50_-73.50,44.4500,-73.2000,79,12.0089,8
44.50_-73.50,44.4500,-73.2000,80,11.8784,8
44.50_-73.50,44.4500,-73.2000,81,11.7426,8
44.50_-73.50,44.4500,-73.2000,82,11.6169,8
44.50_-73.50,44.4500,-73.2000,83,11.4913,8
44.50_-73.50,44.4500,-73.2000,84,11.3573,8
44.50_-73.50,44.4500,-73.2000,85,11.2312,8
44.50_-73.50,44.4500,-73.2000,86,11.1282,8
44.50_-73.50,44.4500,-73.2000,87,11.0477,8
44.50_-73.50,44.4500,-73.2000,88,10.9581,8
44.50_-73.50,44.4500,-73.2000,89,10.8462,8
44.50_-73.50,44.4500,-73.2000,90,10.7221,8
44.50_-73.50,44.4500,-73.2000,91,10.6048,8
44.50_-74.50,44.3500,-74.3200,0,,0
44.50_-74.50,44.3500,-74.3200,1,16.2875,8
44.50_-74.50,44.3500,-74.3200,2,16.3188,8
44.50_-74.50,44.3500,-74.3200,3,16.7125,8
44.50_-74.50,44.3500,-74.3200,4,16.9688,8
44.50_-74.50,44.3500,-74.3200,5,17.0675,8
44.50_-74.50,44.3500,-74.3200,6,17.0229,8
44.50_-74.50,44.3500,-74.3200,7,16.9018,8
44.50_-74.50,44.3500,-74.3200,8,16.6719,8
44.50_-74.50,44.3500,-74.3200,9,16.5097,8
44.50_-74.50,44.3500,-74.3200,10,16.4038,8
44.50_-74.50,44.3500,-74.3200,11,16.3466,8
44.50_-74.50,44.3500,-74.3200,12,16.3177,8
44.50_-74.50,44.3500,-74.3200,13,16.2952,8
44.50_-74.50,44.3500,-74.3200,14,16.2312,8
44.50_-74.50,44.3500,-74.3200,15,16.1350,8
44.50_-74.50,44.3500,-74.3200,16,16.1055,8
44.50_-74.50,44.3500,-74.3200,17,16.1000,8
44.50_-74.50,44.3500,-74.3200,18,16.0674,8
44.50_-74.50,44.3500,-74.3200,19,15.9395,8
44.50_-74.50,44.3500,-74.3200,20,15.8069,8
44.50_-74.50,44.3500,-74.3200,21,15.7661,8
44.50_-74.50,44.3500,-74.3200,22,15.7210,8
44.50_-74.50,44.3500,-74.3200,23,15.6554,8
44.50_-74.50,44.3500,-74.3200,24,15.5583,8
44.50_-74.50,44.3500,-74.3200,25,15.4810,8
44.50_-74.50,44.3500,-74.3200,26,15.4433,8
44.50_-74.50,44.3500,-74.3200,27,15.3861,8
44.50_-74.50,44.3500,-74.3200,28,15.3554,8
44.50_-74.50,44.3500,-74.3200,29,15.2612,8
44.50_-74.50,44.3500,-74.3200,30,15.1475,8
44.50_-74.50,44.3500,-74.3200,31,15.0621,8
44.50_-74.50,44.3500,-74.3200,32,14.9477,8
44.50_-74.50,44.3500,-74.3200,33,14.8409,8
44.50_-74.50,44.3500,-74.3200,34,14.7801,8
44.50_-74.50,44.3500,-74.3200,35,14.7082,8
44.50_-74.50,44.3500,-74.3200,36,14.6785,8
44.50_-74.50,44.3500,-74.3200,37,14.6176,8
44.50_-74.50,44.3500,-74.3200,38,14.4734,8
44.50_-74.50,44.3500,-74.3200,39,14.3372,8
44.50_-74.50,44.3500,-74.3200,40,14.2412,8
44.50_-74.50,44.3500,-74.3200,41,14.1549,8
44.50_-74.50,44.3500,-74.3200,42,14.0628,8
44.50_-74.50,44.3500,-74.3200,43,13.9485,8
44.50_-74.50,44.3500,-74.3200,44,13.8324,8
44.50_-74.50,44.3500,-74.3200,45,13.7186,8
44.50_-74.50,44.3500,-74.3200,46,13.5796,8
44.50_-74.50,44.3500,-74.3200,47,13.4207,8
44.50_-74.50,44.3500,-74.3200,48,13.2641,8
44.50_-74.50,44.3500,-74.3200,49,13.1605,8
44.50_-74.50,44.3500,-74.3200,50,13.0820,8
44.50_-74.50,44.3500,-74.3200,51,12.9998,8
44.50_-74.50,44.3500,-74.3200,52,12.9065,8
44.50_-74.50,44.3500,-74.3200,53,12.8274,8
44.50_-74.50,44.3500,-74.3200,54,12.7215,8
44.50_-74.50,44.3500,-74.3200,55,12.6073,8
44.50_-74.50,44.3500,-74.3200,56,12.5085,8
44.50_-74.50,44.3500,-74.3200,57,12.3836,8
44.50_-74.50,44.3500,-74.3200,58,12.2636,8
44.50_-74.50,44.3500,-74.3200,59,12.1500,8
44.50_-74.50,44.3500,-74.3200,60,12.0483,8
44.50_-74.50,44.3500,-74.3200,61,11.9715,8
44.50_-74.50,44.3500,-74.3200,62,11.8617,8
44.50_-74.50,44.3500,-74.3200,63,11.7210,8
44.50_-74.50,44.3500,-74.3200,64,11.5887,8
44.50_-74.50,44.3500,-74.3200,65,11.4815,8
44.50_-74.50,44.3500,-74.3200,66,11.4098,8
44.50_-74.50,44.3500,-74.3200,67,11.3431,8
44.50_-74.50,44.3500,-74.3200,68,11.2623,8
44.50_-74.50,44.3500,-74.3200,69,11.1420,8
44.50_-74.50,44.3500,-74.3200,70,11.0291,8
44.50_-74.50,44.3500,-74.3200,71,10.9363,8
44.50_-74.50,44.3500,-74.3200,72,10.8278,8
44.50_-74.50,44.3500,-74.3200,73,10.6974,8
44.50_-74.50,44.3500,-74.3200,74,10.5404,8
44.50_-74.50,44.3500,-74.3200,75,10.3758,8
44.50_-74.50,44.3500,-74.3200,76,10.2314,8
44.50_-74.50,44.3500,-74.3200,77,10.0912,8
44.50_-74.50,44.3500,-74.3200,78,9.9607,8
44.50_-74.50,44.3500,-74.3200,79,9.8214,8
44.50_-74.50,44.3500,-74.3200,80,9.6877,8
44.50_-74.50,44.3500,-74.3200,81,9.5588,8
44.50_-74.50,44.3500,-74.3200,82,9.4334,8
44.50_-74.50,44.3500,-74.3200,83,9.2977,8
44.50_-74.50,44.3500,-74.3200,84,9.1591,8
44.50_-74.50,44.3500,-74.3200,85,9.0329,8
44.50_-74.50,44.3500,-74.3200,86,8.9355,8
44.50_-74.50,44.3500,-74.3200,87,8.8583,8
44.50_-74.50,44.3500,-74.3200,88,8.7622,8
44.50_-74.50,44.3500,-74.3200,89,8.6427,8
44.50_-74.50,44.3500,-74.3200,90,8.5129,8
44.50_-74.50,44.3500,-74.3200,91,8.3993,8
44.50_-75.50,44.7000,-75.4400,0,,0
44.50_-75.50,44.7000,-75.4400,1,18.6375,8
44.50_-75.50,44.7000,-75.4400,2,18.7062,8
44.50_-75.50,44.7000,-75.4400,3,19.0250,8
44.50_-75.50,44.7000,-75.4400,4,19.1219,8
44.50_-75.50,44.7000,-75.4400,5,19.1675,8
44.50_-75.50,44.7000,-75.4400,6,19.1104,8
44.50_-75.50,44.7000,-75.4400,7,18.9929,8
44.50_-75.50,44.7000,-75.4400,8,18.6734,8
44.50_-75.50,44.7000,-75.4400,9,18.3889,8
44.50_-75.50,44.7000,-75.4400,10,18.1813,8
44.50_-75.50,44.7000,-75.4400,11,18.1352,8
44.50_-75.50,44.7000,-75.4400,12,18.1010,8
44.50_-75.50,44.7000,-75.4400,13,18.1048,8
44.50_-75.50,44.7000,-75.4400,14,18.0866,8
44.50_-75.50,44.7000,-75.4400,15,18.0100,8
44.50_-75.50,44.7000,-75.4400,16,17.9898,8
44.50_-75.50,44.7000,-75.4400,17,17.9890,8
44.50_-75.50,44.7000,-75.4400,18,17.9535,8
44.50_-75.50,44.7000,-75.4400,19,17.8112,8
44.50_-75.50,44.7000,-75.4400,20,17.6581,8
44.50_-75.50,44.7000,-75.4400,21,17.6381,8
44.50_-75.50,44.7000,-75.4400,22,17.5955,8
44.50_-75.50,44.7000,-75.4400,23,17.5495,8
44.50_-75.50,44.7000,-75.4400,24,17.4615,8
44.50_-75.50,44.7000,-75.4400,25,17.3970,8
44.50_-75.50,44.7000,-75.4400,26,17.3702,8
44.50_-75.50,44.7000,-75.4400,27,17.3139,8
44.50_-75.50,44.7000,-75.4400,28,17.2746,8
44.50_-75.50,44.7000,-75.4400,29,17.1737,8
44.50_-75.50,44.7000,-75.4400,30,17.0579,8
44.50_-75.50,44.7000,-75.4400,31,16.9706,8
44.50_-75.50,44.7000,-75.4400,32,16.8398,8
44.50_-75.50,44.7000,-75.4400,33,16.7140,8
44.50_-75.50,44.7000,-75.4400,34,16.6412,8
44.50_-75.50,44.7000,-75.4400,35,16.5629,8
44.50_-75.50,44.7000,-75.4400,36,16.5194,8
44.50_-75.50,44.7000,-75.4400,37,16.4503,8
44.50_-75.50,44.7000,-75.4400,38,16.2987,8
44.50_-75.50,44.7000,-75.4400,39,16.1692,8
44.50_-75.50,44.7000,-75.4400,40,16.0716,8
44.50_-75.50,44.7000,-75.4400,41,15.9857,8
44.50_-75.50,44.7000,-75.4400,42,15.8952,8
44.50_-75.50,44.7000,-75.4400,43,15.7936,8
44.50_-75.50,44.7000,-75.4400,44,15.6878,8
44.50_-75.50,44.7000,-75.4400,45,15.5778,8
44.50_-75.50,44.7000,-75.4400,46,15.4543,8
44.50_-75.50,44.7000,-75.4400,47,15.3061,8
44.50_-75.50,44.7000,-75.4400,48,15.1661,8
44.50_-75.50,44.7000,-75.4400,49,15.0717,8
44.50_-75.50,44.7000,-75.4400,50,14.9918,8
44.50_-75.50,44.7000,-75.4400,51,14.9118,8
44.50_-75.50,44.7000,-75.4400,52,14.8178,8
44.50_-75.50,44.7000,-75.4400,53,14.7410,8
44.50_-75.50,44.7000,-75.4400,54,14.6308,8
44.50_-75.50,44.7000,-75.4400,55,14.5155,8
44.50_-75.50,44.7000,-75.4400,56,14.4103,8
44.50_-75.50,44.7000,-75.4400,57,14.2873,8
44.50_-75.50,44.7000,-75.4400,58,14.1584,8
44.50_-75.50,44.7000,-75.4400,59,14.0379,8
44.50_-75.50,44.7000,-75.4400,60,13.9252,8
44.50_-75.50,44.7000,-75.4400,61,13.8387,8
44.50_-75.50,44.7000,-75.4400,62,13.7329,8
44.50_-75.50,44.7000,-75.4400,63,13.5913,8
44.50_-75.50,44.7000,-75.4400,64,13.4588,8
44.50_-75.50,44.7000,-75.4400,65,13.3577,8
44.50_-75.50,44.7000,-75.4400,66,13.2970,8
44.50_-75.50,44.7000,-75.4400,67,13.2345,8
44.50_-75.50,44.7000,-75.4400,68,13.1546,8
44.50_-75.50,44.7000,-75.4400,69,13.0379,8
44.50_-75.50,44.7000,-75.4400,70,12.9129,8
44.50_-75.50,44.7000,-75.4400,71,12.8195,8
44.50_-75.50,44.7000,-75.4400,72,12.7123,8
44.50_-75.50,44.7000,-75.4400,73,12.5841,8
44.50_-75.50,44.7000,-75.4400,74,12.4213,8
44.50_-75.50,44.7000,-75.4400,75,12.2587,8
44.50_-75.50,44.7000,-75.4400,76,12.1109,8
44.50_-75.50,44.7000,-75.4400,77,11.9695,8
44.50_-75.50,44.7000,-75.4400,78,11.8351,8
44.50_-75.50,44.7000,-75.4400,79,11.6989,8
44.50_-75.50,44.7000,-75.4400,80,11.5675,8
44.50_-75.50,44.7000,-75.4400,81,11.4377,8
44.50_-75.50,44.7000,-75.4400,82,11.3134,8
44.50_-75.50,44.7000,-75.4400,83,11.1815,8
44.50_-75.50,44.7000,-75.4400,84,11.0530,8
44.50_-75.50,44.7000,-75.4400,85,10.9262,8
44.50_-75.50,44.7000,-75.4400,86,10.8289,8
44.50_-75.50,44.7000,-75.4400,87,10.7493,8
44.50_-75.50,44.7000,-75.4400,88,10.6580,8
44.50_-75.50,44.7000,-75.4400,89,10.5416,8
44.50_-75.50,44.7000,-75.4400,90,10.4189,8
44.50_-75.50,44.7000,-75.4400,91,10.3132,8
44.50_-76.50,44.5300,-76.3900,0,,0
44.50_-76.50,44.5300,-76.3900,1,18.9875,8
44.50_-76.50,44.5300,-76.3900,2,18.9688,8
44.50_-76.50,44.5300,-76.3900,3,19.2125,8
44.50_-76.50,44.5300,-76.3900,4,19.2406,8
44.50_-76.50,44.5300,-76.3900,5,19.3075,8
44.50_-76.50,44.5300,-76.3900,6,19.2208,8
44.50_-76.50,44.5300,-76.3900,7,19.0696,8
44.50_-76.50,44.5300,-76.3900,8,18.7203,8
44.50_-76.50,44.5300,-76.3900,9,18.4056,8
44.50_-76.50,44.5300,-76.3900,10,18.2225,8
44.50_-76.50,44.5300,-76.3900,11,18.1932,8
44.50_-76.50,44.5300,-76.3900,12,18.1813,8
44.50_-76.50,44.5300,-76.3900,13,18.1721,8
44.50_-76.50,44.5300,-76.3900,14,18.1455,8
44.50_-76.50,44.5300,-76.3900,15,18.0767,8
44.50_-76.50,44.5300,-76.3900,16,18.0875,8
44.50_-76.50,44.5300,-76.3900,17,18.0912,8
44.50_-76.50,44.5300,-76.3900,18,18.0639,8
44.50_-76.50,44.5300,-76.3900,19,17.9507,8
44.50_-76.50,44.5300,-76.3900,20,17.8331,8
44.50_-76.50,44.5300,-76.3900,21,17.8185,8
44.50_-76.50,44.5300,-76.3900,22,17.7744,8
44.50_-76.50,44.5300,-76.3900,23,17.7141,8
44.50_-76.50,44.5300,-76.3900,24,17.6260,8
44.50_-76.50,44.5300,-76.3900,25,17.5605,8
44.50_-76.50,44.5300,-76.3900,26,17.5173,8
44.50_-76.50,44.5300,-76.3900,27,17.4537,8
44.50_-76.50,44.5300,-76.3900,28,17.4094,8
44.50_-76.50,44.5300,-76.3900,29,17.3086,8
44.50_-76.50,44.5300,-76.3900,30,17.1979,8
44.50_-76.50,44.5300,-76.3900,31,17.1141,8
44.50_-76.50,44.5300,-76.3900,32,16.9863,8
44.50_-76.50,44.5300,-76.3900,33,16.8754,8
44.50_-76.50,44.5300,-76.3900,34,16.8074,8
44.50_-76.50,44.5300,-76.3900,35,16.7250,8
44.50_-76.50,44.5300,-76.3900,36,16.6833,8
44.50_-76.50,44.5300,-76.3900,37,16.6041,8
44.50_-76.50,44.5300,-76.3900,38,16.4533,8
44.50_-76.50,44.5300,-76.3900,39,16.3260,8
44.50_-76.50,44.5300,-76.3900,40,16.2338,8
44.50_-76.50,44.5300,-76.3900,41,16.1473,8
44.50_-76.50,44.5300,-76.3900,42,16.0521,8
44.50_-76.50,44.5300,-76.3900,43,15.9459,8
44.50_-76.50,44.5300,-76.3900,44,15.8338,8
44.50_-76.50,44.5300,-76.3900,45,15.7164,8
44.50_-76.50,44.5300,-76.3900,46,15.5815,8
44.50_-76.50,44.5300,-76.3900,47,15.4335,8
44.50_-76.50,44.5300,-76.3900,48,15.2917,8
44.50_-76.50,44.5300,-76.3900,49,15.1878,8
44.50_-76.50,44.5300,-76.3900,50,15.0960,8
44.50_-76.50,44.5300,-76.3900,51,15.0029,8
44.50_-76.50,44.5300,-76.3900,52,14.9002,8
44.50_-76.50,44.5300,-76.3900,53,14.8184,8
44.50_-76.50,44.5300,-76.3900,54,14.7051,8
44.50_-76.50,44.5300,-76.3900,55,14.5857,8
44.50_-76.50,44.5300,-76.3900,56,14.4739,8
44.50_-76.50,44.5300,-76.3900,57,14.3489,8
44.50_-76.50,44.5300,-76.3900,58,14.2185,8
44.50_-76.50,44.5300,-76.3900,59,14.0960,8
44.50_-76.50,44.5300,-76.3900,60,13.9748,8
44.50_-76.50,44.5300,-76.3900,61,13.8811,8
44.50_-76.50,44.5300,-76.3900,62,13.7679,8
44.50_-76.50,44.5300,-76.3900,63,13.6240,8
44.50_-76.50,44.5300,-76.3900,64,13.4941,8
44.50_-76.50,44.5300,-76.3900,65,13.3923,8
44.50_-76.50,44.5300,-76.3900,66,13.3246,8
44.50_-76.50,44.5300,-76.3900,67,13.2549,8
44.50_-76.50,44.5300,-76.3900,68,13.1715,8
44.50_-76.50,44.5300,-76.3900,69,13.0487,8
44.50_-76.50,44.5300,-76.3900,70,12.9232,8
44.50_-76.50,44.5300,-76.3900,71,12.8234,8
44.50_-76.50,44.5300,-76.3900,72,12.7095,8
44.50_-76.50,44.5300,-76.3900,73,12.5815,8
44.50_-76.50,44.5300,-76.3900,74,12.4231,8
44.50_-76.50,44.5300,-76.3900,75,12.2650,8
44.50_-76.50,44.5300,-76.3900,76,12.1191,8
44.50_-76.50,44.5300,-76.3900,77,11.9786,8
44.50_-76.50,44.5300,-76.3900,78,11.8470,8
44.50_-76.50,44.5300,-76.3900,79,11.7108,8
44.50_-76.50,44.5300,-76.3900,80,11.5794,8
44.50_-76.50,44.5300,-76.3900,81,11.4494,8
44.50_-76.50,44.5300,-76.3900,82,11.3259,8
44.50_-76.50,44.5300,-76.3900,83,11.1931,8
44.50_-76.50,44.5300,-76.3900,84,11.0643,8
44.50_-76.50,44.5300,-76.3900,85,10.9400,8
44.50_-76.50,44.5300,-76.3900,86,10.8420,8
44.50_-76.50,44.5300,-76.3900,87,10.7569,8
44.50_-76.50,44.5300,-76.3900,88,10.6581,8
44.50_-76.50,44.5300,-76.3900,89,10.5372,8
44.50_-76.50,44.5300,-76.3900,90,10.4115,8
44.50_-76.50,44.5300,-76.3900,91,10.3000,8
44.50_-77.50,44.5900,-77.3300,0,,0
44.50_-77.50,44.5900,-77.3300,1,18.3125,8
44.50_-77.50,44.5900,-77.3300,2,18.3937,8
44.50_-77.50,44.5900,-77.3300,3,18.6750,8
44.50_-77.50,44.5900,-77.3300,4,18.6125,8
44.50_-77.50,44.5900,-77.3300,5,18.6425,8
44.50_-77.50,44.5900,-77.3300,6,18.5458,8
44.50_-77.50,44.5900,-77.3300,7,18.3232,8
44.50_-77.50,44.5900,-77.3300,8,17.9328,8
44.50_-77.50,44.5900,-77.3300,9,17.5833,8
44.50_-77.50,44.5900,-77.3300,10,17.3988,8
44.50_-77.50,44.5900,-77.3300,11,17.3977,8
44.50_-77.50,44.5900,-77.3300,12,17.3854,8
44.50_-77.50,44.5900,-77.3300,13,17.3750,8
44.50_-77.50,44.5900,-77.3300,14,17.3500,8
44.50_-77.50,44.5900,-77.3300,15,17.2617,8
44.50_-77.50,44.5900,-77.3300,16,17.2477,8
44.50_-77.50,44.5900,-77.3300,17,17.2735,8
44.50_-77.50,44.5900,-77.3300,18,17.2528,8
44.50_-77.50,44.5900,-77.3300,19,17.1408,8
44.50_-77.50,44.5900,-77.3300,20,17.0206,8
44.50_-77.50,44.5900,-77.3300,21,17.0131,8
44.50_-77.50,44.5900,-77.3300,22,16.9670,8
44.50_-77.50,44.5900,-77.3300,23,16.9217,8
44.50_-77.50,44.5900,-77.3300,24,16.8495,8
44.50_-77.50,44.5900,-77.3300,25,16.8050,8
44.50_-77.50,44.5900,-77.3300,26,16.7707,8
44.50_-77.50,44.5900,-77.3300,27,16.7069,8
44.50_-77.50,44.5900,-77.3300,28,16.6585,8
44.50_-77.50,44.5900,-77.3300,29,16.5569,8
44.50_-77.50,44.5900,-77.3300,30,16.4446,8
44.50_-77.50,44.5900,-77.3300,31,16.3633,8
44.50_-77.50,44.5900,-77.3300,32,16.2391,8
44.50_-77.50,44.5900,-77.3300,33,16.1242,8
44.50_-77.50,44.5900,-77.3300,34,16.0566,8
44.50_-77.50,44.5900,-77.3300,35,15.9707,8
44.50_-77.50,44.5900,-77.3300,36,15.9295,8
44.50_-77.50,44.5900,-77.3300,37,15.8490,8
44.50_-77.50,44.5900,-77.3300,38,15.6882,8
44.50_-77.50,44.5900,-77.3300,39,15.5503,8
44.50_-77.50,44.5900,-77.3300,40,15.4547,8
44.50_-77.50,44.5900,-77.3300,41,15.3671,8
44.50_-77.50,44.5900,-77.3300,42,15.2726,8
44.50_-77.50,44.5900,-77.3300,43,15.1706,8
44.50_-77.50,44.5900,-77.3300,44,15.0571,8
44.50_-77.50,44.5900,-77.3300,45,14.9361,8
44.50_-77.50,44.5900,-77.3300,46,14.7992,8
44.50_-77.50,44.5900,-77.3300,47,14.6463,8
44.50_-77.50,44.5900,-77.3300,48,14.4992,8
44.50_-77.50,44.5900,-77.3300,49,14.3872,8
44.50_-77.50,44.5900,-77.3300,50,14.2955,8
44.50_-77.50,44.5900,-77.3300,51,14.2012,8
44.50_-77.50,44.5900,-77.3300,52,14.1010,8
44.50_-77.50,44.5900,-77.3300,53,14.0094,8
44.50_-77.50,44.5900,-77.3300,54,13.8921,8
44.50_-77.50,44.5900,-77.3300,55,13.7711,8
44.50_-77.50,44.5900,-77.3300,56,13.6551,8
44.50_-77.50,44.5900,-77.3300,57,13.5296,8
44.50_-77.50,44.5900,-77.3300,58,13.3950,8
44.50_-77.50,44.5900,-77.3300,59,13.2682,8
44.50_-77.50,44.5900,-77.3300,60,13.1404,8
44.50_-77.50,44.5900,-77.3300,61,13.0408,8
44.50_-77.50,44.5900,-77.3300,62,12.9230,8
44.50_-77.50,44.5900,-77.3300,63,12.7778,8
44.50_-77.50,44.5900,-77.3300,64,12.6418,8
44.50_-77.50,44.5900,-77.3300,65,12.5367,8
44.50_-77.50,44.5900,-77.3300,66,12.4705,8
44.50_-77.50,44.5900,-77.3300,67,12.4041,8
44.50_-77.50,44.5900,-77.3300,68,12.3191,8
44.50_-77.50,44.5900,-77.3300,69,12.1929,8
44.50_-77.50,44.5900,-77.3300,70,12.0616,8
44.50_-77.50,44.5900,-77.3300,71,11.9560,8
44.50_-77.50,44.5900,-77.3300,72,11.8398,8
44.50_-77.50,44.5900,-77.3300,73,11.7074,8
44.50_-77.50,44.5900,-77.3300,74,11.5419,8
44.50_-77.50,44.5900,-77.3300,75,11.3808,8
44.50_-77.50,44.5900,-77.3300,76,11.2322,8
44.50_-77.50,44.5900,-77.3300,77,11.0899,8
44.50_-77.50,44.5900,-77.3300,78,10.9521,8
44.50_-77.50,44.5900,-77.3300,79,10.8161,8
44.50_-77.50,44.5900,-77.3300,80,10.6845,8
44.50_-77.50,44.5900,-77.3300,81,10.5543,8
44.50_-77.50,44.5900,-77.3300,82,10.4280,8
44.50_-77.50,44.5900,-77.3300,83,10.2896,8
44.50_-77.50,44.5900,-77.3300,84,10.1583,8
44.50_-77.50,44.5900,-77.3300,85,10.0332,8
44.50_-77.50,44.5900,-77.3300,86,9.9355,8
44.50_-77.50,44.5900,-77.3300,87,9.8555,8
44.50_-77.50,44.5900,-77.3300,88,9.7568,8
44.50_-77.50,44.5900,-77.3300,89,9.6362,8
44.50_-77.50,44.5900,-77.3300,90,9.5096,8
44.50_-77.50,44.5900,-77.3300,91,9.4008,8
44.50_-78.50,44.3500,-78.4700,0,,0
44.50_-78.50,44.3500,-78.4700,1,18.2500,8
44.50_-78.50,44.3500,-78.4700,2,18.5125,8
44.50_-78.50,44.3500,-78.4700,3,18.8292,8
44.50_-78.50,44.3500,-78.4700,4,18.7156,8
44.50_-78.50,44.3500,-78.4700,5,18.7675,8
44.50_-78.50,44.3500,-78.4700,6,18.6354,8
44.50_-78.50,44.3500,-78.4700,7,18.3679,8
44.50_-78.50,44.3500,-78.4700,8,17.9672,8
44.50_-78.50,44.3500,-78.4700,9,17.6264,8
44.50_-78.50,44.3500,-78.4700,10,17.4913,8
44.50_-78.50,44.3500,-78.4700,11,17.4966,8
44.50_-78.50,44.3500,-78.4700,12,17.4729,8
44.50_-78.50,44.3500,-78.4700,13,17.4558,8
44.50_-78.50,44.3500,-78.4700,14,17.4527,8
44.50_-78.50,44.3500,-78.4700,15,17.3675,8
44.50_-78.50,44.3500,-78.4700,16,17.3563,8
44.50_-78.50,44.3500,-78.4700,17,17.3897,8
44.50_-78.50,44.3500,-78.4700,18,17.3771,8
44.50_-78.50,44.3500,-78.4700,19,17.2724,8
44.50_-78.50,44.3500,-78.4700,20,17.1606,8
44.50_-78.50,44.3500,-78.4700,21,17.1768,8
44.50_-78.50,44.3500,-78.4700,22,17.1369,8
44.50_-78.50,44.3500,-78.4700,23,17.0842,8
44.50_-78.50,44.3500,-78.4700,24,17.0021,8
44.50_-78.50,44.3500,-78.4700,25,16.9700,8
44.50_-78.50,44.3500,-78.4700,26,16.9288,8
44.50_-78.50,44.3500,-78.4700,27,16.8778,8
44.50_-78.50,44.3500,-78.4700,28,16.8299,8
44.50_-78.50,44.3500,-78.4700,29,16.7216,8
44.50_-78.50,44.3500,-78.4700,30,16.6067,8
44.50_-78.50,44.3500,-78.4700,31,16.5278,8
44.50_-78.50,44.3500,-78.4700,32,16.4137,8
44.50_-78.50,44.3500,-78.4700,33,16.3030,8
44.50_-78.50,44.3500,-78.4700,34,16.2415,8
44.50_-78.50,44.3500,-78.4700,35,16.1607,8
44.50_-78.50,44.3500,-78.4700,36,16.1299,8
44.50_-78.50,44.3500,-78.4700,37,16.0459,8
44.50_-78.50,44.3500,-78.4700,38,15.8918,8
44.50_-78.50,44.3500,-78.4700,39,15.7638,8
44.50_-78.50,44.3500,-78.4700,40,15.6703,8
44.50_-78.50,44.3500,-78.4700,41,15.5884,8
44.50_-78.50,44.3500,-78.4700,42,15.4914,8
44.50_-78.50,44.3500,-78.4700,43,15.3776,8
44.50_-78.50,44.3500,-78.4700,44,15.2551,8
44.50_-78.50,44.3500,-78.4700,45,15.1289,8
44.50_-78.50,44.3500,-78.4700,46,14.9810,8
44.50_-78.50,44.3500,-78.4700,47,14.8168,8
44.50_-78.50,44.3500,-78.4700,48,14.6711,8
44.50_-78.50,44.3500,-78.4700,49,14.5656,8
44.50_-78.50,44.3500,-78.4700,50,14.4698,8
44.50_-78.50,44.3500,-78.4700,51,14.3770,8
44.50_-78.50,44.3500,-78.4700,52,14.2812,8
44.50_-78.50,44.3500,-78.4700,53,14.1906,8
44.50_-78.50,44.3500,-78.4700,54,14.0694,8
44.50_-78.50,44.3500,-78.4700,55,13.9532,8
44.50_-78.50,44.3500,-78.4700,56,13.8295,8
44.50_-78.50,44.3500,-78.4700,57,13.7066,8
44.50_-78.50,44.3500,-78.4700,58,13.5666,8
44.50_-78.50,44.3500,-78.4700,59,13.4358,8
44.50_-78.50,44.3500,-78.4700,60,13.3081,8
44.50_-78.50,44.3500,-78.4700,61,13.2111,8
44.50_-78.50,44.3500,-78.4700,62,13.0887,8
44.50_-78.50,44.3500,-78.4700,63,12.9401,8
44.50_-78.50,44.3500,-78.4700,64,12.8078,8
44.50_-78.50,44.3500,-78.4700,65,12.7163,8
44.50_-78.50,44.3500,-78.4700,66,12.6564,8
44.50_-78.50,44.3500,-78.4700,67,12.5924,8
44.50_-78.50,44.3500,-78.4700,68,12.5096,8
44.50_-78.50,44.3500,-78.4700,69,12.3895,8
44.50_-78.50,44.3500,-78.4700,70,12.2673,8
44.50_-78.50,44.3500,-78.4700,71,12.1685,8
44.50_-78.50,44.3500,-78.4700,72,12.0556,8
44.50_-78.50,44.3500,-78.4700,73,11.9195,8
44.50_-78.50,44.3500,-78.4700,74,11.7571,8
44.50_-78.50,44.3500,-78.4700,75,11.5988,8
44.50_-78.50,44.3500,-78.4700,76,11.4576,8
44.50_-78.50,44.3500,-78.4700,77,11.3135,8
44.50_-78.50,44.3500,-78.4700,78,11.1766,8
44.50_-78.50,44.3500,-78.4700,79,11.0451,8
44.50_-78.50,44.3500,-78.4700,80,10.9162,8
44.50_-78.50,44.3500,-78.4700,81,10.7914,8
44.50_-78.50,44.3500,-78.4700,82,10.6674,8
44.50_-78.50,44.3500,-78.4700,83,10.5270,8
44.50_-78.50,44.3500,-78.4700,84,10.3982,8
44.50_-78.50,44.3500,-78.4700,85,10.2766,8
44.50_-78.50,44.3500,-78.4700,86,10.1852,8
44.50_-78.50,44.3500,-78.4700,87,10.1046,8
44.50_-78.50,44.3500,-78.4700,88,10.0031,8
44.50_-78.50,44.3500,-78.4700,89,9.8777,8
44.50_-78.50,44.3500,-78.4700,90,9.7497,8
44.50_-78.50,44.3500,-78.4700,91,9.6375,8
44.50_-79.50,44.4200,-79.6300,0,,0
44.50_-79.50,44.4200,-79.6300,1,18.2750,8
44.50_-79.50,44.4200,-79.6300,2,18.5188,8
44.50_-79.50,44.4200,-79.6300,3,18.8333,8
44.50_-79.50,44.4200,-79.6300,4,18.6125,8
44.50_-79.50,44.4200,-79.6300,5,18.6200,8
44.50_-79.50,44.4200,-79.6300,6,18.4125,8
44.50_-79.50,44.4200,-79.6300,7,18.0911,8
44.50_-79.50,44.4200,-79.6300,8,17.6531,8
44.50_-79.50,44.4200,-79.6300,9,17.3792,8
44.50_-79.50,44.4200,-79.6300,10,17.2862,8
44.50_-79.50,44.4200,-79.6300,11,17.3159,8
44.50_-79.50,44.4200,-79.6300,12,17.3104,8
44.50_-79.50,44.4200,-79.6300,13,17.2952,8
44.50_-79.50,44.4200,-79.6300,14,17.2911,8
44.50_-79.50,44.4200,-79.6300,15,17.2167,8
44.50_-79.50,44.4200,-79.6300,16,17.2531,8
44.50_-79.50,44.4200,-79.6300,17,17.3000,8
44.50_-79.50,44.4200,-79.6300,18,17.2660,8
44.50_-79.50,44.4200,-79.6300,19,17.1533,8
44.50_-79.50,44.4200,-79.6300,20,17.0806,8
44.50_-79.50,44.4200,-79.6300,21,17.1458,8
44.50_-79.50,44.4200,-79.6300,22,17.1006,8
44.50_-79.50,44.4200,-79.6300,23,17.0250,8
44.50_-79.50,44.4200,-79.6300,24,16.9411,8
44.50_-79.50,44.4200,-79.6300,25,16.9320,8
44.50_-79.50,44.4200,-79.6300,26,16.8880,8
44.50_-79.50,44.4200,-79.6300,27,16.8491,8
44.50_-79.50,44.4200,-79.6300,28,16.7884,8
44.50_-79.50,44.4200,-79.6300,29,16.6772,8
44.50_-79.50,44.4200,-79.6300,30,16.5625,8
44.50_-79.50,44.4200,-79.6300,31,16.4802,8
44.50_-79.50,44.4200,-79.6300,32,16.3711,8
44.50_-79.50,44.4200,-79.6300,33,16.2731,8
44.50_-79.50,44.4200,-79.6300,34,16.2011,8
44.50_-79.50,44.4200,-79.6300,35,16.1261,8
44.50_-79.50,44.4200,-79.6300,36,16.1083,8
44.50_-79.50,44.4200,-79.6300,37,16.0061,8
44.50_-79.50,44.4200,-79.6300,38,15.8576,8
44.50_-79.50,44.4200,-79.6300,39,15.7439,8
44.50_-79.50,44.4200,-79.6300,40,15.6634,8
44.50_-79.50,44.4200,-79.6300,41,15.5924,8
44.50_-79.50,44.4200,-79.6300,42,15.4985,8
44.50_-79.50,44.4200,-79.6300,43,15.3895,8
44.50_-79.50,44.4200,-79.6300,44,15.2639,8
44.50_-79.50,44.4200,-79.6300,45,15.1300,8
44.50_-79.50,44.4200,-79.6300,46,14.9739,8
44.50_-79.50,44.4200,-79.6300,47,14.8037,8
44.50_-79.50,44.4200,-79.6300,48,14.6586,8
44.50_-79.50,44.4200,-79.6300,49,14.5579,8
44.50_-79.50,44.4200,-79.6300,50,14.4610,8
44.50_-79.50,44.4200,-79.6300,51,14.3738,8
44.50_-79.50,44.4200,-79.6300,52,14.2803,8
44.50_-79.50,44.4200,-79.6300,53,14.1920,8
44.50_-79.50,44.4200,-79.6300,54,14.0644,8
44.50_-79.50,44.4200,-79.6300,55,13.9525,8
44.50_-79.50,44.4200,-79.6300,56,13.8281,8
44.50_-79.50,44.4200,-79.6300,57,13.7162,8
44.50_-79.50,44.4200,-79.6300,58,13.5897,8
44.50_-79.50,44.4200,-79.6300,59,13.4727,8
44.50_-79.50,44.4200,-79.6300,60,13.3554,8
44.50_-79.50,44.4200,-79.6300,61,13.2600,8
44.50_-79.50,44.4200,-79.6300,62,13.1333,8
44.50_-79.50,44.4200,-79.6300,63,12.9869,8
44.50_-79.50,44.4200,-79.6300,64,12.8607,8
44.50_-79.50,44.4200,-79.6300,65,12.7769,8
44.50_-79.50,44.4200,-79.6300,66,12.7210,8
44.50_-79.50,44.4200,-79.6300,67,12.6567,8
44.50_-79.50,44.4200,-79.6300,68,12.5699,8
44.50_-79.50,44.4200,-79.6300,69,12.4498,8
44.50_-79.50,44.4200,-79.6300,70,12.3368,8
44.50_-79.50,44.4200,-79.6300,71,12.2401,8
44.50_-79.50,44.4200,-79.6300,72,12.1292,8
44.50_-79.50,44.4200,-79.6300,73,11.9928,8
44.50_-79.50,44.4200,-79.6300,74,11.8372,8
44.50_-79.50,44.4200,-79.6300,75,11.6882,8
44.50_-79.50,44.4200,-79.6300,76,11.5586,8
44.50_-79.50,44.4200,-79.6300,77,11.4167,8
44.50_-79.50,44.4200,-79.6300,78,11.2851,8
44.50_-79.50,44.4200,-79.6300,79,11.1522,8
44.50_-79.50,44.4200,-79.6300,80,11.0280,8
44.50_-79.50,44.4200,-79.6300,81,10.9039,8
44.50_-79.50,44.4200,-79.6300,82,10.7784,8
44.50_-79.50,44.4200,-79.6300,83,10.6369,8
44.50_-79.50,44.4200,-79.6300,84,10.5143,8
44.50_-79.50,44.4200,-79.6300,85,10.3991,8
44.50_-79.50,44.4200,-79.6300,86,10.3108,8
44.50_-79.50,44.4200,-79.6300,87,10.2280,8
44.50_-79.50,44.4200,-79.6300,88,10.1237,8
44.50_-79.50,44.4200,-79.6300,89,9.9997,8
44.50_-79.50,44.4200,-79.6300,90,9.8754,8
44.50_-79.50,44.4200,-79.6300,91,9.7632,8
44.50_-80.50,44.1500,-80.1100,0,,0
44.50_-80.50,44.1500,-80.1100,1,17.7125,8
44.50_-80.50,44.1500,-80.1100,2,17.9438,8
44.50_-80.50,44.1500,-80.1100,3,18.3375,8
44.50_-80.50,44.1500,-80.1100,4,18.1281,8
44.50_-80.50,44.1500,-80.1100,5,18.1525,8
44.50_-80.50,44.1500,-80.1100,6,17.9000,8
44.50_-80.50,44.1500,-80.1100,7,17.5482,8
44.50_-80.50,44.1500,-80.1100,8,17.0766,8
44.50_-80.50,44.1500,-80.1100,9,16.7556,8
44.50_-80.50,44.1500,-80.1100,10,16.6638,8
44.50_-80.50,44.1500,-80.1100,11,16.7102,8
44.50_-80.50,44.1500,-80.1100,12,16.7073,8
44.50_-80.50,44.1500,-80.1100,13,16.7000,8
44.50_-80.50,44.1500,-80.1100,14,16.6875,8
44.50_-80.50,44.1500,-80.1100,15,16.6175,8
44.50_-80.50,44.1500,-80.1100,16,16.6703,8
44.50_-80.50,44.1500,-80.1100,17,16.7338,8
44.50_-80.50,44.1500,-80.1100,18,16.7042,8
44.50_-80.50,44.1500,-80.1100,19,16.5934,8
44.50_-80.50,44.1500,-80.1100,20,16.5213,8
44.50_-80.50,44.1500,-80.1100,21,16.5881,8
44.50_-80.50,44.1500,-80.1100,22,16.5341,8
44.50_-80.50,44.1500,-80.1100,23,16.4516,8
44.50_-80.50,44.1500,-80.1100,24,16.3557,8
44.50_-80.50,44.1500,-80.1100,25,16.3415,8
44.50_-80.50,44.1500,-80.1100,26,16.2889,8
44.50_-80.50,44.1500,-80.1100,27,16.2435,8
44.50_-80.50,44.1500,-80.1100,28,16.1719,8
44.50_-80.50,44.1500,-80.1100,29,16.0573,8
44.50_-80.50,44.1500,-80.1100,30,15.9400,8
44.50_-80.50,44.1500,-80.1100,31,15.8556,8
44.50_-80.50,44.1500,-80.1100,32,15.7367,8
44.50_-80.50,44.1500,-80.1100,33,15.6564,8
44.50_-80.50,44.1500,-80.1100,34,15.5934,8
44.50_-80.50,44.1500,-80.1100,35,15.5143,8
44.50_-80.50,44.1500,-80.1100,36,15.4958,8
44.50_-80.50,44.1500,-80.1100,37,15.3909,8
44.50_-80.50,44.1500,-80.1100,38,15.2474,8
44.50_-80.50,44.1500,-80.1100,39,15.1298,8
44.50_-80.50,44.1500,-80.1100,40,15.0494,8
44.50_-80.50,44.1500,-80.1100,41,14.9799,8
44.50_-80.50,44.1500,-80.1100,42,14.8789,8
44.50_-80.50,44.1500,-80.1100,43,14.7610,8
44.50_-80.50,44.1500,-80.1100,44,14.6324,8
44.50_-80.50,44.1500,-80.1100,45,14.4900,8
44.50_-80.50,44.1500,-80.1100,46,14.3247,8
44.50_-80.50,44.1500,-80.1100,47,14.1556,8
44.50_-80.50,44.1500,-80.1100,48,14.0216,8
44.50_-80.50,44.1500,-80.1100,49,13.9224,8
44.50_-80.50,44.1500,-80.1100,50,13.8252,8
44.50_-80.50,44.1500,-80.1100,51,13.7382,8
44.50_-80.50,44.1500,-80.1100,52,13.6483,8
44.50_-80.50,44.1500,-80.1100,53,13.5670,8
44.50_-80.50,44.1500,-80.1100,54,13.4472,8
44.50_-80.50,44.1500,-80.1100,55,13.3364,8
44.50_-80.50,44.1500,-80.1100,56,13.2074,8
44.50_-80.50,44.1500,-80.1100,57,13.0877,8
44.50_-80.50,44.1500,-80.1100,58,12.9524,8
44.50_-80.50,44.1500,-80.1100,59,12.8373,8
44.50_-80.50,44.1500,-80.1100,60,12.7233,8
44.50_-80.50,44.1500,-80.1100,61,12.6275,8
44.50_-80.50,44.1500,-80.1100,62,12.5000,8
44.50_-80.50,44.1500,-80.1100,63,12.3565,8
44.50_-80.50,44.1500,-80.1100,64,12.2318,8
44.50_-80.50,44.1500,-80.1100,65,12.1508,8
44.50_-80.50,44.1500,-80.1100,66,12.0979,8
44.50_-80.50,44.1500,-80.1100,67,12.0340,8
44.50_-80.50,44.1500,-80.1100,68,11.9506,8
44.50_-80.50,44.1500,-80.1100,69,11.8353,8
44.50_-80.50,44.1500,-80.1100,70,11.7241,8
44.50_-80.50,44.1500,-80.1100,71,11.6301,8
44.50_-80.50,44.1500,-80.1100,72,11.5198,8
44.50_-80.50,44.1500,-80.1100,73,11.3772,8
44.50_-80.50,44.1500,-80.1100,74,11.2189,8
44.50_-80.50,44.1500,-80.1100,75,11.0693,8
44.50_-80.50,44.1500,-80.1100,76,10.9408,8
44.50_-80.50,44.1500,-80.1100,77,10.8016,8
44.50_-80.50,44.1500,-80.1100,78,10.6712,8
44.50_-80.50,44.1500,-80.1100,79,10.5397,8
44.50_-80.50,44.1500,-80.1100,80,10.4159,8
44.50_-80.50,44.1500,-80.1100,81,10.2963,8
44.50_-80.50,44.1500,-80.1100,82,10.1712,8
44.50_-80.50,44.1500,-80.1100,83,10.0316,8
44.50_-80.50,44.1500,-80.1100,84,9.9126,8
44.50_-80.50,44.1500,-80.1100,85,9.8053,8
44.50_-80.50,44.1500,-80.1100,86,9.7166,8
44.50_-80.50,44.1500,-80.1100,87,9.6302,8
44.50_-80.50,44.1500,-80.1100,88,9.5222,8
44.50_-80.50,44.1500,-80.1100,89,9.3941,8
44.50_-80.50,44.1500,-80.1100,90,9.2686,8
44.50_-80.50,44.1500,-80.1100,91,9.1573,8
45.50_-66.50,45.1800,-66.9100,0,,0
45.50_-66.50,45.1800,-66.9100,1,16.9750,8
45.50_-66.50,45.1800,-66.9100,2,16.6438,8
45.50_-66.50,45.1800,-66.9100,3,16.6458,8
45.50_-66.50,45.1800,-66.9100,4,16.7000,8
45.50_-66.50,45.1800,-66.9100,5,16.7950,8
45.50_-66.50,45.1800,-66.9100,6,16.9292,8
45.50_-66.50,45.1800,-66.9100,7,16.7768,8
45.50_-66.50,45.1800,-66.9100,8,16.6516,8
45.50_-66.50,45.1800,-66.9100,9,16.5625,8
45.50_-66.50,45.1800,-66.9100,10,16.5137,8
45.50_-66.50,45.1800,-66.9100,11,16.5091,8
45.50_-66.50,45.1800,-66.9100,12,16.5115,8
45.50_-66.50,45.1800,-66.9100,13,16.4615,8
45.50_-66.50,45.1800,-66.9100,14,16.4554,8
45.50_-66.50,45.1800,-66.9100,15,16.3950,8
45.50_-66.50,45.1800,-66.9100,16,16.3672,8
45.50_-66.50,45.1800,-66.9100,17,16.3618,8
45.50_-66.50,45.1800,-66.9100,18,16.2972,8
45.50_-66.50,45.1800,-66.9100,19,16.2118,8
45.50_-66.50,45.1800,-66.9100,20,16.0844,8
45.50_-66.50,45.1800,-66.9100,21,15.9792,8
45.50_-66.50,45.1800,-66.9100,22,15.8847,8
45.50_-66.50,45.1800,-66.9100,23,15.8239,8
45.50_-66.50,45.1800,-66.9100,24,15.7557,8
45.50_-66.50,45.1800,-66.9100,25,15.6630,8
45.50_-66.50,45.1800,-66.9100,26,15.6365,8
45.50_-66.50,45.1800,-66.9100,27,15.6111,8
45.50_-66.50,45.1800,-66.9100,28,15.5817,8
45.50_-66.50,45.1800,-66.9100,29,15.5250,8
45.50_-66.50,45.1800,-66.9100,30,15.4388,8
45.50_-66.50,45.1800,-66.9100,31,15.3351,8
45.50_-66.50,45.1800,-66.9100,32,15.2141,8
45.50_-66.50,45.1800,-66.9100,33,15.1080,8
45.50_-66.50,45.1800,-66.9100,34,15.0140,8
45.50_-66.50,45.1800,-66.9100,35,14.9321,8
45.50_-66.50,45.1800,-66.9100,36,14.8812,8
45.50_-66.50,45.1800,-66.9100,37,14.8564,8
45.50_-66.50,45.1800,-66.9100,38,14.7799,8
45.50_-66.50,45.1800,-66.9100,39,14.6561,8
45.50_-66.50,45.1800,-66.9100,40,14.5581,8
45.50_-66.50,45.1800,-66.9100,41,14.4555,8
45.50_-66.50,45.1800,-66.9100,42,14.3673,8
45.50_-66.50,45.1800,-66.9100,43,14.2828,8
45.50_-66.50,45.1800,-66.9100,44,14.2241,8
45.50_-66.50,45.1800,-66.9100,45,14.1531,8
45.50_-66.50,45.1800,-66.9100,46,14.0734,8
45.50_-66.50,45.1800,-66.9100,47,13.9949,8
45.50_-66.50,45.1800,-66.9100,48,13.8953,8
45.50_-66.50,45.1800,-66.9100,49,13.8079,8
45.50_-66.50,45.1800,-66.9100,50,13.7455,8
45.50_-66.50,45.1800,-66.9100,51,13.6968,8
45.50_-66.50,45.1800,-66.9100,52,13.6382,8
45.50_-66.50,45.1800,-66.9100,53,13.5698,8
45.50_-66.50,45.1800,-66.9100,54,13.4995,8
45.50_-66.50,45.1800,-66.9100,55,13.4057,8
45.50_-66.50,45.1800,-66.9100,56,13.3228,8
45.50_-66.50,45.1800,-66.9100,57,13.2243,8
45.50_-66.50,45.1800,-66.9100,58,13.1183,8
45.50_-66.50,45.1800,-66.9100,59,13.0049,8
45.50_-66.50,45.1800,-66.9100,60,12.9015,8
45.50_-66.50,45.1800,-66.9100,61,12.8318,8
45.50_-66.50,45.1800,-66.9100,62,12.7821,8
45.50_-66.50,45.1800,-66.9100,63,12.6712,8
45.50_-66.50,45.1800,-66.9100,64,12.5562,8
45.50_-66.50,45.1800,-66.9100,65,12.4481,8
45.50_-66.50,45.1800,-66.9100,66,12.3759,8
45.50_-66.50,45.1800,-66.9100,67,12.3187,8
45.50_-66.50,45.1800,-66.9100,68,12.2616,8
45.50_-66.50,45.1800,-66.9100,69,12.1670,8
45.50_-66.50,45.1800,-66.9100,70,12.0491,8
45.50_-66.50,45.1800,-66.9100,71,11.9718,8
45.50_-66.50,45.1800,-66.9100,72,11.8903,8
45.50_-66.50,45.1800,-66.9100,73,11.8005,8
45.50_-66.50,45.1800,-66.9100,74,11.6703,8
45.50_-66.50,45.1800,-66.9100,75,11.5208,8
45.50_-66.50,45.1800,-66.9100,76,11.3817,8
45.50_-66.50,45.1800,-66.9100,77,11.2575,8
45.50_-66.50,45.1800,-66.9100,78,11.1317,8
45.50_-66.50,45.1800,-66.9100,79,11.0139,8
45.50_-66.50,45.1800,-66.9100,80,10.8925,8
45.50_-66.50,45.1800,-66.9100,81,10.7778,8
45.50_-66.50,45.1800,-66.9100,82,10.6595,8
45.50_-66.50,45.1800,-66.9100,83,10.5474,8
45.50_-66.50,45.1800,-66.9100,84,10.4284,8
45.50_-66.50,45.1800,-66.9100,85,10.2990,8
45.50_-66.50,45.1800,-66.9100,86,10.1881,8
45.50_-66.50,45.1800,-66.9100,87,10.1049,8
45.50_-66.50,45.1800,-66.9100,88,10.0347,8
45.50_-66.50,45.1800,-66.9100,89,9.9430,8
45.50_-66.50,45.1800,-66.9100,90,9.8244,8
45.50_-66.50,45.1800,-66.9100,91,9.7130,8
45.50_-67.50,45.1300,-67.5500,0,,0
45.50_-67.50,45.1300,-67.5500,1,17.8875,8
45.50_-67.50,45.1300,-67.5500,2,17.5500,8
45.50_-67.50,45.1300,-67.5500,3,17.7417,8
45.50_-67.50,45.1300,-67.5500,4,18.0000,8
45.50_-67.50,45.1300,-67.5500,5,18.0975,8
45.50_-67.50,45.1300,-67.5500,6,18.1667,8
45.50_-67.50,45.1300,-67.5500,7,17.9411,8
45.50_-67.50,45.1300,-67.5500,8,17.8750,8
45.50_-67.50,45.1300,-67.5500,9,17.8097,8
45.50_-67.50,45.1300,-67.5500,10,17.7100,8
45.50_-67.50,45.1300,-67.5500,11,17.6352,8
45.50_-67.50,45.1300,-67.5500,12,17.5958,8
45.50_-67.50,45.1300,-67.5500,13,17.5490,8
45.50_-67.50,45.1300,-67.5500,14,17.5241,8
45.50_-67.50,45.1300,-67.5500,15,17.4450,8
45.50_-67.50,45.1300,-67.5500,16,17.3961,8
45.50_-67.50,45.1300,-67.5500,17,17.3919,8
45.50_-67.50,45.1300,-67.5500,18,17.3264,8
45.50_-67.50,45.1300,-67.5500,19,17.2072,8
45.50_-67.50,45.1300,-67.5500,20,17.0388,8
45.50_-67.50,45.1300,-67.5500,21,16.8976,8
45.50_-67.50,45.1300,-67.5500,22,16.7972,8
45.50_-67.50,45.1300,-67.5500,23,16.7375,8
45.50_-67.50,45.1300,-67.5500,24,16.6526,8
45.50_-67.50,45.1300,-67.5500,25,16.5360,8
45.50_-67.50,45.1300,-67.5500,26,16.5043,8
45.50_-67.50,45.1300,-67.5500,27,16.4611,8
45.50_-67.50,45.1300,-67.5500,28,16.4241,8
45.50_-67.50,45.1300,-67.5500,29,16.3616,8
45.50_-67.50,45.1300,-67.5500,30,16.2650,8
45.50_-67.50,45.1300,-67.5500,31,16.1524,8
45.50_-67.50,45.1300,-67.5500,32,16.0059,8
45.50_-67.50,45.1300,-67.5500,33,15.8845,8
45.50_-67.50,45.1300,-67.5500,34,15.7846,8
45.50_-67.50,45.1300,-67.5500,35,15.6936,8
45.50_-67.50,45.1300,-67.5500,36,15.6351,8
45.50_-67.50,45.1300,-67.5500,37,15.6034,8
45.50_-67.50,45.1300,-67.5500,38,15.5026,8
45.50_-67.50,45.1300,-67.5500,39,15.3676,8
45.50_-67.50,45.1300,-67.5500,40,15.2528,8
45.50_-67.50,45.1300,-67.5500,41,15.1332,8
45.50_-67.50,45.1300,-67.5500,42,15.0366,8
45.50_-67.50,45.1300,-67.5500,43,14.9390,8
45.50_-67.50,45.1300,-67.5500,44,14.8634,8
45.50_-67.50,45.1300,-67.5500,45,14.7819,8
45.50_-67.50,45.1300,-67.5500,46,14.6902,8
45.50_-67.50,45.1300,-67.5500,47,14.5949,8
45.50_-67.50,45.1300,-67.5500,48,14.4823,8
45.50_-67.50,45.1300,-67.5500,49,14.3837,8
45.50_-67.50,45.1300,-67.5500,50,14.3112,8
45.50_-67.50,45.1300,-67.5500,51,14.2468,8
45.50_-67.50,45.1300,-67.5500,52,14.1724,8
45.50_-67.50,45.1300,-67.5500,53,14.0906,8
45.50_-67.50,45.1300,-67.5500,54,14.0053,8
45.50_-67.50,45.1300,-67.5500,55,13.9055,8
45.50_-67.50,45.1300,-67.5500,56,13.8109,8
45.50_-67.50,45.1300,-67.5500,57,13.7033,8
45.50_-67.50,45.1300,-67.5500,58,13.5888,8
45.50_-67.50,45.1300,-67.5500,59,13.4629,8
45.50_-67.50,45.1300,-67.5500,60,13.3444,8
45.50_-67.50,45.1300,-67.5500,61,13.2721,8
45.50_-67.50,45.1300,-67.5500,62,13.2079,8
45.50_-67.50,45.1300,-67.5500,63,13.0853,8
45.50_-67.50,45.1300,-67.5500,64,12.9572,8
45.50_-67.50,45.1300,-67.5500,65,12.8394,8
45.50_-67.50,45.1300,-67.5500,66,12.7551,8
45.50_-67.50,45.1300,-67.5500,67,12.6912,8
45.50_-67.50,45.1300,-67.5500,68,12.6252,8
45.50_-67.50,45.1300,-67.5500,69,12.5208,8
45.50_-67.50,45.1300,-67.5500,70,12.3950,8
45.50_-67.50,45.1300,-67.5500,71,12.3079,8
45.50_-67.50,45.1300,-67.5500,72,12.2186,8
45.50_-67.50,45.1300,-67.5500,73,12.1156,8
45.50_-67.50,45.1300,-67.5500,74,11.9782,8
45.50_-67.50,45.1300,-67.5500,75,11.8217,8
45.50_-67.50,45.1300,-67.5500,76,11.6730,8
45.50_-67.50,45.1300,-67.5500,77,11.5369,8
45.50_-67.50,45.1300,-67.5500,78,11.4027,8
45.50_-67.50,45.1300,-67.5500,79,11.2748,8
45.50_-67.50,45.1300,-67.5500,80,11.1436,8
45.50_-67.50,45.1300,-67.5500,81,11.0198,8
45.50_-67.50,45.1300,-67.5500,82,10.8919,8
45.50_-67.50,45.1300,-67.5500,83,10.7681,8
45.50_-67.50,45.1300,-67.5500,84,10.6405,8
45.50_-67.50,45.1300,-67.5500,85,10.5049,8
45.50_-67.50,45.1300,-67.5500,86,10.3833,8
45.50_-67.50,45.1300,-67.5500,87,10.2872,8
45.50_-67.50,45.1300,-67.5500,88,10.2048,8
45.50_-67.50,45.1300,-67.5500,89,10.1038,8
45.50_-67.50,45.1300,-67.5500,90,9.9797,8
45.50_-67.50,45.1300,-67.5500,91,9.8558,8
45.50_-68.50,45.8500,-68.7300,0,,0
45.50_-68.50,45.8500,-68.7300,1,16.0500,8
45.50_-68.50,45.8500,-68.7300,2,15.8000,8
45.50_-68.50,45.8500,-68.7300,3,16.1333,8
45.50_-68.50,45.8500,-68.7300,4,16.4219,8
45.50_-68.50,45.8500,-68.7300,5,16.4500,8
45.50_-68.50,45.8500,-68.7300,6,16.5104,8
45.50_-68.50,45.8500,-68.7300,7,16.3393,8
45.50_-68.50,45.8500,-68.7300,8,16.1844,8
45.50_-68.50,45.8500,-68.7300,9,16.0361,8
45.50_-68.50,45.8500,-68.7300,10,15.8950,8
45.50_-68.50,45.8500,-68.7300,11,15.7943,8
45.50_-68.50,45.8500,-68.7300,12,15.7333,8
45.50_-68.50,45.8500,-68.7300,13,15.7231,8
45.50_-68.50,45.8500,-68.7300,14,15.7054,8
45.50_-68.50,45.8500,-68.7300,15,15.6392,8
45.50_-68.50,45.8500,-68.7300,16,15.5969,8
45.50_-68.50,45.8500,-68.7300,17,15.6000,8
45.50_-68.50,45.8500,-68.7300,18,15.5417,8
45.50_-68.50,45.8500,-68.7300,19,15.3849,8
45.50_-68.50,45.8500,-68.7300,20,15.2088,8
45.50_-68.50,45.8500,-68.7300,21,15.0726,8
45.50_-68.50,45.8500,-68.7300,22,15.0023,8
45.50_-68.50,45.8500,-68.7300,23,14.9701,8
45.50_-68.50,45.8500,-68.7300,24,14.8823,8
45.50_-68.50,45.8500,-68.7300,25,14.7605,8
45.50_-68.50,45.8500,-68.7300,26,14.7380,8
45.50_-68.50,45.8500,-68.7300,27,14.6894,8
45.50_-68.50,45.8500,-68.7300,28,14.6513,8
45.50_-68.50,45.8500,-68.7300,29,14.5892,8
45.50_-68.50,45.8500,-68.7300,30,14.4954,8
45.50_-68.50,45.8500,-68.7300,31,14.3847,8
45.50_-68.50,45.8500,-68.7300,32,14.2270,8
45.50_-68.50,45.8500,-68.7300,33,14.1053,8
45.50_-68.50,45.8500,-68.7300,34,14.0092,8
45.50_-68.50,45.8500,-68.7300,35,13.9282,8
45.50_-68.50,45.8500,-68.7300,36,13.8781,8
45.50_-68.50,45.8500,-68.7300,37,13.8473,8
45.50_-68.50,45.8500,-68.7300,38,13.7312,8
45.50_-68.50,45.8500,-68.7300,39,13.5843,8
45.50_-68.50,45.8500,-68.7300,40,13.4612,8
45.50_-68.50,45.8500,-68.7300,41,13.3360,8
45.50_-68.50,45.8500,-68.7300,42,13.2327,8
45.50_-68.50,45.8500,-68.7300,43,13.1256,8
45.50_-68.50,45.8500,-68.7300,44,13.0415,8
45.50_-68.50,45.8500,-68.7300,45,12.9536,8
45.50_-68.50,45.8500,-68.7300,46,12.8533,8
45.50_-68.50,45.8500,-68.7300,47,12.7362,8
45.50_-68.50,45.8500,-68.7300,48,12.6154,8
45.50_-68.50,45.8500,-68.7300,49,12.5173,8
45.50_-68.50,45.8500,-68.7300,50,12.4370,8
45.50_-68.50,45.8500,-68.7300,51,12.3610,8
45.50_-68.50,45.8500,-68.7300,52,12.2800,8
45.50_-68.50,45.8500,-68.7300,53,12.1856,8
45.50_-68.50,45.8500,-68.7300,54,12.0963,8
45.50_-68.50,45.8500,-68.7300,55,11.9845,8
45.50_-68.50,45.8500,-68.7300,56,11.8819,8
45.50_-68.50,45.8500,-68.7300,57,11.7618,8
45.50_-68.50,45.8500,-68.7300,58,11.6308,8
45.50_-68.50,45.8500,-68.7300,59,11.4998,8
45.50_-68.50,45.8500,-68.7300,60,11.3750,8
45.50_-68.50,45.8500,-68.7300,61,11.2945,8
45.50_-68.50,45.8500,-68.7300,62,11.2099,8
45.50_-68.50,45.8500,-68.7300,63,11.0754,8
45.50_-68.50,45.8500,-68.7300,64,10.9354,8
45.50_-68.50,45.8500,-68.7300,65,10.8117,8
45.50_-68.50,45.8500,-68.7300,66,10.7121,8
45.50_-68.50,45.8500,-68.7300,67,10.6416,8
45.50_-68.50,45.8500,-68.7300,68,10.5610,8
45.50_-68.50,45.8500,-68.7300,69,10.4495,8
45.50_-68.50,45.8500,-68.7300,70,10.3236,8
45.50_-68.50,45.8500,-68.7300,71,10.2310,8
45.50_-68.50,45.8500,-68.7300,72,10.1309,8
45.50_-68.50,45.8500,-68.7300,73,10.0106,8
45.50_-68.50,45.8500,-68.7300,74,9.8637,8
45.50_-68.50,45.8500,-68.7300,75,9.6978,8
45.50_-68.50,45.8500,-68.7300,76,9.5428,8
45.50_-68.50,45.8500,-68.7300,77,9.3937,8
45.50_-68.50,45.8500,-68.7300,78,9.2545,8
45.50_-68.50,45.8500,-68.7300,79,9.1090,8
45.50_-68.50,45.8500,-68.7300,80,8.9695,8
45.50_-68.50,45.8500,-68.7300,81,8.8423,8
45.50_-68.50,45.8500,-68.7300,82,8.7085,8
45.50_-68.50,45.8500,-68.7300,83,8.5739,8
45.50_-68.50,45.8500,-68.7300,84,8.4366,8
45.50_-68.50,45.8500,-68.7300,85,8.2966,8
45.50_-68.50,45.8500,-68.7300,86,8.1734,8
45.50_-68.50,45.8500,-68.7300,87,8.0750,8
45.50_-68.50,45.8500,-68.7300,88,7.9838,8
45.50_-68.50,45.8500,-68.7300,89,7.8775,8
45.50_-68.50,45.8500,-68.7300,90,7.7496,8
45.50_-68.50,45.8500,-68.7300,91,7.6188,8
45.50_-69.50,45.3500,-69.4500,0,,0
45.50_-69.50,45.3500,-69.4500,1,16.4625,8
45.50_-69.50,45.3500,-69.4500,2,16.1875,8
45.50_-69.50,45.3500,-69.4500,3,16.5250,8
45.50_-69.50,45.3500,-69.4500,4,16.8344,8
45.50_-69.50,45.3500,-69.4500,5,16.8850,8
45.50_-69.50,45.3500,-69.4500,6,16.9208,8
45.50_-69.50,45.3500,-69.4500,7,16.8000,8
45.50_-69.50,45.3500,-69.4500,8,16.6750,8
45.50_-69.50,45.3500,-69.4500,9,16.5694,8
45.50_-69.50,45.3500,-69.4500,10,16.4462,8
45.50_-69.50,45.3500,-69.4500,11,16.3920,8
45.50_-69.50,45.3500,-69.4500,12,16.3292,8
45.50_-69.50,45.3500,-69.4500,13,16.2827,8
45.50_-69.50,45.3500,-69.4500,14,16.2446,8
45.50_-69.50,45.3500,-69.4500,15,16.1617,8
45.50_-69.50,45.3500,-69.4500,16,16.1211,8
45.50_-69.50,45.3500,-69.4500,17,16.1191,8
45.50_-69.50,45.3500,-69.4500,18,16.0632,8
45.50_-69.50,45.3500,-69.4500,19,15.9171,8
45.50_-69.50,45.3500,-69.4500,20,15.7506,8
45.50_-69.50,45.3500,-69.4500,21,15.6131,8
45.50_-69.50,45.3500,-69.4500,22,15.5369,8
45.50_-69.50,45.3500,-69.4500,23,15.4913,8
45.50_-69.50,45.3500,-69.4500,24,15.4167,8
45.50_-69.50,45.3500,-69.4500,25,15.3000,8
45.50_-69.50,45.3500,-69.4500,26,15.2750,8
45.50_-69.50,45.3500,-69.4500,27,15.2227,8
45.50_-69.50,45.3500,-69.4500,28,15.1862,8
45.50_-69.50,45.3500,-69.4500,29,15.1211,8
45.50_-69.50,45.3500,-69.4500,30,15.0279,8
45.50_-69.50,45.3500,-69.4500,31,14.9153,8
45.50_-69.50,45.3500,-69.4500,32,14.7598,8
45.50_-69.50,45.3500,-69.4500,33,14.6455,8
45.50_-69.50,45.3500,-69.4500,34,14.5618,8
45.50_-69.50,45.3500,-69.4500,35,14.4732,8
45.50_-69.50,45.3500,-69.4500,36,14.4181,8
45.50_-69.50,45.3500,-69.4500,37,14.3841,8
45.50_-69.50,45.3500,-69.4500,38,14.2668,8
45.50_-69.50,45.3500,-69.4500,39,14.1224,8
45.50_-69.50,45.3500,-69.4500,40,14.0072,8
45.50_-69.50,45.3500,-69.4500,41,13.8805,8
45.50_-69.50,45.3500,-69.4500,42,13.7795,8
45.50_-69.50,45.3500,-69.4500,43,13.6709,8
45.50_-69.50,45.3500,-69.4500,44,13.5872,8
45.50_-69.50,45.3500,-69.4500,45,13.4964,8
45.50_-69.50,45.3500,-69.4500,46,13.3921,8
45.50_-69.50,45.3500,-69.4500,47,13.2737,8
45.50_-69.50,45.3500,-69.4500,48,13.1534,8
45.50_-69.50,45.3500,-69.4500,49,13.0536,8
45.50_-69.50,45.3500,-69.4500,50,12.9712,8
45.50_-69.50,45.3500,-69.4500,51,12.8944,8
45.50_-69.50,45.3500,-69.4500,52,12.8118,8
45.50_-69.50,45.3500,-69.4500,53,12.7172,8
45.50_-69.50,45.3500,-69.4500,54,12.6262,8
45.50_-69.50,45.3500,-69.4500,55,12.5145,8
45.50_-69.50,45.3500,-69.4500,56,12.4136,8
45.50_-69.50,45.3500,-69.4500,57,12.2987,8
45.50_-69.50,45.3500,-69.4500,58,12.1659,8
45.50_-69.50,45.3500,-69.4500,59,12.0320,8
45.50_-69.50,45.3500,-69.4500,60,11.9094,8
45.50_-69.50,45.3500,-69.4500,61,11.8279,8
45.50_-69.50,45.3500,-69.4500,62,11.7448,8
45.50_-69.50,45.3500,-69.4500,63,11.6121,8
45.50_-69.50,45.3500,-69.4500,64,11.4719,8
45.50_-69.50,45.3500,-69.4500,65,11.3454,8
45.50_-69.50,45.3500,-69.4500,66,11.2453,8
45.50_-69.50,45.3500,-69.4500,67,11.1754,8
45.50_-69.50,45.3500,-69.4500,68,11.1011,8
45.50_-69.50,45.3500,-69.4500,69,10.9924,8
45.50_-69.50,45.3500,-69.4500,70,10.8671,8
45.50_-69.50,45.3500,-69.4500,71,10.7764,8
45.50_-69.50,45.3500,-69.4500,72,10.6760,8
45.50_-69.50,45.3500,-69.4500,73,10.5601,8
45.50_-69.50,45.3500,-69.4500,74,10.4154,8
45.50_-69.50,45.3500,-69.4500,75,10.2512,8
45.50_-69.50,45.3500,-69.4500,76,10.1003,8
45.50_-69.50,45.3500,-69.4500,77,9.9557,8
45.50_-69.50,45.3500,-69.4500,78,9.8192,8
45.50_-69.50,45.3500,-69.4500,79,9.6788,8
45.50_-69.50,45.3500,-69.4500,80,9.5442,8
45.50_-69.50,45.3500,-69.4500,81,9.4198,8
45.50_-69.50,45.3500,-69.4500,82,9.2890,8
45.50_-69.50,45.3500,-69.4500,83,9.1566,8
45.50_-69.50,45.3500,-69.4500,84,9.0219,8
45.50_-69.50,45.3500,-69.4500,85,8.8876,8
45.50_-69.50,45.3500,-69.4500,86,8.7656,8
45.50_-69.50,45.3500,-69.4500,87,8.6677,8
45.50_-69.50,45.3500,-69.4500,88,8.5804,8
45.50_-69.50,45.3500,-69.4500,89,8.4751,8
45.50_-69.50,45.3500,-69.4500,90,8.3529,8
45.50_-69.50,45.3500,-69.4500,91,8.2277,8
45.50_-71.50,45.5800,-71.3400,0,,0
45.50_-71.50,45.5800,-71.3400,1,15.7125,8
45.50_-71.50,45.5800,-71.3400,2,15.7312,8
45.50_-71.50,45.5800,-71.3400,3,16.1208,8
45.50_-71.50,45.5800,-71.3400,4,16.4125,8
45.50_-71.50,45.5800,-71.3400,5,16.5050,8
45.50_-71.50,45.5800,-71.3400,6,16.4813,8
45.50_-71.50,45.5800,-71.3400,7,16.3964,8
45.50_-71.50,45.5800,-71.3400,8,16.1812,8
45.50_-71.50,45.5800,-71.3400,9,15.9764,8
45.50_-71.50,45.5800,-71.3400,10,15.8150,8
45.50_-71.50,45.5800,-71.3400,11,15.7409,8
45.50_-71.50,45.5800,-71.3400,12,15.6948,8
45.50_-71.50,45.5800,-71.3400,13,15.6923,8
45.50_-71.50,45.5800,-71.3400,14,15.6348,8
45.50_-71.50,45.5800,-71.3400,15,15.5183,8
45.50_-71.50,45.5800,-71.3400,16,15.4750,8
45.50_-71.50,45.5800,-71.3400,17,15.4684,8
45.50_-71.50,45.5800,-71.3400,18,15.3951,8
45.50_-71.50,45.5800,-71.3400,19,15.2079,8
45.50_-71.50,45.5800,-71.3400,20,15.0481,8
45.50_-71.50,45.5800,-71.3400,21,14.9494,8
45.50_-71.50,45.5800,-71.3400,22,14.9114,8
45.50_-71.50,45.5800,-71.3400,23,14.8668,8
45.50_-71.50,45.5800,-71.3400,24,14.7953,8
45.50_-71.50,45.5800,-71.3400,25,14.6890,8
45.50_-71.50,45.5800,-71.3400,26,14.6736,8
45.50_-71.50,45.5800,-71.3400,27,14.6134,8
45.50_-71.50,45.5800,-71.3400,28,14.5924,8
45.50_-71.50,45.5800,-71.3400,29,14.5034,8
45.50_-71.50,45.5800,-71.3400,30,14.3850,8
45.50_-71.50,45.5800,-71.3400,31,14.2798,8
45.50_-71.50,45.5800,-71.3400,32,14.1258,8
45.50_-71.50,45.5800,-71.3400,33,14.0106,8
45.50_-71.50,45.5800,-71.3400,34,13.9463,8
45.50_-71.50,45.5800,-71.3400,35,13.8779,8
45.50_-71.50,45.5800,-71.3400,36,13.8517,8
45.50_-71.50,45.5800,-71.3400,37,13.8280,8
45.50_-71.50,45.5800,-71.3400,38,13.6901,8
45.50_-71.50,45.5800,-71.3400,39,13.5564,8
45.50_-71.50,45.5800,-71.3400,40,13.4481,8
45.50_-71.50,45.5800,-71.3400,41,13.3421,8
45.50_-71.50,45.5800,-71.3400,42,13.2506,8
45.50_-71.50,45.5800,-71.3400,43,13.1477,8
45.50_-71.50,45.5800,-71.3400,44,13.0514,8
45.50_-71.50,45.5800,-71.3400,45,12.9556,8
45.50_-71.50,45.5800,-71.3400,46,12.8435,8
45.50_-71.50,45.5800,-71.3400,47,12.7072,8
45.50_-71.50,45.5800,-71.3400,48,12.5716,8
45.50_-71.50,45.5800,-71.3400,49,12.4742,8
45.50_-71.50,45.5800,-71.3400,50,12.3985,8
45.50_-71.50,45.5800,-71.3400,51,12.3248,8
45.50_-71.50,45.5800,-71.3400,52,12.2502,8
45.50_-71.50,45.5800,-71.3400,53,12.1882,8
45.50_-71.50,45.5800,-71.3400,54,12.0944,8
45.50_-71.50,45.5800,-71.3400,55,11.9825,8
45.50_-71.50,45.5800,-71.3400,56,11.8810,8
45.50_-71.50,45.5800,-71.3400,57,11.7564,8
45.50_-71.50,45.5800,-71.3400,58,11.6216,8
45.50_-71.50,45.5800,-71.3400,59,11.4992,8
45.50_-71.50,45.5800,-71.3400,60,11.3873,8
45.50_-71.50,45.5800,-71.3400,61,11.3088,8
45.50_-71.50,45.5800,-71.3400,62,11.2167,8
45.50_-71.50,45.5800,-71.3400,63,11.0702,8
45.50_-71.50,45.5800,-71.3400,64,10.9359,8
45.50_-71.50,45.5800,-71.3400,65,10.8127,8
45.50_-71.50,45.5800,-71.3400,66,10.7364,8
45.50_-71.50,45.5800,-71.3400,67,10.6726,8
45.50_-71.50,45.5800,-71.3400,68,10.5936,8
45.50_-71.50,45.5800,-71.3400,69,10.4833,8
45.50_-71.50,45.5800,-71.3400,70,10.3605,8
45.50_-71.50,45.5800,-71.3400,71,10.2806,8
45.50_-71.50,45.5800,-71.3400,72,10.1715,8
45.50_-71.50,45.5800,-71.3400,73,10.0445,8
45.50_-71.50,45.5800,-71.3400,74,9.8954,8
45.50_-71.50,45.5800,-71.3400,75,9.7197,8
45.50_-71.50,45.5800,-71.3400,76,9.5607,8
45.50_-71.50,45.5800,-71.3400,77,9.4052,8
45.50_-71.50,45.5800,-71.3400,78,9.2601,8
45.50_-71.50,45.5800,-71.3400,79,9.1117,8
45.50_-71.50,45.5800,-71.3400,80,8.9791,8
45.50_-71.50,45.5800,-71.3400,81,8.8503,8
45.50_-71.50,45.5800,-71.3400,82,8.7210,8
45.50_-71.50,45.5800,-71.3400,83,8.5881,8
45.50_-71.50,45.5800,-71.3400,84,8.4393,8
45.50_-71.50,45.5800,-71.3400,85,8.2985,8
45.50_-71.50,45.5800,-71.3400,86,8.1913,8
45.50_-71.50,45.5800,-71.3400,87,8.1103,8
45.50_-71.50,45.5800,-71.3400,88,8.0213,8
45.50_-71.50,45.5800,-71.3400,89,7.9067,8
45.50_-71.50,45.5800,-71.3400,90,7.7679,8
45.50_-71.50,45.5800,-71.3400,91,7.6470,8
45.50_-72.50,45.4100,-72.7100,0,,0
45.50_-72.50,45.4100,-72.7100,1,17.2750,8
45.50_-72.50,45.4100,-72.7100,2,17.3438,8
45.50_-72.50,45.4100,-72.7100,3,17.7042,8
45.50_-72.50,45.4100,-72.7100,4,17.9438,8
45.50_-72.50,45.4100,-72.7100,5,18.0500,8
45.50_-72.50,45.4100,-72.7100,6,18.0146,8
45.50_-72.50,45.4100,-72.7100,7,17.9518,8
45.50_-72.50,45.4100,-72.7100,8,17.6938,8
45.50_-72.50,45.4100,-72.7100,9,17.4278,8
45.50_-72.50,45.4100,-72.7100,10,17.2388,8
45.50_-72.50,45.4100,-72.7100,11,17.1580,8
45.50_-72.50,45.4100,-72.7100,12,17.1167,8
45.50_-72.50,45.4100,-72.7100,13,17.1125,8
45.50_-72.50,45.4100,-72.7100,14,17.0732,8
45.50_-72.50,45.4100,-72.7100,15,16.9708,8
45.50_-72.50,45.4100,-72.7100,16,16.9328,8
45.50_-72.50,45.4100,-72.7100,17,16.9279,8
45.50_-72.50,45.4100,-72.7100,18,16.8576,8
45.50_-72.50,45.4100,-72.7100,19,16.6776,8
45.50_-72.50,45.4100,-72.7100,20,16.5238,8
45.50_-72.50,45.4100,-72.7100,21,16.4571,8
45.50_-72.50,45.4100,-72.7100,22,16.4301,8
45.50_-72.50,45.4100,-72.7100,23,16.3913,8
45.50_-72.50,45.4100,-72.7100,24,16.3141,8
45.50_-72.50,45.4100,-72.7100,25,16.2205,8
45.50_-72.50,45.4100,-72.7100,26,16.2010,8
45.50_-72.50,45.4100,-72.7100,27,16.1361,8
45.50_-72.50,45.4100,-72.7100,28,16.1103,8
45.50_-72.50,45.4100,-72.7100,29,16.0091,8
45.50_-72.50,45.4100,-72.7100,30,15.8762,8
45.50_-72.50,45.4100,-72.7100,31,15.7730,8
45.50_-72.50,45.4100,-72.7100,32,15.6230,8
45.50_-72.50,45.4100,-72.7100,33,15.4985,8
45.50_-72.50,45.4100,-72.7100,34,15.4320,8
45.50_-72.50,45.4100,-72.7100,35,15.3621,8
45.50_-72.50,45.4100,-72.7100,36,15.3326,8
45.50_-72.50,45.4100,-72.7100,37,15.2902,8
45.50_-72.50,45.4100,-72.7100,38,15.1490,8
45.50_-72.50,45.4100,-72.7100,39,15.0263,8
45.50_-72.50,45.4100,-72.7100,40,14.9234,8
45.50_-72.50,45.4100,-72.7100,41,14.8293,8
45.50_-72.50,45.4100,-72.7100,42,14.7461,8
45.50_-72.50,45.4100,-72.7100,43,14.6422,8
45.50_-72.50,45.4100,-72.7100,44,14.5321,8
45.50_-72.50,45.4100,-72.7100,45,14.4308,8
45.50_-72.50,45.4100,-72.7100,46,14.3155,8
45.50_-72.50,45.4100,-72.7100,47,14.1705,8
45.50_-72.50,45.4100,-72.7100,48,14.0284,8
45.50_-72.50,45.4100,-72.7100,49,13.9309,8
45.50_-72.50,45.4100,-72.7100,50,13.8605,8
45.50_-72.50,45.4100,-72.7100,51,13.7880,8
45.50_-72.50,45.4100,-72.7100,52,13.7084,8
45.50_-72.50,45.4100,-72.7100,53,13.6436,8
45.50_-72.50,45.4100,-72.7100,54,13.5396,8
45.50_-72.50,45.4100,-72.7100,55,13.4259,8
45.50_-72.50,45.4100,-72.7100,56,13.3299,8
45.50_-72.50,45.4100,-72.7100,57,13.2096,8
45.50_-72.50,45.4100,-72.7100,58,13.0765,8
45.50_-72.50,45.4100,-72.7100,59,12.9568,8
45.50_-72.50,45.4100,-72.7100,60,12.8485,8
45.50_-72.50,45.4100,-72.7100,61,12.7648,8
45.50_-72.50,45.4100,-72.7100,62,12.6637,8
45.50_-72.50,45.4100,-72.7100,63,12.5131,8
45.50_-72.50,45.4100,-72.7100,64,12.3773,8
45.50_-72.50,45.4100,-72.7100,65,12.2610,8
45.50_-72.50,45.4100,-72.7100,66,12.1920,8
45.50_-72.50,45.4100,-72.7100,67,12.1334,8
45.50_-72.50,45.4100,-72.7100,68,12.0537,8
45.50_-72.50,45.4100,-72.7100,69,11.9438,8
45.50_-72.50,45.4100,-72.7100,70,11.8157,8
45.50_-72.50,45.4100,-72.7100,71,11.7289,8
45.50_-72.50,45.4100,-72.7100,72,11.6210,8
45.50_-72.50,45.4100,-72.7100,73,11.4935,8
45.50_-72.50,45.4100,-72.7100,74,11.3365,8
45.50_-72.50,45.4100,-72.7100,75,11.1647,8
45.50_-72.50,45.4100,-72.7100,76,11.0102,8
45.50_-72.50,45.4100,-72.7100,77,10.8589,8
45.50_-72.50,45.4100,-72.7100,78,10.7136,8
45.50_-72.50,45.4100,-72.7100,79,10.5614,8
45.50_-72.50,45.4100,-72.7100,80,10.4241,8
45.50_-72.50,45.4100,-72.7100,81,10.2855,8
45.50_-72.50,45.4100,-72.7100,82,10.1564,8
45.50_-72.50,45.4100,-72.7100,83,10.0241,8
45.50_-72.50,45.4100,-72.7100,84,9.8769,8
45.50_-72.50,45.4100,-72.7100,85,9.7393,8
45.50_-72.50,45.4100,-72.7100,86,9.6324,8
45.50_-72.50,45.4100,-72.7100,87,9.5471,8
45.50_-72.50,45.4100,-72.7100,88,9.4543,8
45.50_-72.50,45.4100,-72.7100,89,9.3386,8
45.50_-72.50,45.4100,-72.7100,90,9.2081,8
45.50_-72.50,45.4100,-72.7100,91,9.0924,8
45.50_-73.50,45.6400,-73.5000,0,,0
45.50_-73.50,45.6400,-73.5000,1,18.3625,8
45.50_-73.50,45.6400,-73.5000,2,18.3812,8
45.50_-73.50,45.6400,-73.5000,3,18.7958,8
45.50_-73.50,45.6400,-73.5000,4,18.9656,8
45.50_-73.50,45.6400,-73.5000,5,19.0275,8
45.50_-73.50,45.6400,-73.5000,6,18.9708,8
45.50_-73.50,45.6400,-73.5000,7,18.8696,8
45.50_-73.50,45.6400,-73.5000,8,18.5797,8
45.50_-73.50,45.6400,-73.5000,9,18.2903,8
45.50_-73.50,45.6400,-73.5000,10,18.0525,8
45.50_-73.50,45.6400,-73.5000,11,17.9943,8
45.50_-73.50,45.6400,-73.5000,12,17.9573,8
45.50_-73.50,45.6400,-73.5000,13,17.9452,8
45.50_-73.50,45.6400,-73.5000,14,17.9080,8
45.50_-73.50,45.6400,-73.5000,15,17.8183,8
45.50_-73.50,45.6400,-73.5000,16,17.7953,8
45.50_-73.50,45.6400,-73.5000,17,17.7882,8
45.50_-73.50,45.6400,-73.5000,18,17.7090,8
45.50_-73.50,45.6400,-73.5000,19,17.5368,8
45.50_-73.50,45.6400,-73.5000,20,17.3856,8
45.50_-73.50,45.6400,-73.5000,21,17.3232,8
45.50_-73.50,45.6400,-73.5000,22,17.2852,8
45.50_-73.50,45.6400,-73.5000,23,17.2533,8
45.50_-73.50,45.6400,-73.5000,24,17.1641,8
45.50_-73.50,45.6400,-73.5000,25,17.0540,8
45.50_-73.50,45.6400,-73.5000,26,17.0144,8
45.50_-73.50,45.6400,-73.5000,27,16.9394,8
45.50_-73.50,45.6400,-73.5000,28,16.9022,8
45.50_-73.50,45.6400,-73.5000,29,16.7953,8
45.50_-73.50,45.6400,-73.5000,30,16.6642,8
45.50_-73.50,45.6400,-73.5000,31,16.5504,8
45.50_-73.50,45.6400,-73.5000,32,16.4016,8
45.50_-73.50,45.6400,-73.5000,33,16.2765,8
45.50_-73.50,45.6400,-73.5000,34,16.2029,8
45.50_-73.50,45.6400,-73.5000,35,16.1243,8
45.50_-73.50,45.6400,-73.5000,36,16.0740,8
45.50_-73.50,45.6400,-73.5000,37,16.0166,8
45.50_-73.50,45.6400,-73.5000,38,15.8632,8
45.50_-73.50,45.6400,-73.5000,39,15.7365,8
45.50_-73.50,45.6400,-73.5000,40,15.6209,8
45.50_-73.50,45.6400,-73.5000,41,15.5003,8
45.50_-73.50,45.6400,-73.5000,42,15.4065,8
45.50_-73.50,45.6400,-73.5000,43,15.3009,8
45.50_-73.50,45.6400,-73.5000,44,15.2003,8
45.50_-73.50,45.6400,-73.5000,45,15.0997,8
45.50_-73.50,45.6400,-73.5000,46,14.9910,8
45.50_-73.50,45.6400,-73.5000,47,14.8551,8
45.50_-73.50,45.6400,-73.5000,48,14.7242,8
45.50_-73.50,45.6400,-73.5000,49,14.6288,8
45.50_-73.50,45.6400,-73.5000,50,14.5558,8
45.50_-73.50,45.6400,-73.5000,51,14.4684,8
45.50_-73.50,45.6400,-73.5000,52,14.3803,8
45.50_-73.50,45.6400,-73.5000,53,14.3075,8
45.50_-73.50,45.6400,-73.5000,54,14.1970,8
45.50_-73.50,45.6400,-73.5000,55,14.0805,8
45.50_-73.50,45.6400,-73.5000,56,13.9830,8
45.50_-73.50,45.6400,-73.5000,57,13.8623,8
45.50_-73.50,45.6400,-73.5000,58,13.7278,8
45.50_-73.50,45.6400,-73.5000,59,13.6028,8
45.50_-73.50,45.6400,-73.5000,60,13.4875,8
45.50_-73.50,45.6400,-73.5000,61,13.3916,8
45.50_-73.50,45.6400,-73.5000,62,13.2833,8
45.50_-73.50,45.6400,-73.5000,63,13.1373,8
45.50_-73.50,45.6400,-73.5000,64,13.0021,8
45.50_-73.50,45.6400,-73.5000,65,12.8842,8
45.50_-73.50,45.6400,-73.5000,66,12.8002,8
45.50_-73.50,45.6400,-73.5000,67,12.7345,8
45.50_-73.50,45.6400,-73.5000,68,12.6564,8
45.50_-73.50,45.6400,-73.5000,69,12.5504,8
45.50_-73.50,45.6400,-73.5000,70,12.4212,8
45.50_-73.50,45.6400,-73.5000,71,12.3292,8
45.50_-73.50,45.6400,-73.5000,72,12.2174,8
45.50_-73.50,45.6400,-73.5000,73,12.0851,8
45.50_-73.50,45.6400,-73.5000,74,11.9287,8
45.50_-73.50,45.6400,-73.5000,75,11.7597,8
45.50_-73.50,45.6400,-73.5000,76,11.6043,8
45.50_-73.50,45.6400,-73.5000,77,11.4562,8
45.50_-73.50,45.6400,-73.5000,78,11.3064,8
45.50_-73.50,45.6400,-73.5000,79,11.1457,8
45.50_-73.50,45.6400,-73.5000,80,11.0084,8
45.50_-73.50,45.6400,-73.5000,81,10.8648,8
45.50_-73.50,45.6400,-73.5000,82,10.7280,8
45.50_-73.50,45.6400,-73.5000,83,10.5895,8
45.50_-73.50,45.6400,-73.5000,84,10.4442,8
45.50_-73.50,45.6400,-73.5000,85,10.2962,8
45.50_-73.50,45.6400,-73.5000,86,10.1785,8
45.50_-73.50,45.6400,-73.5000,87,10.0807,8
45.50_-73.50,45.6400,-73.5000,88,9.9838,8
45.50_-73.50,45.6400,-73.5000,89,9.8691,8
45.50_-73.50,45.6400,-73.5000,90,9.7417,8
45.50_-73.50,45.6400,-73.5000,91,9.6229,8
45.50_-74.50,45.5500,-74.5300,0,,0
45.50_-74.50,45.5500,-74.5300,1,17.5875,8
45.50_-74.50,45.5500,-74.5300,2,17.7125,8
45.50_-74.50,45.5500,-74.5300,3,18.0542,8
45.50_-74.50,45.5500,-74.5300,4,18.1719,8
45.50_-74.50,45.5500,-74.5300,5,18.2250,8
45.50_-74.50,45.5500,-74.5300,6,18.1792,8
45.50_-74.50,45.5500,-74.5300,7,18.0661,8
45.50_-74.50,45.5500,-74.5300,8,17.7328,8
45.50_-74.50,45.5500,-74.5300,9,17.4597,8
45.50_-74.50,45.5500,-74.5300,10,17.2388,8
45.50_-74.50,45.5500,-74.5300,11,17.2136,8
45.50_-74.50,45.5500,-74.5300,12,17.1906,8
45.50_-74.50,45.5500,-74.5300,13,17.2010,8
45.50_-74.50,45.5500,-74.5300,14,17.1705,8
45.50_-74.50,45.5500,-74.5300,15,17.1058,8
45.50_-74.50,45.5500,-74.5300,16,17.0977,8
45.50_-74.50,45.5500,-74.5300,17,17.0890,8
45.50_-74.50,45.5500,-74.5300,18,17.0292,8
45.50_-74.50,45.5500,-74.5300,19,16.8783,8
45.50_-74.50,45.5500,-74.5300,20,16.7431,8
45.50_-74.50,45.5500,-74.5300,21,16.6988,8
45.50_-74.50,45.5500,-74.5300,22,16.6511,8
45.50_-74.50,45.5500,-74.5300,23,16.6109,8
45.50_-74.50,45.5500,-74.5300,24,16.5276,8
45.50_-74.50,45.5500,-74.5300,25,16.4290,8
45.50_-74.50,45.5500,-74.5300,26,16.3942,8
45.50_-74.50,45.5500,-74.5300,27,16.3264,8
45.50_-74.50,45.5500,-74.5300,28,16.2920,8
45.50_-74.50,45.5500,-74.5300,29,16.2009,8
45.50_-74.50,45.5500,-74.5300,30,16.0837,8
45.50_-74.50,45.5500,-74.5300,31,15.9790,8
45.50_-74.50,45.5500,-74.5300,32,15.8383,8
45.50_-74.50,45.5500,-74.5300,33,15.7144,8
45.50_-74.50,45.5500,-74.5300,34,15.6449,8
45.50_-74.50,45.5500,-74.5300,35,15.5725,8
45.50_-74.50,45.5500,-74.5300,36,15.5257,8
45.50_-74.50,45.5500,-74.5300,37,15.4628,8
45.50_-74.50,45.5500,-74.5300,38,15.3128,8
45.50_-74.50,45.5500,-74.5300,39,15.1798,8
45.50_-74.50,45.5500,-74.5300,40,15.0669,8
45.50_-74.50,45.5500,-74.5300,41,14.9512,8
45.50_-74.50,45.5500,-74.5300,42,14.8574,8
45.50_-74.50,45.5500,-74.5300,43,14.7512,8
45.50_-74.50,45.5500,-74.5300,44,14.6597,8
45.50_-74.50,45.5500,-74.5300,45,14.5586,8
45.50_-74.50,45.5500,-74.5300,46,14.4484,8
45.50_-74.50,45.5500,-74.5300,47,14.3117,8
45.50_-74.50,45.5500,-74.5300,48,14.1786,8
45.50_-74.50,45.5500,-74.5300,49,14.0798,8
45.50_-74.50,45.5500,-74.5300,50,14.0060,8
45.50_-74.50,45.5500,-74.5300,51,13.9201,8
45.50_-74.50,45.5500,-74.5300,52,13.8281,8
45.50_-74.50,45.5500,-74.5300,53,13.7507,8
45.50_-74.50,45.5500,-74.5300,54,13.6417,8
45.50_-74.50,45.5500,-74.5300,55,13.5259,8
45.50_-74.50,45.5500,-74.5300,56,13.4259,8
45.50_-74.50,45.5500,-74.5300,57,13.3059,8
45.50_-74.50,45.5500,-74.5300,58,13.1776,8
45.50_-74.50,45.5500,-74.5300,59,13.0542,8
45.50_-74.50,45.5500,-74.5300,60,12.9385,8
45.50_-74.50,45.5500,-74.5300,61,12.8445,8
45.50_-74.50,45.5500,-74.5300,62,12.7343,8
45.50_-74.50,45.5500,-74.5300,63,12.5875,8
45.50_-74.50,45.5500,-74.5300,64,12.4549,8
45.50_-74.50,45.5500,-74.5300,65,12.3338,8
45.50_-74.50,45.5500,-74.5300,66,12.2545,8
45.50_-74.50,45.5500,-74.5300,67,12.1858,8
45.50_-74.50,45.5500,-74.5300,68,12.1007,8
45.50_-74.50,45.5500,-74.5300,69,11.9899,8
45.50_-74.50,45.5500,-74.5300,70,11.8598,8
45.50_-74.50,45.5500,-74.5300,71,11.7643,8
45.50_-74.50,45.5500,-74.5300,72,11.6545,8
45.50_-74.50,45.5500,-74.5300,73,11.5229,8
45.50_-74.50,45.5500,-74.5300,74,11.3617,8
45.50_-74.50,45.5500,-74.5300,75,11.1968,8
45.50_-74.50,45.5500,-74.5300,76,11.0456,8
45.50_-74.50,45.5500,-74.5300,77,10.8968,8
45.50_-74.50,45.5500,-74.5300,78,10.7487,8
45.50_-74.50,45.5500,-74.5300,79,10.5922,8
45.50_-74.50,45.5500,-74.5300,80,10.4569,8
45.50_-74.50,45.5500,-74.5300,81,10.3196,8
45.50_-74.50,45.5500,-74.5300,82,10.1843,8
45.50_-74.50,45.5500,-74.5300,83,10.0470,8
45.50_-74.50,45.5500,-74.5300,84,9.9062,8
45.50_-74.50,45.5500,-74.5300,85,9.7674,8
45.50_-74.50,45.5500,-74.5300,86,9.6542,8
45.50_-74.50,45.5500,-74.5300,87,9.5603,8
45.50_-74.50,45.5500,-74.5300,88,9.4636,8
45.50_-74.50,45.5500,-74.5300,89,9.3493,8
45.50_-74.50,45.5500,-74.5300,90,9.2256,8
45.50_-74.50,45.5500,-74.5300,91,9.1124,8
45.50_-75.50,45.3700,-75.6700,0,,0
45.50_-75.50,45.3700,-75.6700,1,18.4625,8
45.50_-75.50,45.3700,-75.6700,2,18.6625,8
45.50_-75.50,45.3700,-75.6700,3,19.0000,8
45.50_-75.50,45.3700,-75.6700,4,19.0188,8
45.50_-75.50,45.3700,-75.6700,5,19.0525,8
45.50_-75.50,45.3700,-75.6700,6,18.9604,8
45.50_-75.50,45.3700,-75.6700,7,18.8036,8
45.50_-75.50,45.3700,-75.6700,8,18.4172,8
45.50_-75.50,45.3700,-75.6700,9,18.1000,8
45.50_-75.50,45.3700,-75.6700,10,17.8600,8
45.50_-75.50,45.3700,-75.6700,11,17.8102,8
45.50_-75.50,45.3700,-75.6700,12,17.7677,8
45.50_-75.50,45.3700,-75.6700,13,17.7865,8
45.50_-75.50,45.3700,-75.6700,14,17.7571,8
45.50_-75.50,45.3700,-75.6700,15,17.6917,8
45.50_-75.50,45.3700,-75.6700,16,17.7016,8
45.50_-75.50,45.3700,-75.6700,17,17.6912,8
45.50_-75.50,45.3700,-75.6700,18,17.6389,8
45.50_-75.50,45.3700,-75.6700,19,17.4789,8
45.50_-75.50,45.3700,-75.6700,20,17.3350,8
45.50_-75.50,45.3700,-75.6700,21,17.3161,8
45.50_-75.50,45.3700,-75.6700,22,17.2705,8
45.50_-75.50,45.3700,-75.6700,23,17.2223,8
45.50_-75.50,45.3700,-75.6700,24,17.1328,8
45.50_-75.50,45.3700,-75.6700,25,17.0590,8
45.50_-75.50,45.3700,-75.6700,26,17.0264,8
45.50_-75.50,45.3700,-75.6700,27,16.9606,8
45.50_-75.50,45.3700,-75.6700,28,16.9161,8
45.50_-75.50,45.3700,-75.6700,29,16.8220,8
45.50_-75.50,45.3700,-75.6700,30,16.7046,8
45.50_-75.50,45.3700,-75.6700,31,16.6077,8
45.50_-75.50,45.3700,-75.6700,32,16.4668,8
45.50_-75.50,45.3700,-75.6700,33,16.3424,8
45.50_-75.50,45.3700,-75.6700,34,16.2735,8
45.50_-75.50,45.3700,-75.6700,35,16.2014,8
45.50_-75.50,45.3700,-75.6700,36,16.1573,8
45.50_-75.50,45.3700,-75.6700,37,16.0845,8
45.50_-75.50,45.3700,-75.6700,38,15.9273,8
45.50_-75.50,45.3700,-75.6700,39,15.7923,8
45.50_-75.50,45.3700,-75.6700,40,15.6906,8
45.50_-75.50,45.3700,-75.6700,41,15.5924,8
45.50_-75.50,45.3700,-75.6700,42,15.4935,8
45.50_-75.50,45.3700,-75.6700,43,15.3875,8
45.50_-75.50,45.3700,-75.6700,44,15.2886,8
45.50_-75.50,45.3700,-75.6700,45,15.1775,8
45.50_-75.50,45.3700,-75.6700,46,15.0571,8
45.50_-75.50,45.3700,-75.6700,47,14.9130,8
45.50_-75.50,45.3700,-75.6700,48,14.7747,8
45.50_-75.50,45.3700,-75.6700,49,14.6773,8
45.50_-75.50,45.3700,-75.6700,50,14.5965,8
45.50_-75.50,45.3700,-75.6700,51,14.5096,8
45.50_-75.50,45.3700,-75.6700,52,14.4099,8
45.50_-75.50,45.3700,-75.6700,53,14.3259,8
45.50_-75.50,45.3700,-75.6700,54,14.2090,8
45.50_-75.50,45.3700,-75.6700,55,14.0864,8
45.50_-75.50,45.3700,-75.6700,56,13.9795,8
45.50_-75.50,45.3700,-75.6700,57,13.8546,8
45.50_-75.50,45.3700,-75.6700,58,13.7192,8
45.50_-75.50,45.3700,-75.6700,59,13.5875,8
45.50_-75.50,45.3700,-75.6700,60,13.4638,8
45.50_-75.50,45.3700,-75.6700,61,13.3613,8
45.50_-75.50,45.3700,-75.6700,62,13.2486,8
45.50_-75.50,45.3700,-75.6700,63,13.1032,8
45.50_-75.50,45.3700,-75.6700,64,12.9645,8
45.50_-75.50,45.3700,-75.6700,65,12.8456,8
45.50_-75.50,45.3700,-75.6700,66,12.7759,8
45.50_-75.50,45.3700,-75.6700,67,12.7062,8
45.50_-75.50,45.3700,-75.6700,68,12.6219,8
45.50_-75.50,45.3700,-75.6700,69,12.5067,8
45.50_-75.50,45.3700,-75.6700,70,12.3780,8
45.50_-75.50,45.3700,-75.6700,71,12.2798,8
45.50_-75.50,45.3700,-75.6700,72,12.1684,8
45.50_-75.50,45.3700,-75.6700,73,12.0349,8
45.50_-75.50,45.3700,-75.6700,74,11.8682,8
45.50_-75.50,45.3700,-75.6700,75,11.7027,8
45.50_-75.50,45.3700,-75.6700,76,11.5498,8
45.50_-75.50,45.3700,-75.6700,77,11.4018,8
45.50_-75.50,45.3700,-75.6700,78,11.2529,8
45.50_-75.50,45.3700,-75.6700,79,11.0938,8
45.50_-75.50,45.3700,-75.6700,80,10.9564,8
45.50_-75.50,45.3700,-75.6700,81,10.8162,8
45.50_-75.50,45.3700,-75.6700,82,10.6820,8
45.50_-75.50,45.3700,-75.6700,83,10.5435,8
45.50_-75.50,45.3700,-75.6700,84,10.4045,8
45.50_-75.50,45.3700,-75.6700,85,10.2674,8
45.50_-75.50,45.3700,-75.6700,86,10.1606,8
45.50_-75.50,45.3700,-75.6700,87,10.0685,8
45.50_-75.50,45.3700,-75.6700,88,9.9692,8
45.50_-75.50,45.3700,-75.6700,89,9.8510,8
45.50_-75.50,45.3700,-75.6700,90,9.7269,8
45.50_-75.50,45.3700,-75.6700,91,9.6151,8
45.50_-76.50,45.3900,-76.4200,0,,0
45.50_-76.50,45.3900,-76.4200,1,18.2250,8
45.50_-76.50,45.3900,-76.4200,2,18.4125,8
45.50_-76.50,45.3900,-76.4200,3,18.7167,8
45.50_-76.50,45.3900,-76.4200,4,18.6125,8
45.50_-76.50,45.3900,-76.4200,5,18.6800,8
45.50_-76.50,45.3900,-76.4200,6,18.5542,8
45.50_-76.50,45.3900,-76.4200,7,18.3250,8
45.50_-76.50,45.3900,-76.4200,8,17.8828,8
45.50_-76.50,45.3900,-76.4200,9,17.5722,8
45.50_-76.50,45.3900,-76.4200,10,17.3575,8
45.50_-76.50,45.3900,-76.4200,11,17.3080,8
45.50_-76.50,45.3900,-76.4200,12,17.2635,8
45.50_-76.50,45.3900,-76.4200,13,17.2798,8
45.50_-76.50,45.3900,-76.4200,14,17.2411,8
45.50_-76.50,45.3900,-76.4200,15,17.1625,8
45.50_-76.50,45.3900,-76.4200,16,17.1664,8
45.50_-76.50,45.3900,-76.4200,17,17.1691,8
45.50_-76.50,45.3900,-76.4200,18,17.1236,8
45.50_-76.50,45.3900,-76.4200,19,16.9770,8
45.50_-76.50,45.3900,-76.4200,20,16.8525,8
45.50_-76.50,45.3900,-76.4200,21,16.8435,8
45.50_-76.50,45.3900,-76.4200,22,16.8074,8
45.50_-76.50,45.3900,-76.4200,23,16.7462,8
45.50_-76.50,45.3900,-76.4200,24,16.6568,8
45.50_-76.50,45.3900,-76.4200,25,16.5990,8
45.50_-76.50,45.3900,-76.4200,26,16.5683,8
45.50_-76.50,45.3900,-76.4200,27,16.5069,8
45.50_-76.50,45.3900,-76.4200,28,16.4527,8
45.50_-76.50,45.3900,-76.4200,29,16.3543,8
45.50_-76.50,45.3900,-76.4200,30,16.2313,8
45.50_-76.50,45.3900,-76.4200,31,16.1310,8
45.50_-76.50,45.3900,-76.4200,32,15.9957,8
45.50_-76.50,45.3900,-76.4200,33,15.8837,8
45.50_-76.50,45.3900,-76.4200,34,15.8232,8
45.50_-76.50,45.3900,-76.4200,35,15.7561,8
45.50_-76.50,45.3900,-76.4200,36,15.7243,8
45.50_-76.50,45.3900,-76.4200,37,15.6416,8
45.50_-76.50,45.3900,-76.4200,38,15.4799,8
45.50_-76.50,45.3900,-76.4200,39,15.3481,8
45.50_-76.50,45.3900,-76.4200,40,15.2541,8
45.50_-76.50,45.3900,-76.4200,41,15.1701,8
45.50_-76.50,45.3900,-76.4200,42,15.0699,8
45.50_-76.50,45.3900,-76.4200,43,14.9689,8
45.50_-76.50,45.3900,-76.4200,44,14.8653,8
45.50_-76.50,45.3900,-76.4200,45,14.7494,8
45.50_-76.50,45.3900,-76.4200,46,14.6201,8
45.50_-76.50,45.3900,-76.4200,47,14.4737,8
45.50_-76.50,45.3900,-76.4200,48,14.3372,8
45.50_-76.50,45.3900,-76.4200,49,14.2446,8
45.50_-76.50,45.3900,-76.4200,50,14.1610,8
45.50_-76.50,45.3900,-76.4200,51,14.0730,8
45.50_-76.50,45.3900,-76.4200,52,13.9740,8
45.50_-76.50,45.3900,-76.4200,53,13.8896,8
45.50_-76.50,45.3900,-76.4200,54,13.7727,8
45.50_-76.50,45.3900,-76.4200,55,13.6527,8
45.50_-76.50,45.3900,-76.4200,56,13.5429,8
45.50_-76.50,45.3900,-76.4200,57,13.4151,8
45.50_-76.50,45.3900,-76.4200,58,13.2830,8
45.50_-76.50,45.3900,-76.4200,59,13.1530,8
45.50_-76.50,45.3900,-76.4200,60,13.0281,8
45.50_-76.50,45.3900,-76.4200,61,12.9234,8
45.50_-76.50,45.3900,-76.4200,62,12.8093,8
45.50_-76.50,45.3900,-76.4200,63,12.6635,8
45.50_-76.50,45.3900,-76.4200,64,12.5291,8
45.50_-76.50,45.3900,-76.4200,65,12.4152,8
45.50_-76.50,45.3900,-76.4200,66,12.3475,8
45.50_-76.50,45.3900,-76.4200,67,12.2791,8
45.50_-76.50,45.3900,-76.4200,68,12.1965,8
45.50_-76.50,45.3900,-76.4200,69,12.0815,8
45.50_-76.50,45.3900,-76.4200,70,11.9591,8
45.50_-76.50,45.3900,-76.4200,71,11.8623,8
45.50_-76.50,45.3900,-76.4200,72,11.7476,8
45.50_-76.50,45.3900,-76.4200,73,11.6142,8
45.50_-76.50,45.3900,-76.4200,74,11.4517,8
45.50_-76.50,45.3900,-76.4200,75,11.2883,8
45.50_-76.50,45.3900,-76.4200,76,11.1370,8
45.50_-76.50,45.3900,-76.4200,77,10.9919,8
45.50_-76.50,45.3900,-76.4200,78,10.8452,8
45.50_-76.50,45.3900,-76.4200,79,10.6987,8
45.50_-76.50,45.3900,-76.4200,80,10.5653,8
45.50_-76.50,45.3900,-76.4200,81,10.4307,8
45.50_-76.50,45.3900,-76.4200,82,10.3018,8
45.50_-76.50,45.3900,-76.4200,83,10.1617,8
45.50_-76.50,45.3900,-76.4200,84,10.0247,8
45.50_-76.50,45.3900,-76.4200,85,9.8949,8
45.50_-76.50,45.3900,-76.4200,86,9.7949,8
45.50_-76.50,45.3900,-76.4200,87,9.7066,8
45.50_-76.50,45.3900,-76.4200,88,9.6081,8
45.50_-76.50,45.3900,-76.4200,89,9.4864,8
45.50_-76.50,45.3900,-76.4200,90,9.3625,8
45.50_-76.50,45.3900,-76.4200,91,9.2503,8
45.50_-77.50,45.6800,-77.3200,0,,0
45.50_-77.50,45.6800,-77.3200,1,17.4250,8
45.50_-77.50,45.6800,-77.3200,2,17.5812,8
45.50_-77.50,45.6800,-77.3200,3,17.8917,8
45.50_-77.50,45.6800,-77.3200,4,17.6875,8
45.50_-77.50,45.6800,-77.3200,5,17.7150,8
45.50_-77.50,45.6800,-77.3200,6,17.5188,8
45.50_-77.50,45.6800,-77.3200,7,17.2464,8
45.50_-77.50,45.6800,-77.3200,8,16.7766,8
45.50_-77.50,45.6800,-77.3200,9,16.4542,8
45.50_-77.50,45.6800,-77.3200,10,16.2625,8
45.50_-77.50,45.6800,-77.3200,11,16.2455,8
45.50_-77.50,45.6800,-77.3200,12,16.2292,8
45.50_-77.50,45.6800,-77.3200,13,16.2500,8
45.50_-77.50,45.6800,-77.3200,14,16.2143,8
45.50_-77.50,45.6800,-77.3200,15,16.1375,8
45.50_-77.50,45.6800,-77.3200,16,16.1602,8
45.50_-77.50,45.6800,-77.3200,17,16.1860,8
45.50_-77.50,45.6800,-77.3200,18,16.1431,8
45.50_-77.50,45.6800,-77.3200,19,16.0178,8
45.50_-77.50,45.6800,-77.3200,20,15.9144,8
45.50_-77.50,45.6800,-77.3200,21,15.9179,8
45.50_-77.50,45.6800,-77.3200,22,15.8648,8
45.50_-77.50,45.6800,-77.3200,23,15.8000,8
45.50_-77.50,45.6800,-77.3200,24,15.7125,8
45.50_-77.50,45.6800,-77.3200,25,15.6705,8
45.50_-77.50,45.6800,-77.3200,26,15.6433,8
45.50_-77.50,45.6800,-77.3200,27,15.5884,8
45.50_-77.50,45.6800,-77.3200,28,15.5326,8
45.50_-77.50,45.6800,-77.3200,29,15.4328,8
45.50_-77.50,45.6800,-77.3200,30,15.3142,8
45.50_-77.50,45.6800,-77.3200,31,15.2198,8
45.50_-77.50,45.6800,-77.3200,32,15.0961,8
45.50_-77.50,45.6800,-77.3200,33,14.9886,8
45.50_-77.50,45.6800,-77.3200,34,14.9235,8
45.50_-77.50,45.6800,-77.3200,35,14.8518,8
45.50_-77.50,45.6800,-77.3200,36,14.8177,8
45.50_-77.50,45.6800,-77.3200,37,14.7233,8
45.50_-77.50,45.6800,-77.3200,38,14.5549,8
45.50_-77.50,45.6800,-77.3200,39,14.4253,8
45.50_-77.50,45.6800,-77.3200,40,14.3294,8
45.50_-77.50,45.6800,-77.3200,41,14.2491,8
45.50_-77.50,45.6800,-77.3200,42,14.1446,8
45.50_-77.50,45.6800,-77.3200,43,14.0462,8
45.50_-77.50,45.6800,-77.3200,44,13.9378,8
45.50_-77.50,45.6800,-77.3200,45,13.8189,8
45.50_-77.50,45.6800,-77.3200,46,13.6848,8
45.50_-77.50,45.6800,-77.3200,47,13.5343,8
45.50_-77.50,45.6800,-77.3200,48,13.3979,8
45.50_-77.50,45.6800,-77.3200,49,13.3048,8
45.50_-77.50,45.6800,-77.3200,50,13.2195,8
45.50_-77.50,45.6800,-77.3200,51,13.1275,8
45.50_-77.50,45.6800,-77.3200,52,13.0312,8
45.50_-77.50,45.6800,-77.3200,53,12.9481,8
45.50_-77.50,45.6800,-77.3200,54,12.8266,8
45.50_-77.50,45.6800,-77.3200,55,12.7059,8
45.50_-77.50,45.6800,-77.3200,56,12.5931,8
45.50_-77.50,45.6800,-77.3200,57,12.4636,8
45.50_-77.50,45.6800,-77.3200,58,12.3330,8
45.50_-77.50,45.6800,-77.3200,59,12.2004,8
45.50_-77.50,45.6800,-77.3200,60,12.0758,8
45.50_-77.50,45.6800,-77.3200,61,11.9672,8
45.50_-77.50,45.6800,-77.3200,62,11.8500,8
45.50_-77.50,45.6800,-77.3200,63,11.7052,8
45.50_-77.50,45.6800,-77.3200,64,11.5717,8
45.50_-77.50,45.6800,-77.3200,65,11.4558,8
45.50_-77.50,45.6800,-77.3200,66,11.3848,8
45.50_-77.50,45.6800,-77.3200,67,11.3132,8
45.50_-77.50,45.6800,-77.3200,68,11.2281,8
45.50_-77.50,45.6800,-77.3200,69,11.1085,8
45.50_-77.50,45.6800,-77.3200,70,10.9888,8
45.50_-77.50,45.6800,-77.3200,71,10.8915,8
45.50_-77.50,45.6800,-77.3200,72,10.7759,8
45.50_-77.50,45.6800,-77.3200,73,10.6414,8
45.50_-77.50,45.6800,-77.3200,74,10.4834,8
45.50_-77.50,45.6800,-77.3200,75,10.3222,8
45.50_-77.50,45.6800,-77.3200,76,10.1742,8
45.50_-77.50,45.6800,-77.3200,77,10.0308,8
45.50_-77.50,45.6800,-77.3200,78,9.8837,8
45.50_-77.50,45.6800,-77.3200,79,9.7362,8
45.50_-77.50,45.6800,-77.3200,80,9.6041,8
45.50_-77.50,45.6800,-77.3200,81,9.4699,8
45.50_-77.50,45.6800,-77.3200,82,9.3415,8
45.50_-77.50,45.6800,-77.3200,83,9.2012,8
45.50_-77.50,45.6800,-77.3200,84,9.0679,8
45.50_-77.50,45.6800,-77.3200,85,8.9431,8
45.50_-77.50,45.6800,-77.3200,86,8.8443,8
45.50_-77.50,45.6800,-77.3200,87,8.7578,8
45.50_-77.50,45.6800,-77.3200,88,8.6602,8
45.50_-77.50,45.6800,-77.3200,89,8.5375,8
45.50_-77.50,45.6800,-77.3200,90,8.4126,8
45.50_-77.50,45.6800,-77.3200,91,8.3016,8
45.50_-78.50,45.3100,-78.5900,0,,0
45.50_-78.50,45.3100,-78.5900,1,16.6125,8
45.50_-78.50,45.3100,-78.5900,2,16.6875,8
45.50_-78.50,45.3100,-78.5900,3,16.9208,8
45.50_-78.50,45.3100,-78.5900,4,16.6906,8
45.50_-78.50,45.3100,-78.5900,5,16.6500,8
45.50_-78.50,45.3100,-78.5900,6,16.4750,8
45.50_-78.50,45.3100,-78.5900,7,16.1786,8
45.50_-78.50,45.3100,-78.5900,8,15.7344,8
45.50_-78.50,45.3100,-78.5900,9,15.4819,8
45.50_-78.50,45.3100,-78.5900,10,15.3700,8
45.50_-78.50,45.3100,-78.5900,11,15.4136,8
45.50_-78.50,45.3100,-78.5900,12,15.4188,8
45.50_-78.50,45.3100,-78.5900,13,15.4404,8
45.50_-78.50,45.3100,-78.5900,14,15.4205,8
45.50_-78.50,45.3100,-78.5900,15,15.3717,8
45.50_-78.50,45.3100,-78.5900,16,15.4133,8
45.50_-78.50,45.3100,-78.5900,17,15.4721,8
45.50_-78.50,45.3100,-78.5900,18,15.4514,8
45.50_-78.50,45.3100,-78.5900,19,15.3507,8
45.50_-78.50,45.3100,-78.5900,20,15.2719,8
45.50_-78.50,45.3100,-78.5900,21,15.2946,8
45.50_-78.50,45.3100,-78.5900,22,15.2318,8
45.50_-78.50,45.3100,-78.5900,23,15.1587,8
45.50_-78.50,45.3100,-78.5900,24,15.0844,8
45.50_-78.50,45.3100,-78.5900,25,15.0535,8
45.50_-78.50,45.3100,-78.5900,26,15.0038,8
45.50_-78.50,45.3100,-78.5900,27,14.9556,8
45.50_-78.50,45.3100,-78.5900,28,14.8946,8
45.50_-78.50,45.3100,-78.5900,29,14.7931,8
45.50_-78.50,45.3100,-78.5900,30,14.6917,8
45.50_-78.50,45.3100,-78.5900,31,14.6161,8
45.50_-78.50,45.3100,-78.5900,32,14.4914,8
45.50_-78.50,45.3100,-78.5900,33,14.3879,8
45.50_-78.50,45.3100,-78.5900,34,14.3272,8
45.50_-78.50,45.3100,-78.5900,35,14.2582,8
45.50_-78.50,45.3100,-78.5900,36,14.2219,8
45.50_-78.50,45.3100,-78.5900,37,14.1149,8
45.50_-78.50,45.3100,-78.5900,38,13.9556,8
45.50_-78.50,45.3100,-78.5900,39,13.8362,8
45.50_-78.50,45.3100,-78.5900,40,13.7525,8
45.50_-78.50,45.3100,-78.5900,41,13.6808,8
45.50_-78.50,45.3100,-78.5900,42,13.5851,8
45.50_-78.50,45.3100,-78.5900,43,13.4863,8
45.50_-78.50,45.3100,-78.5900,44,13.3707,8
45.50_-78.50,45.3100,-78.5900,45,13.2414,8
45.50_-78.50,45.3100,-78.5900,46,13.0899,8
45.50_-78.50,45.3100,-78.5900,47,12.9332,8
45.50_-78.50,45.3100,-78.5900,48,12.7898,8
45.50_-78.50,45.3100,-78.5900,49,12.6952,8
45.50_-78.50,45.3100,-78.5900,50,12.5977,8
45.50_-78.50,45.3100,-78.5900,51,12.5034,8
45.50_-78.50,45.3100,-78.5900,52,12.4084,8
45.50_-78.50,45.3100,-78.5900,53,12.3205,8
45.50_-78.50,45.3100,-78.5900,54,12.2025,8
45.50_-78.50,45.3100,-78.5900,55,12.0873,8
45.50_-78.50,45.3100,-78.5900,56,11.9705,8
45.50_-78.50,45.3100,-78.5900,57,11.8463,8
45.50_-78.50,45.3100,-78.5900,58,11.7205,8
45.50_-78.50,45.3100,-78.5900,59,11.5989,8
45.50_-78.50,45.3100,-78.5900,60,11.4792,8
45.50_-78.50,45.3100,-78.5900,61,11.3750,8
45.50_-78.50,45.3100,-78.5900,62,11.2458,8
45.50_-78.50,45.3100,-78.5900,63,11.1058,8
45.50_-78.50,45.3100,-78.5900,64,10.9770,8
45.50_-78.50,45.3100,-78.5900,65,10.8746,8
45.50_-78.50,45.3100,-78.5900,66,10.8072,8
45.50_-78.50,45.3100,-78.5900,67,10.7334,8
45.50_-78.50,45.3100,-78.5900,68,10.6401,8
45.50_-78.50,45.3100,-78.5900,69,10.5214,8
45.50_-78.50,45.3100,-78.5900,70,10.4030,8
45.50_-78.50,45.3100,-78.5900,71,10.3040,8
45.50_-78.50,45.3100,-78.5900,72,10.1878,8
45.50_-78.50,45.3100,-78.5900,73,10.0563,8
45.50_-78.50,45.3100,-78.5900,74,9.9030,8
45.50_-78.50,45.3100,-78.5900,75,9.7487,8
45.50_-78.50,45.3100,-78.5900,76,9.6094,8
45.50_-78.50,45.3100,-78.5900,77,9.4727,8
45.50_-78.50,45.3100,-78.5900,78,9.3357,8
45.50_-78.50,45.3100,-78.5900,79,9.2041,8
45.50_-78.50,45.3100,-78.5900,80,9.0759,8
45.50_-78.50,45.3100,-78.5900,81,8.9514,8
45.50_-78.50,45.3100,-78.5900,82,8.8276,8
45.50_-78.50,45.3100,-78.5900,83,8.6883,8
45.50_-78.50,45.3100,-78.5900,84,8.5647,8
45.50_-78.50,45.3100,-78.5900,85,8.4457,8
45.50_-78.50,45.3100,-78.5900,86,8.3555,8
45.50_-78.50,45.3100,-78.5900,87,8.2716,8
45.50_-78.50,45.3100,-78.5900,88,8.1713,8
45.50_-78.50,45.3100,-78.5900,89,8.0440,8
45.50_-78.50,45.3100,-78.5900,90,7.9210,8
45.50_-78.50,45.3100,-78.5900,91,7.8117,8
45.50_-79.50,45.3800,-79.4400,0,,0
45.50_-79.50,45.3800,-79.4400,1,17.0625,8
45.50_-79.50,45.3800,-79.4400,2,17.1625,8
45.50_-79.50,45.3800,-79.4400,3,17.3542,8
45.50_-79.50,45.3800,-79.4400,4,17.0719,8
45.50_-79.50,45.3800,-79.4400,5,17.0650,8
45.50_-79.50,45.3800,-79.4400,6,16.8646,8
45.50_-79.50,45.3800,-79.4400,7,16.5339,8
45.50_-79.50,45.3800,-79.4400,8,16.0750,8
45.50_-79.50,45.3800,-79.4400,9,15.8472,8
45.50_-79.50,45.3800,-79.4400,10,15.7525,8
45.50_-79.50,45.3800,-79.4400,11,15.8102,8
45.50_-79.50,45.3800,-79.4400,12,15.8125,8
45.50_-79.50,45.3800,-79.4400,13,15.8317,8
45.50_-79.50,45.3800,-79.4400,14,15.8143,8
45.50_-79.50,45.3800,-79.4400,15,15.7608,8
45.50_-79.50,45.3800,-79.4400,16,15.8062,8
45.50_-79.50,45.3800,-79.4400,17,15.8596,8
45.50_-79.50,45.3800,-79.4400,18,15.8396,8
45.50_-79.50,45.3800,-79.4400,19,15.7342,8
45.50_-79.50,45.3800,-79.4400,20,15.6681,8
45.50_-79.50,45.3800,-79.4400,21,15.7030,8
45.50_-79.50,45.3800,-79.4400,22,15.6443,8
45.50_-79.50,45.3800,-79.4400,23,15.5609,8
45.50_-79.50,45.3800,-79.4400,24,15.4865,8
45.50_-79.50,45.3800,-79.4400,25,15.4660,8
45.50_-79.50,45.3800,-79.4400,26,15.4197,8
45.50_-79.50,45.3800,-79.4400,27,15.3759,8
45.50_-79.50,45.3800,-79.4400,28,15.3058,8
45.50_-79.50,45.3800,-79.4400,29,15.2017,8
45.50_-79.50,45.3800,-79.4400,30,15.1025,8
45.50_-79.50,45.3800,-79.4400,31,15.0262,8
45.50_-79.50,45.3800,-79.4400,32,14.9020,8
45.50_-79.50,45.3800,-79.4400,33,14.8068,8
45.50_-79.50,45.3800,-79.4400,34,14.7489,8
45.50_-79.50,45.3800,-79.4400,35,14.6807,8
45.50_-79.50,45.3800,-79.4400,36,14.6497,8
45.50_-79.50,45.3800,-79.4400,37,14.5429,8
45.50_-79.50,45.3800,-79.4400,38,14.3868,8
45.50_-79.50,45.3800,-79.4400,39,14.2747,8
45.50_-79.50,45.3800,-79.4400,40,14.1981,8
45.50_-79.50,45.3800,-79.4400,41,14.1323,8
45.50_-79.50,45.3800,-79.4400,42,14.0411,8
45.50_-79.50,45.3800,-79.4400,43,13.9401,8
45.50_-79.50,45.3800,-79.4400,44,13.8253,8
45.50_-79.50,45.3800,-79.4400,45,13.6936,8
45.50_-79.50,45.3800,-79.4400,46,13.5405,8
45.50_-79.50,45.3800,-79.4400,47,13.3753,8
45.50_-79.50,45.3800,-79.4400,48,13.2328,8
45.50_-79.50,45.3800,-79.4400,49,13.1398,8
45.50_-79.50,45.3800,-79.4400,50,13.0450,8
45.50_-79.50,45.3800,-79.4400,51,12.9507,8
45.50_-79.50,45.3800,-79.4400,52,12.8582,8
45.50_-79.50,45.3800,-79.4400,53,12.7679,8
45.50_-79.50,45.3800,-79.4400,54,12.6477,8
45.50_-79.50,45.3800,-79.4400,55,12.5368,8
45.50_-79.50,45.3800,-79.4400,56,12.4161,8
45.50_-79.50,45.3800,-79.4400,57,12.2963,8
45.50_-79.50,45.3800,-79.4400,58,12.1741,8
45.50_-79.50,45.3800,-79.4400,59,12.0530,8
45.50_-79.50,45.3800,-79.4400,60,11.9356,8
45.50_-79.50,45.3800,-79.4400,61,11.8330,8
45.50_-79.50,45.3800,-79.4400,62,11.7034,8
45.50_-79.50,45.3800,-79.4400,63,11.5633,8
45.50_-79.50,45.3800,-79.4400,64,11.4355,8
45.50_-79.50,45.3800,-79.4400,65,11.3367,8
45.50_-79.50,45.3800,-79.4400,66,11.2739,8
45.50_-79.50,45.3800,-79.4400,67,11.2028,8
45.50_-79.50,45.3800,-79.4400,68,11.1099,8
45.50_-79.50,45.3800,-79.4400,69,10.9904,8
45.50_-79.50,45.3800,-79.4400,70,10.8771,8
45.50_-79.50,45.3800,-79.4400,71,10.7789,8
45.50_-79.50,45.3800,-79.4400,72,10.6597,8
45.50_-79.50,45.3800,-79.4400,73,10.5250,8
45.50_-79.50,45.3800,-79.4400,74,10.3660,8
45.50_-79.50,45.3800,-79.4400,75,10.2098,8
45.50_-79.50,45.3800,-79.4400,76,10.0735,8
45.50_-79.50,45.3800,-79.4400,77,9.9323,8
45.50_-79.50,45.3800,-79.4400,78,9.7941,8
45.50_-79.50,45.3800,-79.4400,79,9.6592,8
45.50_-79.50,45.3800,-79.4400,80,9.5322,8
45.50_-79.50,45.3800,-79.4400,81,9.4086,8
45.50_-79.50,45.3800,-79.4400,82,9.2866,8
45.50_-79.50,45.3800,-79.4400,83,9.1455,8
45.50_-79.50,45.3800,-79.4400,84,9.0266,8
45.50_-79.50,45.3800,-79.4400,85,8.9116,8
45.50_-79.50,45.3800,-79.4400,86,8.8244,8
45.50_-79.50,45.3800,-79.4400,87,8.7389,8
45.50_-79.50,45.3800,-79.4400,88,8.6374,8
45.50_-79.50,45.3800,-79.4400,89,8.5081,8
45.50_-79.50,45.3800,-79.4400,90,8.3867,8
45.50_-79.50,45.3800,-79.4400,91,8.2812,8
45.50_-80.50,45.3200,-80.1100,0,,0
45.50_-80.50,45.3200,-80.1100,1,18.3375,8
45.50_-80.50,45.3200,-80.1100,2,18.4750,8
45.50_-80.50,45.3200,-80.1100,3,18.5708,8
45.50_-80.50,45.3200,-80.1100,4,18.2687,8
45.50_-80.50,45.3200,-80.1100,5,18.3225,8
45.50_-80.50,45.3200,-80.1100,6,18.1604,8
45.50_-80.50,45.3200,-80.1100,7,17.8571,8
45.50_-80.50,45.3200,-80.1100,8,17.4656,8
45.50_-80.50,45.3200,-80.1100,9,17.2653,8
45.50_-80.50,45.3200,-80.1100,10,17.2038,8
45.50_-80.50,45.3200,-80.1100,11,17.2364,8
45.50_-80.50,45.3200,-80.1100,12,17.2250,8
45.50_-80.50,45.3200,-80.1100,13,17.2135,8
45.50_-80.50,45.3200,-80.1100,14,17.1705,8
45.50_-80.50,45.3200,-80.1100,15,17.0983,8
45.50_-80.50,45.3200,-80.1100,16,17.1281,8
45.50_-80.50,45.3200,-80.1100,17,17.1559,8
45.50_-80.50,45.3200,-80.1100,18,17.1312,8
45.50_-80.50,45.3200,-80.1100,19,17.0355,8
45.50_-80.50,45.3200,-80.1100,20,16.9869,8
45.50_-80.50,45.3200,-80.1100,21,17.0220,8
45.50_-80.50,45.3200,-80.1100,22,16.9591,8
45.50_-80.50,45.3200,-80.1100,23,16.8674,8
45.50_-80.50,45.3200,-80.1100,24,16.8068,8
45.50_-80.50,45.3200,-80.1100,25,16.7835,8
45.50_-80.50,45.3200,-80.1100,26,16.7375,8
45.50_-80.50,45.3200,-80.1100,27,16.6958,8
45.50_-80.50,45.3200,-80.1100,28,16.6263,8
45.50_-80.50,45.3200,-80.1100,29,16.5263,8
45.50_-80.50,45.3200,-80.1100,30,16.4300,8
45.50_-80.50,45.3200,-80.1100,31,16.3516,8
45.50_-80.50,45.3200,-80.1100,32,16.2348,8
45.50_-80.50,45.3200,-80.1100,33,16.1470,8
45.50_-80.50,45.3200,-80.1100,34,16.0868,8
45.50_-80.50,45.3200,-80.1100,35,16.0157,8
45.50_-80.50,45.3200,-80.1100,36,15.9830,8
45.50_-80.50,45.3200,-80.1100,37,15.8736,8
45.50_-80.50,45.3200,-80.1100,38,15.7342,8
45.50_-80.50,45.3200,-80.1100,39,15.6349,8
45.50_-80.50,45.3200,-80.1100,40,15.5597,8
45.50_-80.50,45.3200,-80.1100,41,15.4976,8
45.50_-80.50,45.3200,-80.1100,42,15.4104,8
45.50_-80.50,45.3200,-80.1100,43,15.3122,8
45.50_-80.50,45.3200,-80.1100,44,15.2082,8
45.50_-80.50,45.3200,-80.1100,45,15.0867,8
45.50_-80.50,45.3200,-80.1100,46,14.9495,8
45.50_-80.50,45.3200,-80.1100,47,14.8013,8
45.50_-80.50,45.3200,-80.1100,48,14.6789,8
45.50_-80.50,45.3200,-80.1100,49,14.5929,8
45.50_-80.50,45.3200,-80.1100,50,14.4985,8
45.50_-80.50,45.3200,-80.1100,51,14.4059,8
45.50_-80.50,45.3200,-80.1100,52,14.3147,8
45.50_-80.50,45.3200,-80.1100,53,14.2259,8
45.50_-80.50,45.3200,-80.1100,54,14.1081,8
45.50_-80.50,45.3200,-80.1100,55,14.0020,8
45.50_-80.50,45.3200,-80.1100,56,13.8848,8
45.50_-80.50,45.3200,-80.1100,57,13.7713,8
45.50_-80.50,45.3200,-80.1100,58,13.6567,8
45.50_-80.50,45.3200,-80.1100,59,13.5443,8
45.50_-80.50,45.3200,-80.1100,60,13.4313,8
45.50_-80.50,45.3200,-80.1100,61,13.3281,8
45.50_-80.50,45.3200,-80.1100,62,13.2044,8
45.50_-80.50,45.3200,-80.1100,63,13.0774,8
45.50_-80.50,45.3200,-80.1100,64,12.9609,8
45.50_-80.50,45.3200,-80.1100,65,12.8758,8
45.50_-80.50,45.3200,-80.1100,66,12.8133,8
45.50_-80.50,45.3200,-80.1100,67,12.7433,8
45.50_-80.50,45.3200,-80.1100,68,12.6562,8
45.50_-80.50,45.3200,-80.1100,69,12.5386,8
45.50_-80.50,45.3200,-80.1100,70,12.4332,8
45.50_-80.50,45.3200,-80.1100,71,12.3412,8
45.50_-80.50,45.3200,-80.1100,72,12.2271,8
45.50_-80.50,45.3200,-80.1100,73,12.0998,8
45.50_-80.50,45.3200,-80.1100,74,11.9552,8
45.50_-80.50,45.3200,-80.1100,75,11.8190,8
45.50_-80.50,45.3200,-80.1100,76,11.6969,8
45.50_-80.50,45.3200,-80.1100,77,11.5654,8
45.50_-80.50,45.3200,-80.1100,78,11.4354,8
45.50_-80.50,45.3200,-80.1100,79,11.3103,8
45.50_-80.50,45.3200,-80.1100,80,11.1944,8
45.50_-80.50,45.3200,-80.1100,81,11.0796,8
45.50_-80.50,45.3200,-80.1100,82,10.9694,8
45.50_-80.50,45.3200,-80.1100,83,10.8386,8
45.50_-80.50,45.3200,-80.1100,84,10.7326,8
45.50_-80.50,45.3200,-80.1100,85,10.6290,8
45.50_-80.50,45.3200,-80.1100,86,10.5499,8
45.50_-80.50,45.3200,-80.1100,87,10.4645,8
45.50_-80.50,45.3200,-80.1100,88,10.3628,8
45.50_-80.50,45.3200,-80.1100,89,10.2383,8
45.50_-80.50,45.3200,-80.1100,90,10.1265,8
45.50_-80.50,45.3200,-80.1100,91,10.0247,8
46.50_-67.50,46.5200,-67.8700,0,,0
46.50_-67.50,46.5200,-67.8700,1,16.2125,8
46.50_-67.50,46.5200,-67.8700,2,16.0563,8
46.50_-67.50,46.5200,-67.8700,3,16.3583,8
46.50_-67.50,46.5200,-67.8700,4,16.5500,8
46.50_-67.50,46.5200,-67.8700,5,16.6300,8
46.50_-67.50,46.5200,-67.8700,6,16.6708,8
46.50_-67.50,46.5200,-67.8700,7,16.4804,8
46.50_-67.50,46.5200,-67.8700,8,16.3547,8
46.50_-67.50,46.5200,-67.8700,9,16.2097,8
46.50_-67.50,46.5200,-67.8700,10,16.0350,8
46.50_-67.50,46.5200,-67.8700,11,15.9125,8
46.50_-67.50,46.5200,-67.8700,12,15.8719,8
46.50_-67.50,46.5200,-67.8700,13,15.8577,8
46.50_-67.50,46.5200,-67.8700,14,15.8161,8
46.50_-67.50,46.5200,-67.8700,15,15.7567,8
46.50_-67.50,46.5200,-67.8700,16,15.7281,8
46.50_-67.50,46.5200,-67.8700,17,15.7426,8
46.50_-67.50,46.5200,-67.8700,18,15.6806,8
46.50_-67.50,46.5200,-67.8700,19,15.5072,8
46.50_-67.50,46.5200,-67.8700,20,15.3219,8
46.50_-67.50,46.5200,-67.8700,21,15.1696,8
46.50_-67.50,46.5200,-67.8700,22,15.0955,8
46.50_-67.50,46.5200,-67.8700,23,15.0560,8
46.50_-67.50,46.5200,-67.8700,24,14.9531,8
46.50_-67.50,46.5200,-67.8700,25,14.8245,8
46.50_-67.50,46.5200,-67.8700,26,14.8043,8
46.50_-67.50,46.5200,-67.8700,27,14.7606,8
46.50_-67.50,46.5200,-67.8700,28,14.7134,8
46.50_-67.50,46.5200,-67.8700,29,14.6526,8
46.50_-67.50,46.5200,-67.8700,30,14.5417,8
46.50_-67.50,46.5200,-67.8700,31,14.4149,8
46.50_-67.50,46.5200,-67.8700,32,14.2422,8
46.50_-67.50,46.5200,-67.8700,33,14.1212,8
46.50_-67.50,46.5200,-67.8700,34,14.0114,8
46.50_-67.50,46.5200,-67.8700,35,13.9100,8
46.50_-67.50,46.5200,-67.8700,36,13.8611,8
46.50_-67.50,46.5200,-67.8700,37,13.8459,8
46.50_-67.50,46.5200,-67.8700,38,13.7375,8
46.50_-67.50,46.5200,-67.8700,39,13.5837,8
46.50_-67.50,46.5200,-67.8700,40,13.4462,8
46.50_-67.50,46.5200,-67.8700,41,13.3253,8
46.50_-67.50,46.5200,-67.8700,42,13.2277,8
46.50_-67.50,46.5200,-67.8700,43,13.1291,8
46.50_-67.50,46.5200,-67.8700,44,13.0506,8
46.50_-67.50,46.5200,-67.8700,45,12.9828,8
46.50_-67.50,46.5200,-67.8700,46,12.8973,8
46.50_-67.50,46.5200,-67.8700,47,12.7878,8
46.50_-67.50,46.5200,-67.8700,48,12.6661,8
46.50_-67.50,46.5200,-67.8700,49,12.5750,8
46.50_-67.50,46.5200,-67.8700,50,12.5048,8
46.50_-67.50,46.5200,-67.8700,51,12.4370,8
46.50_-67.50,46.5200,-67.8700,52,12.3611,8
46.50_-67.50,46.5200,-67.8700,53,12.2748,8
46.50_-67.50,46.5200,-67.8700,54,12.1866,8
46.50_-67.50,46.5200,-67.8700,55,12.0755,8
46.50_-67.50,46.5200,-67.8700,56,11.9688,8
46.50_-67.50,46.5200,-67.8700,57,11.8511,8
46.50_-67.50,46.5200,-67.8700,58,11.7252,8
46.50_-67.50,46.5200,-67.8700,59,11.5890,8
46.50_-67.50,46.5200,-67.8700,60,11.4667,8
46.50_-67.50,46.5200,-67.8700,61,11.3877,8
46.50_-67.50,46.5200,-67.8700,62,11.3046,8
46.50_-67.50,46.5200,-67.8700,63,11.1710,8
46.50_-67.50,46.5200,-67.8700,64,11.0318,8
46.50_-67.50,46.5200,-67.8700,65,10.9119,8
46.50_-67.50,46.5200,-67.8700,66,10.8144,8
46.50_-67.50,46.5200,-67.8700,67,10.7438,8
46.50_-67.50,46.5200,-67.8700,68,10.6653,8
46.50_-67.50,46.5200,-67.8700,69,10.5547,8
46.50_-67.50,46.5200,-67.8700,70,10.4264,8
46.50_-67.50,46.5200,-67.8700,71,10.3386,8
46.50_-67.50,46.5200,-67.8700,72,10.2401,8
46.50_-67.50,46.5200,-67.8700,73,10.1161,8
46.50_-67.50,46.5200,-67.8700,74,9.9671,8
46.50_-67.50,46.5200,-67.8700,75,9.8005,8
46.50_-67.50,46.5200,-67.8700,76,9.6439,8
46.50_-67.50,46.5200,-67.8700,77,9.4969,8
46.50_-67.50,46.5200,-67.8700,78,9.3571,8
46.50_-67.50,46.5200,-67.8700,79,9.2109,8
46.50_-67.50,46.5200,-67.8700,80,9.0702,8
46.50_-67.50,46.5200,-67.8700,81,8.9404,8
46.50_-67.50,46.5200,-67.8700,82,8.8034,8
46.50_-67.50,46.5200,-67.8700,83,8.6752,8
46.50_-67.50,46.5200,-67.8700,84,8.5411,8
46.50_-67.50,46.5200,-67.8700,85,8.3960,8
46.50_-67.50,46.5200,-67.8700,86,8.2676,8
46.50_-67.50,46.5200,-67.8700,87,8.1668,8
46.50_-67.50,46.5200,-67.8700,88,8.0811,8
46.50_-67.50,46.5200,-67.8700,89,7.9803,8
46.50_-67.50,46.5200,-67.8700,90,7.8512,8
46.50_-67.50,46.5200,-67.8700,91,7.7209,8
46.50_-68.50,46.1100,-68.8000,0,,0
46.50_-68.50,46.1100,-68.8000,1,16.8625,8
46.50_-68.50,46.1100,-68.8000,2,16.6812,8
46.50_-68.50,46.1100,-68.8000,3,16.9542,8
46.50_-68.50,46.1100,-68.8000,4,17.1688,8
46.50_-68.50,46.1100,-68.8000,5,17.2350,8
46.50_-68.50,46.1100,-68.8000,6,17.2646,8
46.50_-68.50,46.1100,-68.8000,7,17.1018,8
46.50_-68.50,46.1100,-68.8000,8,16.9359,8
46.50_-68.50,46.1100,-68.8000,9,16.7694,8
46.50_-68.50,46.1100,-68.8000,10,16.6075,8
46.50_-68.50,46.1100,-68.8000,11,16.5057,8
46.50_-68.50,46.1100,-68.8000,12,16.4510,8
46.50_-68.50,46.1100,-68.8000,13,16.4404,8
46.50_-68.50,46.1100,-68.8000,14,16.4036,8
46.50_-68.50,46.1100,-68.8000,15,16.3300,8
46.50_-68.50,46.1100,-68.8000,16,16.2883,8
46.50_-68.50,46.1100,-68.8000,17,16.2978,8
46.50_-68.50,46.1100,-68.8000,18,16.2451,8
46.50_-68.50,46.1100,-68.8000,19,16.0684,8
46.50_-68.50,46.1100,-68.8000,20,15.8900,8
46.50_-68.50,46.1100,-68.8000,21,15.7458,8
46.50_-68.50,46.1100,-68.8000,22,15.6795,8
46.50_-68.50,46.1100,-68.8000,23,15.6500,8
46.50_-68.50,46.1100,-68.8000,24,15.5500,8
46.50_-68.50,46.1100,-68.8000,25,15.4225,8
46.50_-68.50,46.1100,-68.8000,26,15.4048,8
46.50_-68.50,46.1100,-68.8000,27,15.3569,8
46.50_-68.50,46.1100,-68.8000,28,15.3152,8
46.50_-68.50,46.1100,-68.8000,29,15.2517,8
46.50_-68.50,46.1100,-68.8000,30,15.1479,8
46.50_-68.50,46.1100,-68.8000,31,15.0315,8
46.50_-68.50,46.1100,-68.8000,32,14.8645,8
46.50_-68.50,46.1100,-68.8000,33,14.7473,8
46.50_-68.50,46.1100,-68.8000,34,14.6515,8
46.50_-68.50,46.1100,-68.8000,35,14.5575,8
46.50_-68.50,46.1100,-68.8000,36,14.5090,8
46.50_-68.50,46.1100,-68.8000,37,14.4848,8
46.50_-68.50,46.1100,-68.8000,38,14.3674,8
46.50_-68.50,46.1100,-68.8000,39,14.2269,8
46.50_-68.50,46.1100,-68.8000,40,14.1028,8
46.50_-68.50,46.1100,-68.8000,41,13.9768,8
46.50_-68.50,46.1100,-68.8000,42,13.8762,8
46.50_-68.50,46.1100,-68.8000,43,13.7727,8
46.50_-68.50,46.1100,-68.8000,44,13.6824,8
46.50_-68.50,46.1100,-68.8000,45,13.5983,8
46.50_-68.50,46.1100,-68.8000,46,13.4995,8
46.50_-68.50,46.1100,-68.8000,47,13.3827,8
46.50_-68.50,46.1100,-68.8000,48,13.2596,8
46.50_-68.50,46.1100,-68.8000,49,13.1704,8
46.50_-68.50,46.1100,-68.8000,50,13.0990,8
46.50_-68.50,46.1100,-68.8000,51,13.0292,8
46.50_-68.50,46.1100,-68.8000,52,12.9495,8
46.50_-68.50,46.1100,-68.8000,53,12.8590,8
46.50_-68.50,46.1100,-68.8000,54,12.7750,8
46.50_-68.50,46.1100,-68.8000,55,12.6677,8
46.50_-68.50,46.1100,-68.8000,56,12.5690,8
46.50_-68.50,46.1100,-68.8000,57,12.4507,8
46.50_-68.50,46.1100,-68.8000,58,12.3209,8
46.50_-68.50,46.1100,-68.8000,59,12.1871,8
46.50_-68.50,46.1100,-68.8000,60,12.0598,8
46.50_-68.50,46.1100,-68.8000,61,11.9863,8
46.50_-68.50,46.1100,-68.8000,62,11.9075,8
46.50_-68.50,46.1100,-68.8000,63,11.7738,8
46.50_-68.50,46.1100,-68.8000,64,11.6393,8
46.50_-68.50,46.1100,-68.8000,65,11.5219,8
46.50_-68.50,46.1100,-68.8000,66,11.4311,8
46.50_-68.50,46.1100,-68.8000,67,11.3683,8
46.50_-68.50,46.1100,-68.8000,68,11.2934,8
46.50_-68.50,46.1100,-68.8000,69,11.1857,8
46.50_-68.50,46.1100,-68.8000,70,11.0612,8
46.50_-68.50,46.1100,-68.8000,71,10.9771,8
46.50_-68.50,46.1100,-68.8000,72,10.8821,8
46.50_-68.50,46.1100,-68.8000,73,10.7618,8
46.50_-68.50,46.1100,-68.8000,74,10.6204,8
46.50_-68.50,46.1100,-68.8000,75,10.4565,8
46.50_-68.50,46.1100,-68.8000,76,10.3025,8
46.50_-68.50,46.1100,-68.8000,77,10.1526,8
46.50_-68.50,46.1100,-68.8000,78,10.0136,8
46.50_-68.50,46.1100,-68.8000,79,9.8696,8
46.50_-68.50,46.1100,-68.8000,80,9.7339,8
46.50_-68.50,46.1100,-68.8000,81,9.6076,8
46.50_-68.50,46.1100,-68.8000,82,9.4752,8
46.50_-68.50,46.1100,-68.8000,83,9.3446,8
46.50_-68.50,46.1100,-68.8000,84,9.2076,8
46.50_-68.50,46.1100,-68.8000,85,9.0681,8
46.50_-68.50,46.1100,-68.8000,86,8.9445,8
46.50_-68.50,46.1100,-68.8000,87,8.8454,8
46.50_-68.50,46.1100,-68.8000,88,8.7594,8
46.50_-68.50,46.1100,-68.8000,89,8.6544,8
46.50_-68.50,46.1100,-68.8000,90,8.5246,8
46.50_-68.50,46.1100,-68.8000,91,8.3962,8
46.50_-69.50,46.1500,-69.0400,0,,0
46.50_-69.50,46.1500,-69.0400,1,16.2000,8
46.50_-69.50,46.1500,-69.0400,2,16.1312,8
46.50_-69.50,46.1500,-69.0400,3,16.4417,8
46.50_-69.50,46.1500,-69.0400,4,16.6906,8
46.50_-69.50,46.1500,-69.0400,5,16.7250,8
46.50_-69.50,46.1500,-69.0400,6,16.7479,8
46.50_-69.50,46.1500,-69.0400,7,16.5625,8
46.50_-69.50,46.1500,-69.0400,8,16.3875,8
46.50_-69.50,46.1500,-69.0400,9,16.1986,8
46.50_-69.50,46.1500,-69.0400,10,16.0238,8
46.50_-69.50,46.1500,-69.0400,11,15.9114,8
46.50_-69.50,46.1500,-69.0400,12,15.8375,8
46.50_-69.50,46.1500,-69.0400,13,15.8365,8
46.50_-69.50,46.1500,-69.0400,14,15.7938,8
46.50_-69.50,46.1500,-69.0400,15,15.7108,8
46.50_-69.50,46.1500,-69.0400,16,15.6570,8
46.50_-69.50,46.1500,-69.0400,17,15.6713,8
46.50_-69.50,46.1500,-69.0400,18,15.6104,8
46.50_-69.50,46.1500,-69.0400,19,15.4184,8
46.50_-69.50,46.1500,-69.0400,20,15.2281,8
46.50_-69.50,46.1500,-69.0400,21,15.0845,8
46.50_-69.50,46.1500,-69.0400,22,15.0341,8
46.50_-69.50,46.1500,-69.0400,23,15.0005,8
46.50_-69.50,46.1500,-69.0400,24,14.8922,8
46.50_-69.50,46.1500,-69.0400,25,14.7645,8
46.50_-69.50,46.1500,-69.0400,26,14.7538,8
46.50_-69.50,46.1500,-69.0400,27,14.7051,8
46.50_-69.50,46.1500,-69.0400,28,14.6754,8
46.50_-69.50,46.1500,-69.0400,29,14.6078,8
46.50_-69.50,46.1500,-69.0400,30,14.4983,8
46.50_-69.50,46.1500,-69.0400,31,14.3774,8
46.50_-69.50,46.1500,-69.0400,32,14.2086,8
46.50_-69.50,46.1500,-69.0400,33,14.0837,8
46.50_-69.50,46.1500,-69.0400,34,13.9971,8
46.50_-69.50,46.1500,-69.0400,35,13.9143,8
46.50_-69.50,46.1500,-69.0400,36,13.8788,8
46.50_-69.50,46.1500,-69.0400,37,13.8601,8
46.50_-69.50,46.1500,-69.0400,38,13.7326,8
46.50_-69.50,46.1500,-69.0400,39,13.5920,8
46.50_-69.50,46.1500,-69.0400,40,13.4681,8
46.50_-69.50,46.1500,-69.0400,41,13.3412,8
46.50_-69.50,46.1500,-69.0400,42,13.2405,8
46.50_-69.50,46.1500,-69.0400,43,13.1346,8
46.50_-69.50,46.1500,-69.0400,44,13.0429,8
46.50_-69.50,46.1500,-69.0400,45,12.9525,8
46.50_-69.50,46.1500,-69.0400,46,12.8505,8
46.50_-69.50,46.1500,-69.0400,47,12.7261,8
46.50_-69.50,46.1500,-69.0400,48,12.5982,8
46.50_-69.50,46.1500,-69.0400,49,12.5071,8
46.50_-69.50,46.1500,-69.0400,50,12.4333,8
46.50_-69.50,46.1500,-69.0400,51,12.3618,8
46.50_-69.50,46.1500,-69.0400,52,12.2885,8
46.50_-69.50,46.1500,-69.0400,53,12.2113,8
46.50_-69.50,46.1500,-69.0400,54,12.1255,8
46.50_-69.50,46.1500,-69.0400,55,12.0152,8
46.50_-69.50,46.1500,-69.0400,56,11.9141,8
46.50_-69.50,46.1500,-69.0400,57,11.7901,8
46.50_-69.50,46.1500,-69.0400,58,11.6543,8
46.50_-69.50,46.1500,-69.0400,59,11.5208,8
46.50_-69.50,46.1500,-69.0400,60,11.3938,8
46.50_-69.50,46.1500,-69.0400,61,11.3213,8
46.50_-69.50,46.1500,-69.0400,62,11.2377,8
46.50_-69.50,46.1500,-69.0400,63,11.0964,8
46.50_-69.50,46.1500,-69.0400,64,10.9623,8
46.50_-69.50,46.1500,-69.0400,65,10.8410,8
46.50_-69.50,46.1500,-69.0400,66,10.7564,8
46.50_-69.50,46.1500,-69.0400,67,10.6903,8
46.50_-69.50,46.1500,-69.0400,68,10.6116,8
46.50_-69.50,46.1500,-69.0400,69,10.5024,8
46.50_-69.50,46.1500,-69.0400,70,10.3746,8
46.50_-69.50,46.1500,-69.0400,71,10.2896,8
46.50_-69.50,46.1500,-69.0400,72,10.1924,8
46.50_-69.50,46.1500,-69.0400,73,10.0664,8
46.50_-69.50,46.1500,-69.0400,74,9.9211,8
46.50_-69.50,46.1500,-69.0400,75,9.7478,8
46.50_-69.50,46.1500,-69.0400,76,9.5906,8
46.50_-69.50,46.1500,-69.0400,77,9.4343,8
46.50_-69.50,46.1500,-69.0400,78,9.2917,8
46.50_-69.50,46.1500,-69.0400,79,9.1427,8
46.50_-69.50,46.1500,-69.0400,80,9.0052,8
46.50_-69.50,46.1500,-69.0400,81,8.8775,8
46.50_-69.50,46.1500,-69.0400,82,8.7410,8
46.50_-69.50,46.1500,-69.0400,83,8.6074,8
46.50_-69.50,46.1500,-69.0400,84,8.4619,8
46.50_-69.50,46.1500,-69.0400,85,8.3178,8
46.50_-69.50,46.1500,-69.0400,86,8.1943,8
46.50_-69.50,46.1500,-69.0400,87,8.0986,8
46.50_-69.50,46.1500,-69.0400,88,8.0129,8
46.50_-69.50,46.1500,-69.0400,89,7.9049,8
46.50_-69.50,46.1500,-69.0400,90,7.7693,8
46.50_-69.50,46.1500,-69.0400,91,7.6420,8
46.50_-70.50,46.7700,-70.2800,0,,0
46.50_-70.50,46.7700,-70.2800,1,14.7625,8
46.50_-70.50,46.7700,-70.2800,2,14.8250,8
46.50_-70.50,46.7700,-70.2800,3,15.1125,8
46.50_-70.50,46.7700,-70.2800,4,15.3250,8
46.50_-70.50,46.7700,-70.2800,5,15.3875,8
46.50_-70.50,46.7700,-70.2800,6,15.3750,8
46.50_-70.50,46.7700,-70.2800,7,15.2571,8
46.50_-70.50,46.7700,-70.2800,8,15.0078,8
46.50_-70.50,46.7700,-70.2800,9,14.7347,8
46.50_-70.50,46.7700,-70.2800,10,14.5212,8
46.50_-70.50,46.7700,-70.2800,11,14.4011,8
46.50_-70.50,46.7700,-70.2800,12,14.3698,8
46.50_-70.50,46.7700,-70.2800,13,14.4077,8
46.50_-70.50,46.7700,-70.2800,14,14.3670,8
46.50_-70.50,46.7700,-70.2800,15,14.2908,8
46.50_-70.50,46.7700,-70.2800,16,14.2539,8
46.50_-70.50,46.7700,-70.2800,17,14.2750,8
46.50_-70.50,46.7700,-70.2800,18,14.2042,8
46.50_-70.50,46.7700,-70.2800,19,14.0112,8
46.50_-70.50,46.7700,-70.2800,20,13.8462,8
46.50_-70.50,46.7700,-70.2800,21,13.7375,8
46.50_-70.50,46.7700,-70.2800,22,13.7142,8
46.50_-70.50,46.7700,-70.2800,23,13.6745,8
46.50_-70.50,46.7700,-70.2800,24,13.5599,8
46.50_-70.50,46.7700,-70.2800,25,13.4180,8
46.50_-70.50,46.7700,-70.2800,26,13.3870,8
46.50_-70.50,46.7700,-70.2800,27,13.3329,8
46.50_-70.50,46.7700,-70.2800,28,13.3040,8
46.50_-70.50,46.7700,-70.2800,29,13.2302,8
46.50_-70.50,46.7700,-70.2800,30,13.1133,8
46.50_-70.50,46.7700,-70.2800,31,12.9863,8
46.50_-70.50,46.7700,-70.2800,32,12.8238,8
46.50_-70.50,46.7700,-70.2800,33,12.7087,8
46.50_-70.50,46.7700,-70.2800,34,12.6338,8
46.50_-70.50,46.7700,-70.2800,35,12.5650,8
46.50_-70.50,46.7700,-70.2800,36,12.5431,8
46.50_-70.50,46.7700,-70.2800,37,12.5182,8
46.50_-70.50,46.7700,-70.2800,38,12.3789,8
46.50_-70.50,46.7700,-70.2800,39,12.2417,8
46.50_-70.50,46.7700,-70.2800,40,12.1131,8
46.50_-70.50,46.7700,-70.2800,41,11.9887,8
46.50_-70.50,46.7700,-70.2800,42,11.8890,8
46.50_-70.50,46.7700,-70.2800,43,11.7820,8
46.50_-70.50,46.7700,-70.2800,44,11.6901,8
46.50_-70.50,46.7700,-70.2800,45,11.5997,8
46.50_-70.50,46.7700,-70.2800,46,11.4940,8
46.50_-70.50,46.7700,-70.2800,47,11.3614,8
46.50_-70.50,46.7700,-70.2800,48,11.2357,8
46.50_-70.50,46.7700,-70.2800,49,11.1401,8
46.50_-70.50,46.7700,-70.2800,50,11.0640,8
46.50_-70.50,46.7700,-70.2800,51,10.9907,8
46.50_-70.50,46.7700,-70.2800,52,10.9111,8
46.50_-70.50,46.7700,-70.2800,53,10.8356,8
46.50_-70.50,46.7700,-70.2800,54,10.7407,8
46.50_-70.50,46.7700,-70.2800,55,10.6266,8
46.50_-70.50,46.7700,-70.2800,56,10.5201,8
46.50_-70.50,46.7700,-70.2800,57,10.3873,8
46.50_-70.50,46.7700,-70.2800,58,10.2442,8
46.50_-70.50,46.7700,-70.2800,59,10.1121,8
46.50_-70.50,46.7700,-70.2800,60,9.9910,8
46.50_-70.50,46.7700,-70.2800,61,9.9113,8
46.50_-70.50,46.7700,-70.2800,62,9.8046,8
46.50_-70.50,46.7700,-70.2800,63,9.6560,8
46.50_-70.50,46.7700,-70.2800,64,9.5201,8
46.50_-70.50,46.7700,-70.2800,65,9.3938,8
46.50_-70.50,46.7700,-70.2800,66,9.3072,8
46.50_-70.50,46.7700,-70.2800,67,9.2427,8
46.50_-70.50,46.7700,-70.2800,68,9.1557,8
46.50_-70.50,46.7700,-70.2800,69,9.0404,8
46.50_-70.50,46.7700,-70.2800,70,8.9134,8
46.50_-70.50,46.7700,-70.2800,71,8.8305,8
46.50_-70.50,46.7700,-70.2800,72,8.7201,8
46.50_-70.50,46.7700,-70.2800,73,8.5772,8
46.50_-70.50,46.7700,-70.2800,74,8.4345,8
46.50_-70.50,46.7700,-70.2800,75,8.2595,8
46.50_-70.50,46.7700,-70.2800,76,8.1025,8
46.50_-70.50,46.7700,-70.2800,77,7.9453,8
46.50_-70.50,46.7700,-70.2800,78,7.8011,8
46.50_-70.50,46.7700,-70.2800,79,7.6473,8
46.50_-70.50,46.7700,-70.2800,80,7.5061,8
46.50_-70.50,46.7700,-70.2800,81,7.3762,8
46.50_-70.50,46.7700,-70.2800,82,7.2410,8
46.50_-70.50,46.7700,-70.2800,83,7.1050,8
46.50_-70.50,46.7700,-70.2800,84,6.9555,8
46.50_-70.50,46.7700,-70.2800,85,6.8078,8
46.50_-70.50,46.7700,-70.2800,86,6.6887,8
46.50_-70.50,46.7700,-70.2800,87,6.6001,8
46.50_-70.50,46.7700,-70.2800,88,6.5165,8
46.50_-70.50,46.7700,-70.2800,89,6.4038,8
46.50_-70.50,46.7700,-70.2800,90,6.2622,8
46.50_-70.50,46.7700,-70.2800,91,6.1342,8
46.50_-71.50,46.7800,-71.2700,0,,0
46.50_-71.50,46.7800,-71.2700,1,16.6750,8
46.50_-71.50,46.7800,-71.2700,2,16.8250,8
46.50_-71.50,46.7800,-71.2700,3,17.1958,8
46.50_-71.50,46.7800,-71.2700,4,17.4125,8
46.50_-71.50,46.7800,-71.2700,5,17.4425,8
46.50_-71.50,46.7800,-71.2700,6,17.4188,8
46.50_-71.50,46.7800,-71.2700,7,17.3054,8
46.50_-71.50,46.7800,-71.2700,8,17.0609,8
46.50_-71.50,46.7800,-71.2700,9,16.8125,8
46.50_-71.50,46.7800,-71.2700,10,16.5600,8
46.50_-71.50,46.7800,-71.2700,11,16.4364,8
46.50_-71.50,46.7800,-71.2700,12,16.3875,8
46.50_-71.50,46.7800,-71.2700,13,16.3750,8
46.50_-71.50,46.7800,-71.2700,14,16.3223,8
46.50_-71.50,46.7800,-71.2700,15,16.2475,8
46.50_-71.50,46.7800,-71.2700,16,16.2062,8
46.50_-71.50,46.7800,-71.2700,17,16.2022,8
46.50_-71.50,46.7800,-71.2700,18,16.1306,8
46.50_-71.50,46.7800,-71.2700,19,15.9467,8
46.50_-71.50,46.7800,-71.2700,20,15.7962,8
46.50_-71.50,46.7800,-71.2700,21,15.6887,8
46.50_-71.50,46.7800,-71.2700,22,15.6386,8
46.50_-71.50,46.7800,-71.2700,23,15.5826,8
46.50_-71.50,46.7800,-71.2700,24,15.4776,8
46.50_-71.50,46.7800,-71.2700,25,15.3500,8
46.50_-71.50,46.7800,-71.2700,26,15.2986,8
46.50_-71.50,46.7800,-71.2700,27,15.2389,8
46.50_-71.50,46.7800,-71.2700,28,15.1906,8
46.50_-71.50,46.7800,-71.2700,29,15.1172,8
46.50_-71.50,46.7800,-71.2700,30,14.9996,8
46.50_-71.50,46.7800,-71.2700,31,14.8726,8
46.50_-71.50,46.7800,-71.2700,32,14.7262,8
46.50_-71.50,46.7800,-71.2700,33,14.6057,8
46.50_-71.50,46.7800,-71.2700,34,14.5180,8
46.50_-71.50,46.7800,-71.2700,35,14.4236,8
46.50_-71.50,46.7800,-71.2700,36,14.3677,8
46.50_-71.50,46.7800,-71.2700,37,14.3382,8
46.50_-71.50,46.7800,-71.2700,38,14.2118,8
46.50_-71.50,46.7800,-71.2700,39,14.0821,8
46.50_-71.50,46.7800,-71.2700,40,13.9528,8
46.50_-71.50,46.7800,-71.2700,41,13.8314,8
46.50_-71.50,46.7800,-71.2700,42,13.7244,8
46.50_-71.50,46.7800,-71.2700,43,13.6253,8
46.50_-71.50,46.7800,-71.2700,44,13.5344,8
46.50_-71.50,46.7800,-71.2700,45,13.4478,8
46.50_-71.50,46.7800,-71.2700,46,13.3541,8
46.50_-71.50,46.7800,-71.2700,47,13.2375,8
46.50_-71.50,46.7800,-71.2700,48,13.1122,8
46.50_-71.50,46.7800,-71.2700,49,13.0258,8
46.50_-71.50,46.7800,-71.2700,50,12.9505,8
46.50_-71.50,46.7800,-71.2700,51,12.8684,8
46.50_-71.50,46.7800,-71.2700,52,12.7858,8
46.50_-71.50,46.7800,-71.2700,53,12.6991,8
46.50_-71.50,46.7800,-71.2700,54,12.6012,8
46.50_-71.50,46.7800,-71.2700,55,12.4839,8
46.50_-71.50,46.7800,-71.2700,56,12.3853,8
46.50_-71.50,46.7800,-71.2700,57,12.2599,8
46.50_-71.50,46.7800,-71.2700,58,12.1222,8
46.50_-71.50,46.7800,-71.2700,59,11.9903,8
46.50_-71.50,46.7800,-71.2700,60,11.8690,8
46.50_-71.50,46.7800,-71.2700,61,11.7631,8
46.50_-71.50,46.7800,-71.2700,62,11.6502,8
46.50_-71.50,46.7800,-71.2700,63,11.5115,8
46.50_-71.50,46.7800,-71.2700,64,11.3725,8
46.50_-71.50,46.7800,-71.2700,65,11.2460,8
46.50_-71.50,46.7800,-71.2700,66,11.1445,8
46.50_-71.50,46.7800,-71.2700,67,11.0716,8
46.50_-71.50,46.7800,-71.2700,68,10.9853,8
46.50_-71.50,46.7800,-71.2700,69,10.8732,8
46.50_-71.50,46.7800,-71.2700,70,10.7368,8
46.50_-71.50,46.7800,-71.2700,71,10.6373,8
46.50_-71.50,46.7800,-71.2700,72,10.5236,8
46.50_-71.50,46.7800,-71.2700,73,10.3913,8
46.50_-71.50,46.7800,-71.2700,74,10.2449,8
46.50_-71.50,46.7800,-71.2700,75,10.0800,8
46.50_-71.50,46.7800,-71.2700,76,9.9248,8
46.50_-71.50,46.7800,-71.2700,77,9.7769,8
46.50_-71.50,46.7800,-71.2700,78,9.6330,8
46.50_-71.50,46.7800,-71.2700,79,9.4786,8
46.50_-71.50,46.7800,-71.2700,80,9.3355,8
46.50_-71.50,46.7800,-71.2700,81,9.1972,8
46.50_-71.50,46.7800,-71.2700,82,9.0569,8
46.50_-71.50,46.7800,-71.2700,83,8.9193,8
46.50_-71.50,46.7800,-71.2700,84,8.7670,8
46.50_-71.50,46.7800,-71.2700,85,8.6132,8
46.50_-71.50,46.7800,-71.2700,86,8.4951,8
46.50_-71.50,46.7800,-71.2700,87,8.3997,8
46.50_-71.50,46.7800,-71.2700,88,8.3075,8
46.50_-71.50,46.7800,-71.2700,89,8.2003,8
46.50_-71.50,46.7800,-71.2700,90,8.0689,8
46.50_-71.50,46.7800,-71.2700,91,7.9512,8
46.50_-72.50,46.2700,-72.5300,0,,0
46.50_-72.50,46.2700,-72.5300,1,17.6125,8
46.50_-72.50,46.2700,-72.5300,2,17.7812,8
46.50_-72.50,46.2700,-72.5300,3,18.1125,8
46.50_-72.50,46.2700,-72.5300,4,18.3062,8
46.50_-72.50,46.2700,-72.5300,5,18.3675,8
46.50_-72.50,46.2700,-72.5300,6,18.3062,8
46.50_-72.50,46.2700,-72.5300,7,18.2250,8
46.50_-72.50,46.2700,-72.5300,8,17.9422,8
46.50_-72.50,46.2700,-72.5300,9,17.6458,8
46.50_-72.50,46.2700,-72.5300,10,17.3775,8
46.50_-72.50,46.2700,-72.5300,11,17.2943,8
46.50_-72.50,46.2700,-72.5300,12,17.2448,8
46.50_-72.50,46.2700,-72.5300,13,17.2183,8
46.50_-72.50,46.2700,-72.5300,14,17.1688,8
46.50_-72.50,46.2700,-72.5300,15,17.0783,8
46.50_-72.50,46.2700,-72.5300,16,17.0578,8
46.50_-72.50,46.2700,-72.5300,17,17.0426,8
46.50_-72.50,46.2700,-72.5300,18,16.9472,8
46.50_-72.50,46.2700,-72.5300,19,16.7579,8
46.50_-72.50,46.2700,-72.5300,20,16.5975,8
46.50_-72.50,46.2700,-72.5300,21,16.5089,8
46.50_-72.50,46.2700,-72.5300,22,16.4705,8
46.50_-72.50,46.2700,-72.5300,23,16.4397,8
46.50_-72.50,46.2700,-72.5300,24,16.3495,8
46.50_-72.50,46.2700,-72.5300,25,16.2355,8
46.50_-72.50,46.2700,-72.5300,26,16.2038,8
46.50_-72.50,46.2700,-72.5300,27,16.1389,8
46.50_-72.50,46.2700,-72.5300,28,16.1009,8
46.50_-72.50,46.2700,-72.5300,29,16.0082,8
46.50_-72.50,46.2700,-72.5300,30,15.8825,8
46.50_-72.50,46.2700,-72.5300,31,15.7710,8
46.50_-72.50,46.2700,-72.5300,32,15.6152,8
46.50_-72.50,46.2700,-72.5300,33,15.4841,8
46.50_-72.50,46.2700,-72.5300,34,15.4004,8
46.50_-72.50,46.2700,-72.5300,35,15.3139,8
46.50_-72.50,46.2700,-72.5300,36,15.2694,8
46.50_-72.50,46.2700,-72.5300,37,15.2311,8
46.50_-72.50,46.2700,-72.5300,38,15.0865,8
46.50_-72.50,46.2700,-72.5300,39,14.9638,8
46.50_-72.50,46.2700,-72.5300,40,14.8434,8
46.50_-72.50,46.2700,-72.5300,41,14.7253,8
46.50_-72.50,46.2700,-72.5300,42,14.6259,8
46.50_-72.50,46.2700,-72.5300,43,14.5224,8
46.50_-72.50,46.2700,-72.5300,44,14.4224,8
46.50_-72.50,46.2700,-72.5300,45,14.3294,8
46.50_-72.50,46.2700,-72.5300,46,14.2315,8
46.50_-72.50,46.2700,-72.5300,47,14.1061,8
46.50_-72.50,46.2700,-72.5300,48,13.9760,8
46.50_-72.50,46.2700,-72.5300,49,13.8865,8
46.50_-72.50,46.2700,-72.5300,50,13.8150,8
46.50_-72.50,46.2700,-72.5300,51,13.7319,8
46.50_-72.50,46.2700,-72.5300,52,13.6599,8
46.50_-72.50,46.2700,-72.5300,53,13.5899,8
46.50_-72.50,46.2700,-72.5300,54,13.4866,8
46.50_-72.50,46.2700,-72.5300,55,13.3748,8
46.50_-72.50,46.2700,-72.5300,56,13.2797,8
46.50_-72.50,46.2700,-72.5300,57,13.1603,8
46.50_-72.50,46.2700,-72.5300,58,13.0222,8
46.50_-72.50,46.2700,-72.5300,59,12.8896,8
46.50_-72.50,46.2700,-72.5300,60,12.7735,8
46.50_-72.50,46.2700,-72.5300,61,12.6797,8
46.50_-72.50,46.2700,-72.5300,62,12.5718,8
46.50_-72.50,46.2700,-72.5300,63,12.4244,8
46.50_-72.50,46.2700,-72.5300,64,12.2842,8
46.50_-72.50,46.2700,-72.5300,65,12.1598,8
46.50_-72.50,46.2700,-72.5300,66,12.0786,8
46.50_-72.50,46.2700,-72.5300,67,12.0153,8
46.50_-72.50,46.2700,-72.5300,68,11.9373,8
46.50_-72.50,46.2700,-72.5300,69,11.8328,8
46.50_-72.50,46.2700,-72.5300,70,11.7030,8
46.50_-72.50,46.2700,-72.5300,71,11.6123,8
46.50_-72.50,46.2700,-72.5300,72,11.5057,8
46.50_-72.50,46.2700,-72.5300,73,11.3755,8
46.50_-72.50,46.2700,-72.5300,74,11.2203,8
46.50_-72.50,46.2700,-72.5300,75,11.0480,8
46.50_-72.50,46.2700,-72.5300,76,10.8908,8
46.50_-72.50,46.2700,-72.5300,77,10.7377,8
46.50_-72.50,46.2700,-72.5300,78,10.5889,8
46.50_-72.50,46.2700,-72.5300,79,10.4259,8
46.50_-72.50,46.2700,-72.5300,80,10.2844,8
46.50_-72.50,46.2700,-72.5300,81,10.1418,8
46.50_-72.50,46.2700,-72.5300,82,9.9994,8
46.50_-72.50,46.2700,-72.5300,83,9.8620,8
46.50_-72.50,46.2700,-72.5300,84,9.7100,8
46.50_-72.50,46.2700,-72.5300,85,9.5601,8
46.50_-72.50,46.2700,-72.5300,86,9.4414,8
46.50_-72.50,46.2700,-72.5300,87,9.3474,8
46.50_-72.50,46.2700,-72.5300,88,9.2551,8
46.50_-72.50,46.2700,-72.5300,89,9.1409,8
46.50_-72.50,46.2700,-72.5300,90,9.0065,8
46.50_-72.50,46.2700,-72.5300,91,8.8856,8
46.50_-73.50,46.2300,-73.5300,0,,0
46.50_-73.50,46.2300,-73.5300,1,16.3375,8
46.50_-73.50,46.2300,-73.5300,2,16.4312,8
46.50_-73.50,46.2300,-73.5300,3,16.9000,8
46.50_-73.50,46.2300,-73.5300,4,17.1062,8
46.50_-73.50,46.2300,-73.5300,5,17.1500,8
46.50_-73.50,46.2300,-73.5300,6,17.0792,8
46.50_-73.50,46.2300,-73.5300,7,16.9571,8
46.50_-73.50,46.2300,-73.5300,8,16.6547,8
46.50_-73.50,46.2300,-73.5300,9,16.3806,8
46.50_-73.50,46.2300,-73.5300,10,16.1475,8
46.50_-73.50,46.2300,-73.5300,11,16.1136,8
46.50_-73.50,46.2300,-73.5300,12,16.0979,8
46.50_-73.50,46.2300,-73.5300,13,16.1163,8
46.50_-73.50,46.2300,-73.5300,14,16.0661,8
46.50_-73.50,46.2300,-73.5300,15,16.0008,8
46.50_-73.50,46.2300,-73.5300,16,16.0039,8
46.50_-73.50,46.2300,-73.5300,17,16.0132,8
46.50_-73.50,46.2300,-73.5300,18,15.9576,8
46.50_-73.50,46.2300,-73.5300,19,15.7914,8
46.50_-73.50,46.2300,-73.5300,20,15.6519,8
46.50_-73.50,46.2300,-73.5300,21,15.5815,8
46.50_-73.50,46.2300,-73.5300,22,15.5307,8
46.50_-73.50,46.2300,-73.5300,23,15.5027,8
46.50_-73.50,46.2300,-73.5300,24,15.4203,8
46.50_-73.50,46.2300,-73.5300,25,15.2950,8
46.50_-73.50,46.2300,-73.5300,26,15.2500,8
46.50_-73.50,46.2300,-73.5300,27,15.1829,8
46.50_-73.50,46.2300,-73.5300,28,15.1455,8
46.50_-73.50,46.2300,-73.5300,29,15.0634,8
46.50_-73.50,46.2300,-73.5300,30,14.9492,8
46.50_-73.50,46.2300,-73.5300,31,14.8379,8
46.50_-73.50,46.2300,-73.5300,32,14.6859,8
46.50_-73.50,46.2300,-73.5300,33,14.5697,8
46.50_-73.50,46.2300,-73.5300,34,14.4974,8
46.50_-73.50,46.2300,-73.5300,35,14.4257,8
46.50_-73.50,46.2300,-73.5300,36,14.3729,8
46.50_-73.50,46.2300,-73.5300,37,14.3162,8
46.50_-73.50,46.2300,-73.5300,38,14.1635,8
46.50_-73.50,46.2300,-73.5300,39,14.0321,8
46.50_-73.50,46.2300,-73.5300,40,13.9034,8
46.50_-73.50,46.2300,-73.5300,41,13.7802,8
46.50_-73.50,46.2300,-73.5300,42,13.6759,8
46.50_-73.50,46.2300,-73.5300,43,13.5666,8
46.50_-73.50,46.2300,-73.5300,44,13.4710,8
46.50_-73.50,46.2300,-73.5300,45,13.3686,8
46.50_-73.50,46.2300,-73.5300,46,13.2584,8
46.50_-73.50,46.2300,-73.5300,47,13.1319,8
46.50_-73.50,46.2300,-73.5300,48,13.0034,8
46.50_-73.50,46.2300,-73.5300,49,12.9112,8
46.50_-73.50,46.2300,-73.5300,50,12.8338,8
46.50_-73.50,46.2300,-73.5300,51,12.7463,8
46.50_-73.50,46.2300,-73.5300,52,12.6584,8
46.50_-73.50,46.2300,-73.5300,53,12.5778,8
46.50_-73.50,46.2300,-73.5300,54,12.4683,8
46.50_-73.50,46.2300,-73.5300,55,12.3511,8
46.50_-73.50,46.2300,-73.5300,56,12.2509,8
46.50_-73.50,46.2300,-73.5300,57,12.1281,8
46.50_-73.50,46.2300,-73.5300,58,11.9875,8
46.50_-73.50,46.2300,-73.5300,59,11.8525,8
46.50_-73.50,46.2300,-73.5300,60,11.7294,8
46.50_-73.50,46.2300,-73.5300,61,11.6301,8
46.50_-73.50,46.2300,-73.5300,62,11.5198,8
46.50_-73.50,46.2300,-73.5300,63,11.3702,8
46.50_-73.50,46.2300,-73.5300,64,11.2260,8
46.50_-73.50,46.2300,-73.5300,65,11.0956,8
46.50_-73.50,46.2300,-73.5300,66,10.9996,8
46.50_-73.50,46.2300,-73.5300,67,10.9276,8
46.50_-73.50,46.2300,-73.5300,68,10.8421,8
46.50_-73.50,46.2300,-73.5300,69,10.7337,8
46.50_-73.50,46.2300,-73.5300,70,10.6050,8
46.50_-73.50,46.2300,-73.5300,71,10.5107,8
46.50_-73.50,46.2300,-73.5300,72,10.3962,8
46.50_-73.50,46.2300,-73.5300,73,10.2594,8
46.50_-73.50,46.2300,-73.5300,74,10.0965,8
46.50_-73.50,46.2300,-73.5300,75,9.9237,8
46.50_-73.50,46.2300,-73.5300,76,9.7653,8
46.50_-73.50,46.2300,-73.5300,77,9.6174,8
46.50_-73.50,46.2300,-73.5300,78,9.4630,8
46.50_-73.50,46.2300,-73.5300,79,9.2978,8
46.50_-73.50,46.2300,-73.5300,80,9.1581,8
46.50_-73.50,46.2300,-73.5300,81,9.0173,8
46.50_-73.50,46.2300,-73.5300,82,8.8732,8
46.50_-73.50,46.2300,-73.5300,83,8.7313,8
46.50_-73.50,46.2300,-73.5300,84,8.5842,8
46.50_-73.50,46.2300,-73.5300,85,8.4328,8
46.50_-73.50,46.2300,-73.5300,86,8.3135,8
46.50_-73.50,46.2300,-73.5300,87,8.2197,8
46.50_-73.50,46.2300,-73.5300,88,8.1243,8
46.50_-73.50,46.2300,-73.5300,89,8.0097,8
46.50_-73.50,46.2300,-73.5300,90,7.8789,8
46.50_-73.50,46.2300,-73.5300,91,7.7541,8
46.50_-74.50,46.2500,-74.3900,0,,0
46.50_-74.50,46.2500,-74.3900,1,14.5500,8
46.50_-74.50,46.2500,-74.3900,2,14.7750,8
46.50_-74.50,46.2500,-74.3900,3,15.1708,8
46.50_-74.50,46.2500,-74.3900,4,15.2750,8
46.50_-74.50,46.2500,-74.3900,5,15.3000,8
46.50_-74.50,46.2500,-74.3900,6,15.2438,8
46.50_-74.50,46.2500,-74.3900,7,15.1196,8
46.50_-74.50,46.2500,-74.3900,8,14.7562,8
46.50_-74.50,46.2500,-74.3900,9,14.4750,8
46.50_-74.50,46.2500,-74.3900,10,14.2838,8
46.50_-74.50,46.2500,-74.3900,11,14.2682,8
46.50_-74.50,46.2500,-74.3900,12,14.2646,8
46.50_-74.50,46.2500,-74.3900,13,14.3144,8
46.50_-74.50,46.2500,-74.3900,14,14.2607,8
46.50_-74.50,46.2500,-74.3900,15,14.1917,8
46.50_-74.50,46.2500,-74.3900,16,14.1938,8
46.50_-74.50,46.2500,-74.3900,17,14.2007,8
46.50_-74.50,46.2500,-74.3900,18,14.1611,8
46.50_-74.50,46.2500,-74.3900,19,14.0079,8
46.50_-74.50,46.2500,-74.3900,20,13.8844,8
46.50_-74.50,46.2500,-74.3900,21,13.8518,8
46.50_-74.50,46.2500,-74.3900,22,13.8080,8
46.50_-74.50,46.2500,-74.3900,23,13.7728,8
46.50_-74.50,46.2500,-74.3900,24,13.6880,8
46.50_-74.50,46.2500,-74.3900,25,13.5805,8
46.50_-74.50,46.2500,-74.3900,26,13.5433,8
46.50_-74.50,46.2500,-74.3900,27,13.4755,8
46.50_-74.50,46.2500,-74.3900,28,13.4446,8
46.50_-74.50,46.2500,-74.3900,29,13.3586,8
46.50_-74.50,46.2500,-74.3900,30,13.2412,8
46.50_-74.50,46.2500,-74.3900,31,13.1351,8
46.50_-74.50,46.2500,-74.3900,32,12.9840,8
46.50_-74.50,46.2500,-74.3900,33,12.8705,8
46.50_-74.50,46.2500,-74.3900,34,12.8151,8
46.50_-74.50,46.2500,-74.3900,35,12.7561,8
46.50_-74.50,46.2500,-74.3900,36,12.7149,8
46.50_-74.50,46.2500,-74.3900,37,12.6419,8
46.50_-74.50,46.2500,-74.3900,38,12.4786,8
46.50_-74.50,46.2500,-74.3900,39,12.3353,8
46.50_-74.50,46.2500,-74.3900,40,12.2116,8
46.50_-74.50,46.2500,-74.3900,41,12.1085,8
46.50_-74.50,46.2500,-74.3900,42,12.0095,8
46.50_-74.50,46.2500,-74.3900,43,11.8994,8
46.50_-74.50,46.2500,-74.3900,44,11.8102,8
46.50_-74.50,46.2500,-74.3900,45,11.7025,8
46.50_-74.50,46.2500,-74.3900,46,11.5791,8
46.50_-74.50,46.2500,-74.3900,47,11.4367,8
46.50_-74.50,46.2500,-74.3900,48,11.3018,8
46.50_-74.50,46.2500,-74.3900,49,11.1997,8
46.50_-74.50,46.2500,-74.3900,50,11.1170,8
46.50_-74.50,46.2500,-74.3900,51,11.0319,8
46.50_-74.50,46.2500,-74.3900,52,10.9450,8
46.50_-74.50,46.2500,-74.3900,53,10.8651,8
46.50_-74.50,46.2500,-74.3900,54,10.7512,8
46.50_-74.50,46.2500,-74.3900,55,10.6241,8
46.50_-74.50,46.2500,-74.3900,56,10.5165,8
46.50_-74.50,46.2500,-74.3900,57,10.3827,8
46.50_-74.50,46.2500,-74.3900,58,10.2442,8
46.50_-74.50,46.2500,-74.3900,59,10.1142,8
46.50_-74.50,46.2500,-74.3900,60,9.9910,8
46.50_-74.50,46.2500,-74.3900,61,9.8936,8
46.50_-74.50,46.2500,-74.3900,62,9.7764,8
46.50_-74.50,46.2500,-74.3900,63,9.6222,8
46.50_-74.50,46.2500,-74.3900,64,9.4818,8
46.50_-74.50,46.2500,-74.3900,65,9.3550,8
46.50_-74.50,46.2500,-74.3900,66,9.2714,8
46.50_-74.50,46.2500,-74.3900,67,9.1924,8
46.50_-74.50,46.2500,-74.3900,68,9.0980,8
46.50_-74.50,46.2500,-74.3900,69,8.9824,8
46.50_-74.50,46.2500,-74.3900,70,8.8557,8
46.50_-74.50,46.2500,-74.3900,71,8.7579,8
46.50_-74.50,46.2500,-74.3900,72,8.6382,8
46.50_-74.50,46.2500,-74.3900,73,8.5015,8
46.50_-74.50,46.2500,-74.3900,74,8.3405,8
46.50_-74.50,46.2500,-74.3900,75,8.1708,8
46.50_-74.50,46.2500,-74.3900,76,8.0171,8
46.50_-74.50,46.2500,-74.3900,77,7.8680,8
46.50_-74.50,46.2500,-74.3900,78,7.7205,8
46.50_-74.50,46.2500,-74.3900,79,7.5627,8
46.50_-74.50,46.2500,-74.3900,80,7.4281,8
46.50_-74.50,46.2500,-74.3900,81,7.2894,8
46.50_-74.50,46.2500,-74.3900,82,7.1506,8
46.50_-74.50,46.2500,-74.3900,83,7.0074,8
46.50_-74.50,46.2500,-74.3900,84,6.8629,8
46.50_-74.50,46.2500,-74.3900,85,6.7163,8
46.50_-74.50,46.2500,-74.3900,86,6.6103,8
46.50_-74.50,46.2500,-74.3900,87,6.5273,8
46.50_-74.50,46.2500,-74.3900,88,6.4304,8
46.50_-74.50,46.2500,-74.3900,89,6.3103,8
46.50_-74.50,46.2500,-74.3900,90,6.1750,8
46.50_-74.50,46.2500,-74.3900,91,6.0500,8
46.50_-75.50,46.0900,-75.7100,0,,0
46.50_-75.50,46.0900,-75.7100,1,16.9750,8
46.50_-75.50,46.0900,-75.7100,2,17.1188,8
46.50_-75.50,46.0900,-75.7100,3,17.3708,8
46.50_-75.50,46.0900,-75.7100,4,17.3156,8
46.50_-75.50,46.0900,-75.7100,5,17.4100,8
46.50_-75.50,46.0900,-75.7100,6,17.3021,8
46.50_-75.50,46.0900,-75.7100,7,17.1304,8
46.50_-75.50,46.0900,-75.7100,8,16.7266,8
46.50_-75.50,46.0900,-75.7100,9,16.4708,8
46.50_-75.50,46.0900,-75.7100,10,16.2975,8
46.50_-75.50,46.0900,-75.7100,11,16.2727,8
46.50_-75.50,46.0900,-75.7100,12,16.2615,8
46.50_-75.50,46.0900,-75.7100,13,16.2933,8
46.50_-75.50,46.0900,-75.7100,14,16.2375,8
46.50_-75.50,46.0900,-75.7100,15,16.1675,8
46.50_-75.50,46.0900,-75.7100,16,16.1859,8
46.50_-75.50,46.0900,-75.7100,17,16.1787,8
46.50_-75.50,46.0900,-75.7100,18,16.1299,8
46.50_-75.50,46.0900,-75.7100,19,15.9947,8
46.50_-75.50,46.0900,-75.7100,20,15.8888,8
46.50_-75.50,46.0900,-75.7100,21,15.8768,8
46.50_-75.50,46.0900,-75.7100,22,15.8278,8
46.50_-75.50,46.0900,-75.7100,23,15.7750,8
46.50_-75.50,46.0900,-75.7100,24,15.6979,8
46.50_-75.50,46.0900,-75.7100,25,15.6195,8
46.50_-75.50,46.0900,-75.7100,26,15.5788,8
46.50_-75.50,46.0900,-75.7100,27,15.5199,8
46.50_-75.50,46.0900,-75.7100,28,15.4795,8
46.50_-75.50,46.0900,-75.7100,29,15.3905,8
46.50_-75.50,46.0900,-75.7100,30,15.2762,8
46.50_-75.50,46.0900,-75.7100,31,15.1758,8
46.50_-75.50,46.0900,-75.7100,32,15.0441,8
46.50_-75.50,46.0900,-75.7100,33,14.9473,8
46.50_-75.50,46.0900,-75.7100,34,14.8915,8
46.50_-75.50,46.0900,-75.7100,35,14.8321,8
46.50_-75.50,46.0900,-75.7100,36,14.7962,8
46.50_-75.50,46.0900,-75.7100,37,14.7098,8
46.50_-75.50,46.0900,-75.7100,38,14.5546,8
46.50_-75.50,46.0900,-75.7100,39,14.4269,8
46.50_-75.50,46.0900,-75.7100,40,14.3197,8
46.50_-75.50,46.0900,-75.7100,41,14.2299,8
46.50_-75.50,46.0900,-75.7100,42,14.1366,8
46.50_-75.50,46.0900,-75.7100,43,14.0323,8
46.50_-75.50,46.0900,-75.7100,44,13.9355,8
46.50_-75.50,46.0900,-75.7100,45,13.8228,8
46.50_-75.50,46.0900,-75.7100,46,13.7008,8
46.50_-75.50,46.0900,-75.7100,47,13.5596,8
46.50_-75.50,46.0900,-75.7100,48,13.4281,8
46.50_-75.50,46.0900,-75.7100,49,13.3370,8
46.50_-75.50,46.0900,-75.7100,50,13.2512,8
46.50_-75.50,46.0900,-75.7100,51,13.1645,8
46.50_-75.50,46.0900,-75.7100,52,13.0688,8
46.50_-75.50,46.0900,-75.7100,53,12.9840,8
46.50_-75.50,46.0900,-75.7100,54,12.8690,8
46.50_-75.50,46.0900,-75.7100,55,12.7491,8
46.50_-75.50,46.0900,-75.7100,56,12.6422,8
46.50_-75.50,46.0900,-75.7100,57,12.5169,8
46.50_-75.50,46.0900,-75.7100,58,12.3873,8
46.50_-75.50,46.0900,-75.7100,59,12.2612,8
46.50_-75.50,46.0900,-75.7100,60,12.1454,8
46.50_-75.50,46.0900,-75.7100,61,12.0430,8
46.50_-75.50,46.0900,-75.7100,62,11.9254,8
46.50_-75.50,46.0900,-75.7100,63,11.7794,8
46.50_-75.50,46.0900,-75.7100,64,11.6473,8
46.50_-75.50,46.0900,-75.7100,65,11.5263,8
46.50_-75.50,46.0900,-75.7100,66,11.4449,8
46.50_-75.50,46.0900,-75.7100,67,11.3659,8
46.50_-75.50,46.0900,-75.7100,68,11.2737,8
46.50_-75.50,46.0900,-75.7100,69,11.1591,8
46.50_-75.50,46.0900,-75.7100,70,11.0370,8
46.50_-75.50,46.0900,-75.7100,71,10.9366,8
46.50_-75.50,46.0900,-75.7100,72,10.8201,8
46.50_-75.50,46.0900,-75.7100,73,10.6870,8
46.50_-75.50,46.0900,-75.7100,74,10.5297,8
46.50_-75.50,46.0900,-75.7100,75,10.3710,8
46.50_-75.50,46.0900,-75.7100,76,10.2234,8
46.50_-75.50,46.0900,-75.7100,77,10.0786,8
46.50_-75.50,46.0900,-75.7100,78,9.9300,8
46.50_-75.50,46.0900,-75.7100,79,9.7816,8
46.50_-75.50,46.0900,-75.7100,80,9.6469,8
46.50_-75.50,46.0900,-75.7100,81,9.5074,8
46.50_-75.50,46.0900,-75.7100,82,9.3758,8
46.50_-75.50,46.0900,-75.7100,83,9.2396,8
46.50_-75.50,46.0900,-75.7100,84,9.1028,8
46.50_-75.50,46.0900,-75.7100,85,8.9696,8
46.50_-75.50,46.0900,-75.7100,86,8.8669,8
46.50_-75.50,46.0900,-75.7100,87,8.7805,8
46.50_-75.50,46.0900,-75.7100,88,8.6830,8
46.50_-75.50,46.0900,-75.7100,89,8.5645,8
46.50_-75.50,46.0900,-75.7100,90,8.4386,8
46.50_-75.50,46.0900,-75.7100,91,8.3234,8
46.50_-76.50,46.3600,-76.0100,0,,0
46.50_-76.50,46.3600,-76.0100,1,16.8000,8
46.50_-76.50,46.3600,-76.0100,2,16.9750,8
46.50_-76.50,46.3600,-76.0100,3,17.2375,8
46.50_-76.50,46.3600,-76.0100,4,17.1594,8
46.50_-76.50,46.3600,-76.0100,5,17.2175,8
46.50_-76.50,46.3600,-76.0100,6,17.0896,8
46.50_-76.50,46.3600,-76.0100,7,16.8929,8
46.50_-76.50,46.3600,-76.0100,8,16.4906,8
46.50_-76.50,46.3600,-76.0100,9,16.2181,8
46.50_-76.50,46.3600,-76.0100,10,16.0625,8
46.50_-76.50,46.3600,-76.0100,11,16.0602,8
46.50_-76.50,46.3600,-76.0100,12,16.0479,8
46.50_-76.50,46.3600,-76.0100,13,16.0827,8
46.50_-76.50,46.3600,-76.0100,14,16.0420,8
46.50_-76.50,46.3600,-76.0100,15,15.9692,8
46.50_-76.50,46.3600,-76.0100,16,15.9812,8
46.50_-76.50,46.3600,-76.0100,17,15.9779,8
46.50_-76.50,46.3600,-76.0100,18,15.9215,8
46.50_-76.50,46.3600,-76.0100,19,15.7822,8
46.50_-76.50,46.3600,-76.0100,20,15.6769,8
46.50_-76.50,46.3600,-76.0100,21,15.6792,8
46.50_-76.50,46.3600,-76.0100,22,15.6239,8
46.50_-76.50,46.3600,-76.0100,23,15.5685,8
46.50_-76.50,46.3600,-76.0100,24,15.4953,8
46.50_-76.50,46.3600,-76.0100,25,15.4205,8
46.50_-76.50,46.3600,-76.0100,26,15.3913,8
46.50_-76.50,46.3600,-76.0100,27,15.3343,8
46.50_-76.50,46.3600,-76.0100,28,15.2933,8
46.50_-76.50,46.3600,-76.0100,29,15.2142,8
46.50_-76.50,46.3600,-76.0100,30,15.1004,8
46.50_-76.50,46.3600,-76.0100,31,14.9952,8
46.50_-76.50,46.3600,-76.0100,32,14.8629,8
46.50_-76.50,46.3600,-76.0100,33,14.7617,8
46.50_-76.50,46.3600,-76.0100,34,14.7015,8
46.50_-76.50,46.3600,-76.0100,35,14.6357,8
46.50_-76.50,46.3600,-76.0100,36,14.5997,8
46.50_-76.50,46.3600,-76.0100,37,14.5074,8
46.50_-76.50,46.3600,-76.0100,38,14.3470,8
46.50_-76.50,46.3600,-76.0100,39,14.2196,8
46.50_-76.50,46.3600,-76.0100,40,14.1062,8
46.50_-76.50,46.3600,-76.0100,41,14.0192,8
46.50_-76.50,46.3600,-76.0100,42,13.9268,8
46.50_-76.50,46.3600,-76.0100,43,13.8276,8
46.50_-76.50,46.3600,-76.0100,44,13.7369,8
46.50_-76.50,46.3600,-76.0100,45,13.6292,8
46.50_-76.50,46.3600,-76.0100,46,13.5125,8
46.50_-76.50,46.3600,-76.0100,47,13.3729,8
46.50_-76.50,46.3600,-76.0100,48,13.2443,8
46.50_-76.50,46.3600,-76.0100,49,13.1561,8
46.50_-76.50,46.3600,-76.0100,50,13.0738,8
46.50_-76.50,46.3600,-76.0100,51,12.9890,8
46.50_-76.50,46.3600,-76.0100,52,12.8938,8
46.50_-76.50,46.3600,-76.0100,53,12.8111,8
46.50_-76.50,46.3600,-76.0100,54,12.6961,8
46.50_-76.50,46.3600,-76.0100,55,12.5777,8
46.50_-76.50,46.3600,-76.0100,56,12.4705,8
46.50_-76.50,46.3600,-76.0100,57,12.3436,8
46.50_-76.50,46.3600,-76.0100,58,12.2123,8
46.50_-76.50,46.3600,-76.0100,59,12.0833,8
46.50_-76.50,46.3600,-76.0100,60,11.9619,8
46.50_-76.50,46.3600,-76.0100,61,11.8576,8
46.50_-76.50,46.3600,-76.0100,62,11.7413,8
46.50_-76.50,46.3600,-76.0100,63,11.5970,8
46.50_-76.50,46.3600,-76.0100,64,11.4641,8
46.50_-76.50,46.3600,-76.0100,65,11.3425,8
46.50_-76.50,46.3600,-76.0100,66,11.2561,8
46.50_-76.50,46.3600,-76.0100,67,11.1763,8
46.50_-76.50,46.3600,-76.0100,68,11.0846,8
46.50_-76.50,46.3600,-76.0100,69,10.9712,8
46.50_-76.50,46.3600,-76.0100,70,10.8502,8
46.50_-76.50,46.3600,-76.0100,71,10.7511,8
46.50_-76.50,46.3600,-76.0100,72,10.6354,8
46.50_-76.50,46.3600,-76.0100,73,10.5045,8
46.50_-76.50,46.3600,-76.0100,74,10.3493,8
46.50_-76.50,46.3600,-76.0100,75,10.1943,8
46.50_-76.50,46.3600,-76.0100,76,10.0492,8
46.50_-76.50,46.3600,-76.0100,77,9.9089,8
46.50_-76.50,46.3600,-76.0100,78,9.7646,8
46.50_-76.50,46.3600,-76.0100,79,9.6198,8
46.50_-76.50,46.3600,-76.0100,80,9.4894,8
46.50_-76.50,46.3600,-76.0100,81,9.3505,8
46.50_-76.50,46.3600,-76.0100,82,9.2233,8
46.50_-76.50,46.3600,-76.0100,83,9.0902,8
46.50_-76.50,46.3600,-76.0100,84,8.9585,8
46.50_-76.50,46.3600,-76.0100,85,8.8284,8
46.50_-76.50,46.3600,-76.0100,86,8.7283,8
46.50_-76.50,46.3600,-76.0100,87,8.6411,8
46.50_-76.50,46.3600,-76.0100,88,8.5430,8
46.50_-76.50,46.3600,-76.0100,89,8.4249,8
46.50_-76.50,46.3600,-76.0100,90,8.3014,8
46.50_-76.50,46.3600,-76.0100,91,8.1891,8
46.50_-77.50,46.0900,-77.4700,0,,0
46.50_-77.50,46.0900,-77.4700,1,17.1750,8
46.50_-77.50,46.0900,-77.4700,2,17.3312,8
46.50_-77.50,46.0900,-77.4700,3,17.5292,8
46.50_-77.50,46.0900,-77.4700,4,17.2969,8
46.50_-77.50,46.0900,-77.4700,5,17.2975,8
46.50_-77.50,46.0900,-77.4700,6,17.1167,8
46.50_-77.50,46.0900,-77.4700,7,16.8536,8
46.50_-77.50,46.0900,-77.4700,8,16.3922,8
46.50_-77.50,46.0900,-77.4700,9,16.1153,8
46.50_-77.50,46.0900,-77.4700,10,15.9488,8
46.50_-77.50,46.0900,-77.4700,11,15.9443,8
46.50_-77.50,46.0900,-77.4700,12,15.9260,8
46.50_-77.50,46.0900,-77.4700,13,15.9548,8
46.50_-77.50,46.0900,-77.4700,14,15.9277,8
46.50_-77.50,46.0900,-77.4700,15,15.8567,8
46.50_-77.50,46.0900,-77.4700,16,15.8789,8
46.50_-77.50,46.0900,-77.4700,17,15.8868,8
46.50_-77.50,46.0900,-77.4700,18,15.8368,8
46.50_-77.50,46.0900,-77.4700,19,15.7224,8
46.50_-77.50,46.0900,-77.4700,20,15.6375,8
46.50_-77.50,46.0900,-77.4700,21,15.6405,8
46.50_-77.50,46.0900,-77.4700,22,15.5858,8
46.50_-77.50,46.0900,-77.4700,23,15.5207,8
46.50_-77.50,46.0900,-77.4700,24,15.4490,8
46.50_-77.50,46.0900,-77.4700,25,15.4055,8
46.50_-77.50,46.0900,-77.4700,26,15.3764,8
46.50_-77.50,46.0900,-77.4700,27,15.3218,8
46.50_-77.50,46.0900,-77.4700,28,15.2683,8
46.50_-77.50,46.0900,-77.4700,29,15.1750,8
46.50_-77.50,46.0900,-77.4700,30,15.0675,8
46.50_-77.50,46.0900,-77.4700,31,14.9766,8
46.50_-77.50,46.0900,-77.4700,32,14.8625,8
46.50_-77.50,46.0900,-77.4700,33,14.7697,8
46.50_-77.50,46.0900,-77.4700,34,14.7051,8
46.50_-77.50,46.0900,-77.4700,35,14.6389,8
46.50_-77.50,46.0900,-77.4700,36,14.6007,8
46.50_-77.50,46.0900,-77.4700,37,14.5061,8
46.50_-77.50,46.0900,-77.4700,38,14.3451,8
46.50_-77.50,46.0900,-77.4700,39,14.2119,8
46.50_-77.50,46.0900,-77.4700,40,14.1153,8
46.50_-77.50,46.0900,-77.4700,41,14.0354,8
46.50_-77.50,46.0900,-77.4700,42,13.9327,8
46.50_-77.50,46.0900,-77.4700,43,13.8407,8
46.50_-77.50,46.0900,-77.4700,44,13.7378,8
46.50_-77.50,46.0900,-77.4700,45,13.6247,8
46.50_-77.50,46.0900,-77.4700,46,13.4986,8
46.50_-77.50,46.0900,-77.4700,47,13.3500,8
46.50_-77.50,46.0900,-77.4700,48,13.2164,8
46.50_-77.50,46.0900,-77.4700,49,13.1247,8
46.50_-77.50,46.0900,-77.4700,50,13.0355,8
46.50_-77.50,46.0900,-77.4700,51,12.9419,8
46.50_-77.50,46.0900,-77.4700,52,12.8418,8
46.50_-77.50,46.0900,-77.4700,53,12.7542,8
46.50_-77.50,46.0900,-77.4700,54,12.6333,8
46.50_-77.50,46.0900,-77.4700,55,12.5159,8
46.50_-77.50,46.0900,-77.4700,56,12.4065,8
46.50_-77.50,46.0900,-77.4700,57,12.2816,8
46.50_-77.50,46.0900,-77.4700,58,12.1565,8
46.50_-77.50,46.0900,-77.4700,59,12.0265,8
46.50_-77.50,46.0900,-77.4700,60,11.9073,8
46.50_-77.50,46.0900,-77.4700,61,11.7967,8
46.50_-77.50,46.0900,-77.4700,62,11.6750,8
46.50_-77.50,46.0900,-77.4700,63,11.5306,8
46.50_-77.50,46.0900,-77.4700,64,11.3963,8
46.50_-77.50,46.0900,-77.4700,65,11.2735,8
46.50_-77.50,46.0900,-77.4700,66,11.1951,8
46.50_-77.50,46.0900,-77.4700,67,11.1134,8
46.50_-77.50,46.0900,-77.4700,68,11.0219,8
46.50_-77.50,46.0900,-77.4700,69,10.9034,8
46.50_-77.50,46.0900,-77.4700,70,10.7820,8
46.50_-77.50,46.0900,-77.4700,71,10.6820,8
46.50_-77.50,46.0900,-77.4700,72,10.5641,8
46.50_-77.50,46.0900,-77.4700,73,10.4315,8
46.50_-77.50,46.0900,-77.4700,74,10.2784,8
46.50_-77.50,46.0900,-77.4700,75,10.1227,8
46.50_-77.50,46.0900,-77.4700,76,9.9788,8
46.50_-77.50,46.0900,-77.4700,77,9.8354,8
46.50_-77.50,46.0900,-77.4700,78,9.6883,8
46.50_-77.50,46.0900,-77.4700,79,9.5440,8
46.50_-77.50,46.0900,-77.4700,80,9.4147,8
46.50_-77.50,46.0900,-77.4700,81,9.2818,8
46.50_-77.50,46.0900,-77.4700,82,9.1530,8
46.50_-77.50,46.0900,-77.4700,83,9.0176,8
46.50_-77.50,46.0900,-77.4700,84,8.8835,8
46.50_-77.50,46.0900,-77.4700,85,8.7565,8
46.50_-77.50,46.0900,-77.4700,86,8.6570,8
46.50_-77.50,46.0900,-77.4700,87,8.5685,8
46.50_-77.50,46.0900,-77.4700,88,8.4689,8
46.50_-77.50,46.0900,-77.4700,89,8.3476,8
46.50_-77.50,46.0900,-77.4700,90,8.2217,8
46.50_-77.50,46.0900,-77.4700,91,8.1099,8
46.50_-78.50,46.4200,-78.7900,0,,0
46.50_-78.50,46.4200,-78.7900,1,17.2875,8
46.50_-78.50,46.4200,-78.7900,2,17.5000,8
46.50_-78.50,46.4200,-78.7900,3,17.5625,8
46.50_-78.50,46.4200,-78.7900,4,17.2688,8
46.50_-78.50,46.4200,-78.7900,5,17.3025,8
46.50_-78.50,46.4200,-78.7900,6,17.1000,8
46.50_-78.50,46.4200,-78.7900,7,16.7821,8
46.50_-78.50,46.4200,-78.7900,8,16.3125,8
46.50_-78.50,46.4200,-78.7900,9,16.0583,8
46.50_-78.50,46.4200,-78.7900,10,15.9338,8
46.50_-78.50,46.4200,-78.7900,11,15.9341,8
46.50_-78.50,46.4200,-78.7900,12,15.9250,8
46.50_-78.50,46.4200,-78.7900,13,15.9490,8
46.50_-78.50,46.4200,-78.7900,14,15.9116,8
46.50_-78.50,46.4200,-78.7900,15,15.8558,8
46.50_-78.50,46.4200,-78.7900,16,15.9039,8
46.50_-78.50,46.4200,-78.7900,17,15.9390,8
46.50_-78.50,46.4200,-78.7900,18,15.8819,8
46.50_-78.50,46.4200,-78.7900,19,15.7882,8
46.50_-78.50,46.4200,-78.7900,20,15.7250,8
46.50_-78.50,46.4200,-78.7900,21,15.7506,8
46.50_-78.50,46.4200,-78.7900,22,15.6926,8
46.50_-78.50,46.4200,-78.7900,23,15.6071,8
46.50_-78.50,46.4200,-78.7900,24,15.5302,8
46.50_-78.50,46.4200,-78.7900,25,15.5055,8
46.50_-78.50,46.4200,-78.7900,26,15.4654,8
46.50_-78.50,46.4200,-78.7900,27,15.4083,8
46.50_-78.50,46.4200,-78.7900,28,15.3384,8
46.50_-78.50,46.4200,-78.7900,29,15.2384,8
46.50_-78.50,46.4200,-78.7900,30,15.1233,8
46.50_-78.50,46.4200,-78.7900,31,15.0351,8
46.50_-78.50,46.4200,-78.7900,32,14.9184,8
46.50_-78.50,46.4200,-78.7900,33,14.8345,8
46.50_-78.50,46.4200,-78.7900,34,14.7831,8
46.50_-78.50,46.4200,-78.7900,35,14.7236,8
46.50_-78.50,46.4200,-78.7900,36,14.6913,8
46.50_-78.50,46.4200,-78.7900,37,14.5824,8
46.50_-78.50,46.4200,-78.7900,38,14.4237,8
46.50_-78.50,46.4200,-78.7900,39,14.2997,8
46.50_-78.50,46.4200,-78.7900,40,14.2003,8
46.50_-78.50,46.4200,-78.7900,41,14.1305,8
46.50_-78.50,46.4200,-78.7900,42,14.0369,8
46.50_-78.50,46.4200,-78.7900,43,13.9442,8
46.50_-78.50,46.4200,-78.7900,44,13.8375,8
46.50_-78.50,46.4200,-78.7900,45,13.7203,8
46.50_-78.50,46.4200,-78.7900,46,13.5750,8
46.50_-78.50,46.4200,-78.7900,47,13.4128,8
46.50_-78.50,46.4200,-78.7900,48,13.2786,8
46.50_-78.50,46.4200,-78.7900,49,13.1921,8
46.50_-78.50,46.4200,-78.7900,50,13.0988,8
46.50_-78.50,46.4200,-78.7900,51,12.9971,8
46.50_-78.50,46.4200,-78.7900,52,12.9038,8
46.50_-78.50,46.4200,-78.7900,53,12.8108,8
46.50_-78.50,46.4200,-78.7900,54,12.6836,8
46.50_-78.50,46.4200,-78.7900,55,12.5745,8
46.50_-78.50,46.4200,-78.7900,56,12.4594,8
46.50_-78.50,46.4200,-78.7900,57,12.3379,8
46.50_-78.50,46.4200,-78.7900,58,12.2131,8
46.50_-78.50,46.4200,-78.7900,59,12.0875,8
46.50_-78.50,46.4200,-78.7900,60,11.9729,8
46.50_-78.50,46.4200,-78.7900,61,11.8629,8
46.50_-78.50,46.4200,-78.7900,62,11.7331,8
46.50_-78.50,46.4200,-78.7900,63,11.5903,8
46.50_-78.50,46.4200,-78.7900,64,11.4635,8
46.50_-78.50,46.4200,-78.7900,65,11.3531,8
46.50_-78.50,46.4200,-78.7900,66,11.2852,8
46.50_-78.50,46.4200,-78.7900,67,11.2037,8
46.50_-78.50,46.4200,-78.7900,68,11.1114,8
46.50_-78.50,46.4200,-78.7900,69,10.9933,8
46.50_-78.50,46.4200,-78.7900,70,10.8779,8
46.50_-78.50,46.4200,-78.7900,71,10.7813,8
46.50_-78.50,46.4200,-78.7900,72,10.6620,8
46.50_-78.50,46.4200,-78.7900,73,10.5289,8
46.50_-78.50,46.4200,-78.7900,74,10.3777,8
46.50_-78.50,46.4200,-78.7900,75,10.2237,8
46.50_-78.50,46.4200,-78.7900,76,10.0859,8
46.50_-78.50,46.4200,-78.7900,77,9.9494,8
46.50_-78.50,46.4200,-78.7900,78,9.8075,8
46.50_-78.50,46.4200,-78.7900,79,9.6684,8
46.50_-78.50,46.4200,-78.7900,80,9.5422,8
46.50_-78.50,46.4200,-78.7900,81,9.4151,8
46.50_-78.50,46.4200,-78.7900,82,9.2924,8
46.50_-78.50,46.4200,-78.7900,83,9.1574,8
46.50_-78.50,46.4200,-78.7900,84,9.0353,8
46.50_-78.50,46.4200,-78.7900,85,8.9196,8
46.50_-78.50,46.4200,-78.7900,86,8.8289,8
46.50_-78.50,46.4200,-78.7900,87,8.7425,8
46.50_-78.50,46.4200,-78.7900,88,8.6408,8
46.50_-78.50,46.4200,-78.7900,89,8.5156,8
46.50_-78.50,46.4200,-78.7900,90,8.3931,8
46.50_-78.50,46.4200,-78.7900,91,8.2842,8
46.50_-79.50,46.3300,-79.4900,0,,0
46.50_-79.50,46.3300,-79.4900,1,17.2000,8
46.50_-79.50,46.3300,-79.4900,2,17.2875,8
46.50_-79.50,46.3300,-79.4900,3,17.2625,8
46.50_-79.50,46.3300,-79.4900,4,16.9562,8
46.50_-79.50,46.3300,-79.4900,5,16.9475,8
46.50_-79.50,46.3300,-79.4900,6,16.7375,8
46.50_-79.50,46.3300,-79.4900,7,16.3518,8
46.50_-79.50,46.3300,-79.4900,8,15.8688,8
46.50_-79.50,46.3300,-79.4900,9,15.6056,8
46.50_-79.50,46.3300,-79.4900,10,15.4975,8
46.50_-79.50,46.3300,-79.4900,11,15.4977,8
46.50_-79.50,46.3300,-79.4900,12,15.4823,8
46.50_-79.50,46.3300,-79.4900,13,15.5163,8
46.50_-79.50,46.3300,-79.4900,14,15.4920,8
46.50_-79.50,46.3300,-79.4900,15,15.4400,8
46.50_-79.50,46.3300,-79.4900,16,15.4930,8
46.50_-79.50,46.3300,-79.4900,17,15.5522,8
46.50_-79.50,46.3300,-79.4900,18,15.5104,8
46.50_-79.50,46.3300,-79.4900,19,15.4184,8
46.50_-79.50,46.3300,-79.4900,20,15.3819,8
46.50_-79.50,46.3300,-79.4900,21,15.4208,8
46.50_-79.50,46.3300,-79.4900,22,15.3670,8
46.50_-79.50,46.3300,-79.4900,23,15.2717,8
46.50_-79.50,46.3300,-79.4900,24,15.2000,8
46.50_-79.50,46.3300,-79.4900,25,15.1780,8
46.50_-79.50,46.3300,-79.4900,26,15.1322,8
46.50_-79.50,46.3300,-79.4900,27,15.0755,8
46.50_-79.50,46.3300,-79.4900,28,15.0009,8
46.50_-79.50,46.3300,-79.4900,29,14.8996,8
46.50_-79.50,46.3300,-79.4900,30,14.7929,8
46.50_-79.50,46.3300,-79.4900,31,14.7060,8
46.50_-79.50,46.3300,-79.4900,32,14.5836,8
46.50_-79.50,46.3300,-79.4900,33,14.4939,8
46.50_-79.50,46.3300,-79.4900,34,14.4371,8
46.50_-79.50,46.3300,-79.4900,35,14.3646,8
46.50_-79.50,46.3300,-79.4900,36,14.3240,8
46.50_-79.50,46.3300,-79.4900,37,14.2098,8
46.50_-79.50,46.3300,-79.4900,38,14.0484,8
46.50_-79.50,46.3300,-79.4900,39,13.9272,8
46.50_-79.50,46.3300,-79.4900,40,13.8309,8
46.50_-79.50,46.3300,-79.4900,41,13.7677,8
46.50_-79.50,46.3300,-79.4900,42,13.6798,8
46.50_-79.50,46.3300,-79.4900,43,13.5823,8
46.50_-79.50,46.3300,-79.4900,44,13.4770,8
46.50_-79.50,46.3300,-79.4900,45,13.3575,8
46.50_-79.50,46.3300,-79.4900,46,13.2101,8
46.50_-79.50,46.3300,-79.4900,47,13.0519,8
46.50_-79.50,46.3300,-79.4900,48,12.9203,8
46.50_-79.50,46.3300,-79.4900,49,12.8281,8
46.50_-79.50,46.3300,-79.4900,50,12.7295,8
46.50_-79.50,46.3300,-79.4900,51,12.6221,8
46.50_-79.50,46.3300,-79.4900,52,12.5257,8
46.50_-79.50,46.3300,-79.4900,53,12.4257,8
46.50_-79.50,46.3300,-79.4900,54,12.3028,8
46.50_-79.50,46.3300,-79.4900,55,12.1918,8
46.50_-79.50,46.3300,-79.4900,56,12.0701,8
46.50_-79.50,46.3300,-79.4900,57,11.9450,8
46.50_-79.50,46.3300,-79.4900,58,11.8254,8
46.50_-79.50,46.3300,-79.4900,59,11.7059,8
46.50_-79.50,46.3300,-79.4900,60,11.5885,8
46.50_-79.50,46.3300,-79.4900,61,11.4758,8
46.50_-79.50,46.3300,-79.4900,62,11.3381,8
46.50_-79.50,46.3300,-79.4900,63,11.2012,8
46.50_-79.50,46.3300,-79.4900,64,11.0760,8
46.50_-79.50,46.3300,-79.4900,65,10.9696,8
46.50_-79.50,46.3300,-79.4900,66,10.9032,8
46.50_-79.50,46.3300,-79.4900,67,10.8233,8
46.50_-79.50,46.3300,-79.4900,68,10.7294,8
46.50_-79.50,46.3300,-79.4900,69,10.6049,8
46.50_-79.50,46.3300,-79.4900,70,10.4902,8
46.50_-79.50,46.3300,-79.4900,71,10.3882,8
46.50_-79.50,46.3300,-79.4900,72,10.2627,8
46.50_-79.50,46.3300,-79.4900,73,10.1271,8
46.50_-79.50,46.3300,-79.4900,74,9.9726,8
46.50_-79.50,46.3300,-79.4900,75,9.8167,8
46.50_-79.50,46.3300,-79.4900,76,9.6781,8
46.50_-79.50,46.3300,-79.4900,77,9.5346,8
46.50_-79.50,46.3300,-79.4900,78,9.3913,8
46.50_-79.50,46.3300,-79.4900,79,9.2486,8
46.50_-79.50,46.3300,-79.4900,80,9.1184,8
46.50_-79.50,46.3300,-79.4900,81,8.9883,8
46.50_-79.50,46.3300,-79.4900,82,8.8619,8
46.50_-79.50,46.3300,-79.4900,83,8.7203,8
46.50_-79.50,46.3300,-79.4900,84,8.5975,8
46.50_-79.50,46.3300,-79.4900,85,8.4826,8
46.50_-79.50,46.3300,-79.4900,86,8.3946,8
46.50_-79.50,46.3300,-79.4900,87,8.3059,8
46.50_-79.50,46.3300,-79.4900,88,8.1986,8
46.50_-79.50,46.3300,-79.4900,89,8.0656,8
46.50_-79.50,46.3300,-79.4900,90,7.9424,8
46.50_-79.50,46.3300,-79.4900,91,7.8331,8
47.50_-67.50,47.1500,-67.9000,0,,0
47.50_-67.50,47.1500,-67.9000,1,15.7375,8
47.50_-67.50,47.1500,-67.9000,2,15.6062,8
47.50_-67.50,47.1500,-67.9000,3,15.8417,8
47.50_-67.50,47.1500,-67.9000,4,15.9938,8
47.50_-67.50,47.1500,-67.9000,5,16.0075,8
47.50_-67.50,47.1500,-67.9000,6,16.0146,8
47.50_-67.50,47.1500,-67.9000,7,15.8339,8
47.50_-67.50,47.1500,-67.9000,8,15.6844,8
47.50_-67.50,47.1500,-67.9000,9,15.4681,8
47.50_-67.50,47.1500,-67.9000,10,15.2713,8
47.50_-67.50,47.1500,-67.9000,11,15.1295,8
47.50_-67.50,47.1500,-67.9000,12,15.0823,8
47.50_-67.50,47.1500,-67.9000,13,15.0769,8
47.50_-67.50,47.1500,-67.9000,14,15.0304,8
47.50_-67.50,47.1500,-67.9000,15,14.9633,8
47.50_-67.50,47.1500,-67.9000,16,14.9391,8
47.50_-67.50,47.1500,-67.9000,17,14.9647,8
47.50_-67.50,47.1500,-67.9000,18,14.8979,8
47.50_-67.50,47.1500,-67.9000,19,14.7118,8
47.50_-67.50,47.1500,-67.9000,20,14.5200,8
47.50_-67.50,47.1500,-67.9000,21,14.3661,8
47.50_-67.50,47.1500,-67.9000,22,14.2966,8
47.50_-67.50,47.1500,-67.9000,23,14.2527,8
47.50_-67.50,47.1500,-67.9000,24,14.1437,8
47.50_-67.50,47.1500,-67.9000,25,14.0180,8
47.50_-67.50,47.1500,-67.9000,26,13.9942,8
47.50_-67.50,47.1500,-67.9000,27,13.9444,8
47.50_-67.50,47.1500,-67.9000,28,13.8955,8
47.50_-67.50,47.1500,-67.9000,29,13.8272,8
47.50_-67.50,47.1500,-67.9000,30,13.7125,8
47.50_-67.50,47.1500,-67.9000,31,13.5819,8
47.50_-67.50,47.1500,-67.9000,32,13.4160,8
47.50_-67.50,47.1500,-67.9000,33,13.2985,8
47.50_-67.50,47.1500,-67.9000,34,13.1915,8
47.50_-67.50,47.1500,-67.9000,35,13.0875,8
47.50_-67.50,47.1500,-67.9000,36,13.0347,8
47.50_-67.50,47.1500,-67.9000,37,13.0213,8
47.50_-67.50,47.1500,-67.9000,38,12.9138,8
47.50_-67.50,47.1500,-67.9000,39,12.7625,8
47.50_-67.50,47.1500,-67.9000,40,12.6253,8
47.50_-67.50,47.1500,-67.9000,41,12.5021,8
47.50_-67.50,47.1500,-67.9000,42,12.4030,8
47.50_-67.50,47.1500,-67.9000,43,12.3151,8
47.50_-67.50,47.1500,-67.9000,44,12.2349,8
47.50_-67.50,47.1500,-67.9000,45,12.1722,8
47.50_-67.50,47.1500,-67.9000,46,12.0946,8
47.50_-67.50,47.1500,-67.9000,47,11.9886,8
47.50_-67.50,47.1500,-67.9000,48,11.8734,8
47.50_-67.50,47.1500,-67.9000,49,11.7875,8
47.50_-67.50,47.1500,-67.9000,50,11.7198,8
47.50_-67.50,47.1500,-67.9000,51,11.6517,8
47.50_-67.50,47.1500,-67.9000,52,11.5764,8
47.50_-67.50,47.1500,-67.9000,53,11.4929,8
47.50_-67.50,47.1500,-67.9000,54,11.4030,8
47.50_-67.50,47.1500,-67.9000,55,11.2945,8
47.50_-67.50,47.1500,-67.9000,56,11.1904,8
47.50_-67.50,47.1500,-67.9000,57,11.0721,8
47.50_-67.50,47.1500,-67.9000,58,10.9446,8
47.50_-67.50,47.1500,-67.9000,59,10.8089,8
47.50_-67.50,47.1500,-67.9000,60,10.6846,8
47.50_-67.50,47.1500,-67.9000,61,10.6031,8
47.50_-67.50,47.1500,-67.9000,62,10.5147,8
47.50_-67.50,47.1500,-67.9000,63,10.3802,8
47.50_-67.50,47.1500,-67.9000,64,10.2404,8
47.50_-67.50,47.1500,-67.9000,65,10.1208,8
47.50_-67.50,47.1500,-67.9000,66,10.0237,8
47.50_-67.50,47.1500,-67.9000,67,9.9547,8
47.50_-67.50,47.1500,-67.9000,68,9.8695,8
47.50_-67.50,47.1500,-67.9000,69,9.7592,8
47.50_-67.50,47.1500,-67.9000,70,9.6343,8
47.50_-67.50,47.1500,-67.9000,71,9.5454,8
47.50_-67.50,47.1500,-67.9000,72,9.4460,8
47.50_-67.50,47.1500,-67.9000,73,9.3147,8
47.50_-67.50,47.1500,-67.9000,74,9.1696,8
47.50_-67.50,47.1500,-67.9000,75,9.0050,8
47.50_-67.50,47.1500,-67.9000,76,8.8513,8
47.50_-67.50,47.1500,-67.9000,77,8.7057,8
47.50_-67.50,47.1500,-67.9000,78,8.5662,8
47.50_-67.50,47.1500,-67.9000,79,8.4153,8
47.50_-67.50,47.1500,-67.9000,80,8.2722,8
47.50_-67.50,47.1500,-67.9000,81,8.1472,8
47.50_-67.50,47.1500,-67.9000,82,8.0137,8
47.50_-67.50,47.1500,-67.9000,83,7.8887,8
47.50_-67.50,47.1500,-67.9000,84,7.7555,8
47.50_-67.50,47.1500,-67.9000,85,7.6078,8
47.50_-67.50,47.1500,-67.9000,86,7.4792,8
47.50_-67.50,47.1500,-67.9000,87,7.3806,8
47.50_-67.50,47.1500,-67.9000,88,7.2972,8
47.50_-67.50,47.1500,-67.9000,89,7.2004,8
47.50_-67.50,47.1500,-67.9000,90,7.0704,8
47.50_-67.50,47.1500,-67.9000,91,6.9416,8
47.50_-68.50,47.2100,-68.5900,0,,0
47.50_-68.50,47.2100,-68.5900,1,15.7500,8
47.50_-68.50,47.2100,-68.5900,2,15.7125,8
47.50_-68.50,47.2100,-68.5900,3,15.9750,8
47.50_-68.50,47.2100,-68.5900,4,16.1250,8
47.50_-68.50,47.2100,-68.5900,5,16.1175,8
47.50_-68.50,47.2100,-68.5900,6,16.0646,8
47.50_-68.50,47.2100,-68.5900,7,15.8875,8
47.50_-68.50,47.2100,-68.5900,8,15.7156,8
47.50_-68.50,47.2100,-68.5900,9,15.4611,8
47.50_-68.50,47.2100,-68.5900,10,15.2288,8
47.50_-68.50,47.2100,-68.5900,11,15.0818,8
47.50_-68.50,47.2100,-68.5900,12,15.0500,8
47.50_-68.50,47.2100,-68.5900,13,15.0654,8
47.50_-68.50,47.2100,-68.5900,14,15.0116,8
47.50_-68.50,47.2100,-68.5900,15,14.9542,8
47.50_-68.50,47.2100,-68.5900,16,14.9297,8
47.50_-68.50,47.2100,-68.5900,17,14.9610,8
47.50_-68.50,47.2100,-68.5900,18,14.8972,8
47.50_-68.50,47.2100,-68.5900,19,14.6987,8
47.50_-68.50,47.2100,-68.5900,20,14.5188,8
47.50_-68.50,47.2100,-68.5900,21,14.3738,8
47.50_-68.50,47.2100,-68.5900,22,14.3244,8
47.50_-68.50,47.2100,-68.5900,23,14.2875,8
47.50_-68.50,47.2100,-68.5900,24,14.1661,8
47.50_-68.50,47.2100,-68.5900,25,14.0365,8
47.50_-68.50,47.2100,-68.5900,26,13.9986,8
47.50_-68.50,47.2100,-68.5900,27,13.9514,8
47.50_-68.50,47.2100,-68.5900,28,13.9022,8
47.50_-68.50,47.2100,-68.5900,29,13.8336,8
47.50_-68.50,47.2100,-68.5900,30,13.7167,8
47.50_-68.50,47.2100,-68.5900,31,13.5827,8
47.50_-68.50,47.2100,-68.5900,32,13.4129,8
47.50_-68.50,47.2100,-68.5900,33,13.3019,8
47.50_-68.50,47.2100,-68.5900,34,13.2033,8
47.50_-68.50,47.2100,-68.5900,35,13.1118,8
47.50_-68.50,47.2100,-68.5900,36,13.0736,8
47.50_-68.50,47.2100,-68.5900,37,13.0551,8
47.50_-68.50,47.2100,-68.5900,38,12.9375,8
47.50_-68.50,47.2100,-68.5900,39,12.7885,8
47.50_-68.50,47.2100,-68.5900,40,12.6516,8
47.50_-68.50,47.2100,-68.5900,41,12.5274,8
47.50_-68.50,47.2100,-68.5900,42,12.4333,8
47.50_-68.50,47.2100,-68.5900,43,12.3407,8
47.50_-68.50,47.2100,-68.5900,44,12.2511,8
47.50_-68.50,47.2100,-68.5900,45,12.1786,8
47.50_-68.50,47.2100,-68.5900,46,12.0861,8
47.50_-68.50,47.2100,-68.5900,47,11.9705,8
47.50_-68.50,47.2100,-68.5900,48,11.8542,8
47.50_-68.50,47.2100,-68.5900,49,11.7696,8
47.50_-68.50,47.2100,-68.5900,50,11.6985,8
47.50_-68.50,47.2100,-68.5900,51,11.6243,8
47.50_-68.50,47.2100,-68.5900,52,11.5476,8
47.50_-68.50,47.2100,-68.5900,53,11.4625,8
47.50_-68.50,47.2100,-68.5900,54,11.3688,8
47.50_-68.50,47.2100,-68.5900,55,11.2568,8
47.50_-68.50,47.2100,-68.5900,56,11.1493,8
47.50_-68.50,47.2100,-68.5900,57,11.0248,8
47.50_-68.50,47.2100,-68.5900,58,10.8877,8
47.50_-68.50,47.2100,-68.5900,59,10.7502,8
47.50_-68.50,47.2100,-68.5900,60,10.6242,8
47.50_-68.50,47.2100,-68.5900,61,10.5426,8
47.50_-68.50,47.2100,-68.5900,62,10.4456,8
47.50_-68.50,47.2100,-68.5900,63,10.3060,8
47.50_-68.50,47.2100,-68.5900,64,10.1705,8
47.50_-68.50,47.2100,-68.5900,65,10.0523,8
47.50_-68.50,47.2100,-68.5900,66,9.9568,8
47.50_-68.50,47.2100,-68.5900,67,9.8925,8
47.50_-68.50,47.2100,-68.5900,68,9.8074,8
47.50_-68.50,47.2100,-68.5900,69,9.6960,8
47.50_-68.50,47.2100,-68.5900,70,9.5711,8
47.50_-68.50,47.2100,-68.5900,71,9.4864,8
47.50_-68.50,47.2100,-68.5900,72,9.3866,8
47.50_-68.50,47.2100,-68.5900,73,9.2486,8
47.50_-68.50,47.2100,-68.5900,74,9.1029,8
47.50_-68.50,47.2100,-68.5900,75,8.9367,8
47.50_-68.50,47.2100,-68.5900,76,8.7766,8
47.50_-68.50,47.2100,-68.5900,77,8.6265,8
47.50_-68.50,47.2100,-68.5900,78,8.4862,8
47.50_-68.50,47.2100,-68.5900,79,8.3299,8
47.50_-68.50,47.2100,-68.5900,80,8.1856,8
47.50_-68.50,47.2100,-68.5900,81,8.0554,8
47.50_-68.50,47.2100,-68.5900,82,7.9215,8
47.50_-68.50,47.2100,-68.5900,83,7.7905,8
47.50_-68.50,47.2100,-68.5900,84,7.6515,8
47.50_-68.50,47.2100,-68.5900,85,7.5024,8
47.50_-68.50,47.2100,-68.5900,86,7.3750,8
47.50_-68.50,47.2100,-68.5900,87,7.2789,8
47.50_-68.50,47.2100,-68.5900,88,7.1970,8
47.50_-68.50,47.2100,-68.5900,89,7.0949,8
47.50_-68.50,47.2100,-68.5900,90,6.9583,8
47.50_-68.50,47.2100,-68.5900,91,6.8271,8
47.50_-70.50,47.3400,-70.0300,0,,0
47.50_-70.50,47.3400,-70.0300,1,16.7875,8
47.50_-70.50,47.3400,-70.0300,2,16.9188,8
47.50_-70.50,47.3400,-70.0300,3,17.1833,8
47.50_-70.50,47.3400,-70.0300,4,17.3094,8
47.50_-70.50,47.3400,-70.0300,5,17.2375,8
47.50_-70.50,47.3400,-70.0300,6,17.0625,8
47.50_-70.50,47.3400,-70.0300,7,16.9214,8
47.50_-70.50,47.3400,-70.0300,8,16.6844,8
47.50_-70.50,47.3400,-70.0300,9,16.4000,8
47.50_-70.50,47.3400,-70.0300,10,16.1387,8
47.50_-70.50,47.3400,-70.0300,11,15.9909,8
47.50_-70.50,47.3400,-70.0300,12,15.9521,8
47.50_-70.50,47.3400,-70.0300,13,15.9779,8
47.50_-70.50,47.3400,-70.0300,14,15.9304,8
47.50_-70.50,47.3400,-70.0300,15,15.8833,8
47.50_-70.50,47.3400,-70.0300,16,15.8383,8
47.50_-70.50,47.3400,-70.0300,17,15.8676,8
47.50_-70.50,47.3400,-70.0300,18,15.7611,8
47.50_-70.50,47.3400,-70.0300,19,15.5257,8
47.50_-70.50,47.3400,-70.0300,20,15.3538,8
47.50_-70.50,47.3400,-70.0300,21,15.2256,8
47.50_-70.50,47.3400,-70.0300,22,15.1994,8
47.50_-70.50,47.3400,-70.0300,23,15.1174,8
47.50_-70.50,47.3400,-70.0300,24,14.9755,8
47.50_-70.50,47.3400,-70.0300,25,14.8360,8
47.50_-70.50,47.3400,-70.0300,26,14.7832,8
47.50_-70.50,47.3400,-70.0300,27,14.7315,8
47.50_-70.50,47.3400,-70.0300,28,14.6844,8
47.50_-70.50,47.3400,-70.0300,29,14.6108,8
47.50_-70.50,47.3400,-70.0300,30,14.4921,8
47.50_-70.50,47.3400,-70.0300,31,14.3544,8
47.50_-70.50,47.3400,-70.0300,32,14.1934,8
47.50_-70.50,47.3400,-70.0300,33,14.0830,8
47.50_-70.50,47.3400,-70.0300,34,13.9864,8
47.50_-70.50,47.3400,-70.0300,35,13.8996,8
47.50_-70.50,47.3400,-70.0300,36,13.8806,8
47.50_-70.50,47.3400,-70.0300,37,13.8676,8
47.50_-70.50,47.3400,-70.0300,38,13.7385,8
47.50_-70.50,47.3400,-70.0300,39,13.6035,8
47.50_-70.50,47.3400,-70.0300,40,13.4700,8
47.50_-70.50,47.3400,-70.0300,41,13.3500,8
47.50_-70.50,47.3400,-70.0300,42,13.2479,8
47.50_-70.50,47.3400,-70.0300,43,13.1535,8
47.50_-70.50,47.3400,-70.0300,44,13.0668,8
47.50_-70.50,47.3400,-70.0300,45,12.9886,8
47.50_-70.50,47.3400,-70.0300,46,12.9008,8
47.50_-70.50,47.3400,-70.0300,47,12.7771,8
47.50_-70.50,47.3400,-70.0300,48,12.6604,8
47.50_-70.50,47.3400,-70.0300,49,12.5804,8
47.50_-70.50,47.3400,-70.0300,50,12.5117,8
47.50_-70.50,47.3400,-70.0300,51,12.4326,8
47.50_-70.50,47.3400,-70.0300,52,12.3599,8
47.50_-70.50,47.3400,-70.0300,53,12.2833,8
47.50_-70.50,47.3400,-70.0300,54,12.1910,8
47.50_-70.50,47.3400,-70.0300,55,12.0823,8
47.50_-70.50,47.3400,-70.0300,56,11.9795,8
47.50_-70.50,47.3400,-70.0300,57,11.8467,8
47.50_-70.50,47.3400,-70.0300,58,11.7078,8
47.50_-70.50,47.3400,-70.0300,59,11.5733,8
47.50_-70.50,47.3400,-70.0300,60,11.4552,8
47.50_-70.50,47.3400,-70.0300,61,11.3543,8
47.50_-70.50,47.3400,-70.0300,62,11.2472,8
47.50_-70.50,47.3400,-70.0300,63,11.1113,8
47.50_-70.50,47.3400,-70.0300,64,10.9793,8
47.50_-70.50,47.3400,-70.0300,65,10.8650,8
47.50_-70.50,47.3400,-70.0300,66,10.7805,8
47.50_-70.50,47.3400,-70.0300,67,10.7170,8
47.50_-70.50,47.3400,-70.0300,68,10.6362,8
47.50_-70.50,47.3400,-70.0300,69,10.5283,8
47.50_-70.50,47.3400,-70.0300,70,10.4063,8
47.50_-70.50,47.3400,-70.0300,71,10.3185,8
47.50_-70.50,47.3400,-70.0300,72,10.2115,8
47.50_-70.50,47.3400,-70.0300,73,10.0717,8
47.50_-70.50,47.3400,-70.0300,74,9.9301,8
47.50_-70.50,47.3400,-70.0300,75,9.7647,8
47.50_-70.50,47.3400,-70.0300,76,9.6095,8
47.50_-70.50,47.3400,-70.0300,77,9.4610,8
47.50_-70.50,47.3400,-70.0300,78,9.3274,8
47.50_-70.50,47.3400,-70.0300,79,9.1824,8
47.50_-70.50,47.3400,-70.0300,80,9.0456,8
47.50_-70.50,47.3400,-70.0300,81,8.9127,8
47.50_-70.50,47.3400,-70.0300,82,8.7779,8
47.50_-70.50,47.3400,-70.0300,83,8.6527,8
47.50_-70.50,47.3400,-70.0300,84,8.5132,8
47.50_-70.50,47.3400,-70.0300,85,8.3729,8
47.50_-70.50,47.3400,-70.0300,86,8.2536,8
47.50_-70.50,47.3400,-70.0300,87,8.1606,8
47.50_-70.50,47.3400,-70.0300,88,8.0759,8
47.50_-70.50,47.3400,-70.0300,89,7.9695,8
47.50_-70.50,47.3400,-70.0300,90,7.8347,8
47.50_-70.50,47.3400,-70.0300,91,7.7125,8
47.50_-79.50,47.2500,-79.5600,0,,0
47.50_-79.50,47.2500,-79.5600,1,16.8375,8
47.50_-79.50,47.2500,-79.5600,2,16.9750,8
47.50_-79.50,47.2500,-79.5600,3,16.9375,8
47.50_-79.50,47.2500,-79.5600,4,16.6812,8
47.50_-79.50,47.2500,-79.5600,5,16.6500,8
47.50_-79.50,47.2500,-79.5600,6,16.4167,8
47.50_-79.50,47.2500,-79.5600,7,16.0250,8
47.50_-79.50,47.2500,-79.5600,8,15.5203,8
47.50_-79.50,47.2500,-79.5600,9,15.3083,8
47.50_-79.50,47.2500,-79.5600,10,15.2113,8
47.50_-79.50,47.2500,-79.5600,11,15.1648,8
47.50_-79.50,47.2500,-79.5600,12,15.1396,8
47.50_-79.50,47.2500,-79.5600,13,15.1683,8
47.50_-79.50,47.2500,-79.5600,14,15.1232,8
47.50_-79.50,47.2500,-79.5600,15,15.0833,8
47.50_-79.50,47.2500,-79.5600,16,15.1430,8
47.50_-79.50,47.2500,-79.5600,17,15.2140,8
47.50_-79.50,47.2500,-79.5600,18,15.1174,8
47.50_-79.50,47.2500,-79.5600,19,15.0118,8
47.50_-79.50,47.2500,-79.5600,20,14.9819,8
47.50_-79.50,47.2500,-79.5600,21,15.0304,8
47.50_-79.50,47.2500,-79.5600,22,14.9807,8
47.50_-79.50,47.2500,-79.5600,23,14.8609,8
47.50_-79.50,47.2500,-79.5600,24,14.7719,8
47.50_-79.50,47.2500,-79.5600,25,14.7335,8
47.50_-79.50,47.2500,-79.5600,26,14.6851,8
47.50_-79.50,47.2500,-79.5600,27,14.6255,8
47.50_-79.50,47.2500,-79.5600,28,14.5464,8
47.50_-79.50,47.2500,-79.5600,29,14.4543,8
47.50_-79.50,47.2500,-79.5600,30,14.3471,8
47.50_-79.50,47.2500,-79.5600,31,14.2496,8
47.50_-79.50,47.2500,-79.5600,32,14.1352,8
47.50_-79.50,47.2500,-79.5600,33,14.0629,8
47.50_-79.50,47.2500,-79.5600,34,14.0132,8
47.50_-79.50,47.2500,-79.5600,35,13.9589,8
47.50_-79.50,47.2500,-79.5600,36,13.9090,8
47.50_-79.50,47.2500,-79.5600,37,13.7787,8
47.50_-79.50,47.2500,-79.5600,38,13.6135,8
47.50_-79.50,47.2500,-79.5600,39,13.4804,8
47.50_-79.50,47.2500,-79.5600,40,13.3666,8
47.50_-79.50,47.2500,-79.5600,41,13.2966,8
47.50_-79.50,47.2500,-79.5600,42,13.2131,8
47.50_-79.50,47.2500,-79.5600,43,13.1209,8
47.50_-79.50,47.2500,-79.5600,44,13.0148,8
47.50_-79.50,47.2500,-79.5600,45,12.8947,8
47.50_-79.50,47.2500,-79.5600,46,12.7457,8
47.50_-79.50,47.2500,-79.5600,47,12.5894,8
47.50_-79.50,47.2500,-79.5600,48,12.4628,8
47.50_-79.50,47.2500,-79.5600,49,12.3829,8
47.50_-79.50,47.2500,-79.5600,50,12.2798,8
47.50_-79.50,47.2500,-79.5600,51,12.1635,8
47.50_-79.50,47.2500,-79.5600,52,12.0663,8
47.50_-79.50,47.2500,-79.5600,53,11.9618,8
47.50_-79.50,47.2500,-79.5600,54,11.8412,8
47.50_-79.50,47.2500,-79.5600,55,11.7318,8
47.50_-79.50,47.2500,-79.5600,56,11.6020,8
47.50_-79.50,47.2500,-79.5600,57,11.4748,8
47.50_-79.50,47.2500,-79.5600,58,11.3489,8
47.50_-79.50,47.2500,-79.5600,59,11.2214,8
47.50_-79.50,47.2500,-79.5600,60,11.1069,8
47.50_-79.50,47.2500,-79.5600,61,10.9906,8
47.50_-79.50,47.2500,-79.5600,62,10.8516,8
47.50_-79.50,47.2500,-79.5600,63,10.7095,8
47.50_-79.50,47.2500,-79.5600,64,10.5842,8
47.50_-79.50,47.2500,-79.5600,65,10.4840,8
47.50_-79.50,47.2500,-79.5600,66,10.4085,8
47.50_-79.50,47.2500,-79.5600,67,10.3209,8
47.50_-79.50,47.2500,-79.5600,68,10.2222,8
47.50_-79.50,47.2500,-79.5600,69,10.0969,8
47.50_-79.50,47.2500,-79.5600,70,9.9832,8
47.50_-79.50,47.2500,-79.5600,71,9.8746,8
47.50_-79.50,47.2500,-79.5600,72,9.7403,8
47.50_-79.50,47.2500,-79.5600,73,9.5997,8
47.50_-79.50,47.2500,-79.5600,74,9.4470,8
47.50_-79.50,47.2500,-79.5600,75,9.2997,8
47.50_-79.50,47.2500,-79.5600,76,9.1655,8
47.50_-79.50,47.2500,-79.5600,77,9.0253,8
47.50_-79.50,47.2500,-79.5600,78,8.8808,8
47.50_-79.50,47.2500,-79.5600,79,8.7454,8
47.50_-79.50,47.2500,-79.5600,80,8.6211,8
47.50_-79.50,47.2500,-79.5600,81,8.4934,8
47.50_-79.50,47.2500,-79.5600,82,8.3700,8
47.50_-79.50,47.2500,-79.5600,83,8.2315,8
47.50_-79.50,47.2500,-79.5600,84,8.1115,8
47.50_-79.50,47.2500,-79.5600,85,7.9987,8
47.50_-79.50,47.2500,-79.5600,86,7.9105,8
47.50_-79.50,47.2500,-79.5600,87,7.8164,8
47.50_-79.50,47.2500,-79.5600,88,7.7044,8
47.50_-79.50,47.2500,-79.5600,89,7.5718,8
47.50_-79.50,47.2500,-79.5600,90,7.4512,8
47.50_-79.50,47.2500,-79.5600,91,7.3408,8
