obs_id,observed_on,lat,lon,taxon_id,label,quality_grade,captive,license_code
17571703,2018-09-04,47.403,-79.595,48098,green,research,False,cc-by-nc
16285661,2018-09-07,40.518,-74.439,48098,green,research,False,cc-by-nc
16302547,2018-09-07,40.792,-77.859,54763,green,research,False,cc0
16335193,2018-09-08,41.29,-72.718,49005,green,research,False,cc-by-nc
17322146,2018-09-09,39.905,-79.467,52543,green,research,False,cc-by
16535938,2018-09-14,38.875,-77.345,48098,green,needs_id,False,cc-by-nc
16629563,2018-09-15,42.698,-77.931,48098,green,research,False,cc-by-nc
17098510,2018-09-16,42.421,-78.887,52543,green,research,False,cc-by-nc
17254750,2018-09-16,39.89,-75.26,54802,green,needs_id,False,cc-by
16686609,2018-09-19,40.99,-74.288,54763,green,research,False,cc-by-nc
16686653,2018-09-19,40.99,-74.288,48098,green,research,False,cc-by-nc
16688147,2018-09-19,40.99,-74.288,52543,green,research,False,cc-by-nc
16690847,2018-09-19,40.99,-74.288,54763,green,needs_id,False,cc-by-nc
16871858,2018-09-24,41.038,-74.546,52543,green,needs_id,False,cc-by-nc
16947594,2018-09-26,42.37,-71.257,54763,green,research,False,cc-by-nc
17010773,2018-09-28,40.881,-74.229,52543,green,research,False,cc-by-nc
17072026,2018-09-30,45.947,-72.533,52543,green,research,False,cc-by-nc
17112646,2018-09-30,45.946,-72.533,49202,green,research,False,cc-by-nc
17101673,2018-10-01,42.218,-71.218,48098,green,needs_id,False,cc-by-nc
17174753,2018-10-03,45.514,-75.344,52543,green,research,False,cc-by-nc
260032821,2018-10-03,43.774,-71.475,48098,colored,research,False,cc-by-nc
17279263,2018-10-04,45.438,-76.029,52543,green,research,False,cc-by-nc
28430864,2018-10-04,42.44,-71.056,49005,green,needs_id,False,cc-by-nc
341195126,2018-10-04,44.101,-71.695,52543,colored,needs_id,False,cc-by-nc
17248458,2018-10-06,40.712,-73.799,49202,green,research,False,cc-by-nc
48083350,2018-10-07,44.005,-71.586,48098,colored,needs_id,False,cc-by
342375494,2018-10-07,42.253,-71.338,48098,colored,needs_id,False,cc-by-nc-sa
17321495,2018-10-08,44.015,-73.152,52543,colored,research,False,cc0
17334921,2018-10-08,40.646,-73.728,54763,green,research,False,cc-by-nc
21275451,2018-10-08,45.312,-75.738,52543,green,research,False,cc-by-nc
18023499,2018-10-10,44.865,-68.741,49005,colored,research,False,cc-by-nc
17488555,2018-10-13,45.459,-75.635,52543,colored,research,False,cc-by-nc
17735329,2018-10-13,45.461,-76.279,52543,colored,research,False,cc-by-nc
21276786,2018-10-13,45.453,-75.536,52543,green,research,False,cc-by-nc
36452404,2018-10-13,46.688,-71.306,48098,colored,research,False,cc-by-nc
17538299,2018-10-14,42.472,-70.919,48098,green,research,False,cc-by-nc
17629990,2018-10-18,45.389,-75.739,52543,green,research,False,cc-by-nc
17646721,2018-10-19,40.767,-73.976,54763,green,research,False,cc-by-nc
17796240,2018-10-19,38.987,-76.93,48098,green,research,False,cc-by-nc
17721527,2018-10-20,38.949,-77.38,49658,green,research,False,cc-by-nc
21074331,2018-10-20,45.37,-75.797,52543,colored,research,False,cc-by-nc
91430611,2018-10-23,44.372,-68.244,48098,colored,research,False,cc-by-nc-sa
18288964,2018-10-25,39.801,-79.196,48098,colored,research,False,cc0
290550128,2018-10-28,42.28,-71.234,48098,colored,needs_id,False,cc-by-nc
17937510,2018-10-29,40.899,-73.914,54763,green,research,False,cc0
18022994,2018-10-29,44.804,-68.775,49202,colored,research,False,cc-by-nc
86277197,2018-10-29,40.651,-73.991,49658,colored,research,False,cc-by-nc
18077140,2018-10-30,42.086,-78.432,52543,colored,research,False,cc-by-nc
18016863,2018-11-01,40.774,-74.43,54763,green,research,False,cc-by-nc
21383671,2018-11-02,44.246,-72.568,52543,colored,research,False,cc-by-nc
18907687,2018-11-03,40.732,-74.281,52543,colored,research,False,cc-by-nc
18267855,2018-11-08,43.851,-72.737,49202,bare,research,False,cc0
18316213,2018-11-10,40.688,-73.887,54763,colored,research,False,cc0
31926668,2019-09-01,41.333,-73.665,52543,green,research,False,cc-by-nc
31931106,2019-09-01,42.256,-71.338,48098,green,needs_id,False,cc-by-nc
31933771,2019-09-01,42.205,-73.358,54763,green,research,False,cc-by-nc
31936331,2019-09-01,44.14,-72.481,49202,green,research,False,cc0
31940642,2019-09-01,40.914,-73.933,52543,green,research,False,cc-by-nc
31949049,2019-09-01,40.919,-73.931,54763,green,research,False,cc-by-nc
31953579,2019-09-01,41.566,-72.313,48098,green,needs_id,False,cc-by-nc
32064784,2019-09-03,42.342,-71.196,54763,green,research,False,cc-by-nc
367629876,2019-09-03,44.534,-76.029,49005,green,research,False,cc-by-nc
32125633,2019-09-04,43.109,-77.64,49202,green,research,False,cc-by-nc
32144421,2019-09-04,43.543,-80.214,49202,bare,research,False,cc-by-nc
32219070,2019-09-04,44.887,-69.274,52543,green,research,False,cc-by-nc
33525418,2019-09-05,43.032,-76.133,54763,green,research,False,cc-by-nc
367945136,2019-09-05,44.528,-76.032,49005,green,needs_id,False,cc-by-nc
32229801,2019-09-06,42.043,-70.72,54763,green,research,False,cc-by-nc
32272622,2019-09-07,42.316,-71.106,54763,green,research,False,cc-by-nc
32292432,2019-09-07,45.421,-75.668,52543,green,research,False,cc-by-nc
32299126,2019-09-07,42.295,-71.618,48098,green,research,False,cc-by-nc-sa
32359551,2019-09-07,42.431,-71.49,54763,green,research,False,cc-by-nc-nd
42119480,2019-09-07,45.348,-75.667,52543,green,research,False,cc-by-nc
32346208,2019-09-08,44.418,-72.941,48098,green,research,False,cc-by-nc
32350843,2019-09-08,43.442,-73.299,49005,green,research,False,cc-by-nc
32360533,2019-09-08,39.8,-74.94,48098,green,research,False,cc-by-nc
32361128,2019-09-08,39.8,-74.94,48098,green,research,False,cc-by-nc
32361328,2019-09-08,39.8,-74.94,54802,green,research,False,cc-by-nc
32412013,2019-09-09,43.179,-70.891,49005,green,research,False,cc-by-nc
32430500,2019-09-09,40.795,-73.957,48098,green,research,False,cc-by-nc
37870353,2019-09-09,44.235,-72.518,48098,colored,research,False,cc-by-nc
32485397,2019-09-10,42.269,-71.847,54763,green,research,False,cc-by-nc
32485419,2019-09-10,42.269,-71.847,54763,green,research,False,cc-by-nc
32485422,2019-09-10,42.269,-71.847,54763,green,research,False,cc-by-nc
32485450,2019-09-10,42.269,-71.848,54763,green,research,False,cc-by-nc
32491946,2019-09-10,42.296,-71.079,54763,green,research,False,cc-by-nc
32533528,2019-09-10,42.112,-71.219,52543,green,research,False,cc-by
32550085,2019-09-11,42.434,-71.05,54763,green,research,False,cc-by-nc
32568928,2019-09-11,39.001,-77.086,48098,green,research,False,cc0
32582949,2019-09-12,38.94,-74.962,48098,green,research,False,cc-by-nc
32596052,2019-09-12,42.085,-70.872,54763,green,research,False,cc-by-nc
32618223,2019-09-12,42.338,-71.098,54763,green,research,False,cc-by-nc
32647040,2019-09-13,42.4,-71.335,54763,green,research,False,cc-by-nc
172773909,2019-09-13,42.32,-72.649,54763,green,research,False,cc-by
32725820,2019-09-14,40.476,-74.608,48098,green,research,False,cc-by-nc
33043931,2019-09-14,43.237,-72.097,48098,colored,research,False,cc-by
45368701,2019-09-14,41.784,-69.985,54763,green,research,False,cc-by-nc
32780653,2019-09-15,40.667,-77.911,49202,green,research,False,cc-by-nc
32787683,2019-09-15,45.421,-75.668,52543,green,research,False,cc-by-nc
32789713,2019-09-15,47.247,-68.592,48098,green,research,False,cc-by-nc
32791769,2019-09-15,42.318,-72.645,54763,green,research,False,cc-by-nc
32798926,2019-09-15,42.341,-71.095,49005,green,needs_id,False,cc-by-nc
32810318,2019-09-15,45.352,-75.814,48098,green,research,False,cc-by-nc
32895563,2019-09-15,42.332,-71.183,54763,green,research,False,cc-by-nc
68870816,2019-09-15,43.795,-70.607,49005,green,needs_id,False,cc-by-nc
32840390,2019-09-16,40.802,-77.868,52543,green,research,False,cc-by-nc
32848465,2019-09-16,40.91,-73.122,48098,green,research,False,cc-by-nc
32867533,2019-09-16,40.663,-74.526,48098,green,research,False,cc-by-nc
32928475,2019-09-16,42.343,-71.196,54763,green,research,False,cc-by-nc
34466903,2019-09-16,43.997,-71.339,52543,colored,research,False,cc-by-nc
32890377,2019-09-17,40.873,-73.924,52543,green,research,False,cc-by-nc
32903160,2019-09-17,44.479,-73.187,54763,green,research,False,cc-by-nc
32911910,2019-09-17,38.985,-76.95,48098,green,research,False,cc-by-nc
32915829,2019-09-17,45.4,-75.756,52543,green,research,False,cc-by
33321325,2019-09-17,44.603,-72.628,48098,colored,research,False,cc-by-nc
33001837,2019-09-19,39.714,-75.916,54795,green,research,False,cc-by-nc
33012186,2019-09-19,40.801,-77.868,52543,green,needs_id,False,cc-by-nc
33023666,2019-09-19,42.29,-71.83,54763,green,research,False,cc-by-nc
33023703,2019-09-19,42.29,-71.828,54763,green,research,False,cc-by-nc
33028658,2019-09-19,42.29,-71.828,54763,green,research,False,cc-by-nc
33078211,2019-09-19,44.413,-72.995,48098,colored,research,False,cc-by-nc
33727379,2019-09-20,44.424,-73.053,49202,green,research,False,cc-by-nc
255451376,2019-09-20,47.15,-67.899,52543,colored,research,False,cc-by-nc
33122850,2019-09-21,42.133,-71.111,54763,green,research,False,cc-by-nc
33128497,2019-09-21,40.711,-74.488,49658,green,research,False,cc-by-nc
33139230,2019-09-21,40.839,-74.51,52543,green,research,False,cc-by-nc
33141914,2019-09-21,45.449,-75.659,52543,colored,research,False,cc-by-nc
33148108,2019-09-21,44.292,-72.27,52543,green,research,False,cc0
33159553,2019-09-21,40.766,-75.984,48098,green,research,False,cc-by-nc
33212179,2019-09-21,40.71,-74.49,48098,green,research,False,cc-by-nc
33217865,2019-09-21,44.89,-72.692,48098,colored,research,False,cc-by-nc
33551406,2019-09-21,40.71,-74.49,48098,green,research,False,cc-by-nc
41923968,2019-09-22,44.269,-73.153,48098,green,research,False,cc-by-nc
255526209,2019-09-22,47.15,-67.899,49202,colored,research,False,cc-by-nc
33379488,2019-09-23,44.601,-72.63,48098,colored,research,False,cc-by-nc
33442642,2019-09-23,45.448,-75.655,52543,colored,research,False,cc-by-nc
33313034,2019-09-24,43.176,-70.889,54763,green,research,False,cc-by-nc
33313124,2019-09-24,43.176,-70.888,49005,green,research,False,cc-by-nc
33313142,2019-09-24,40.952,-73.771,48098,colored,research,False,cc-by-nc
33317077,2019-09-24,40.008,-75.428,49202,green,research,False,cc-by-nc
33330699,2019-09-24,42.352,-71.399,48098,green,research,False,cc-by-nc
33402411,2019-09-25,42.778,-76.089,52543,green,research,False,cc0
33427588,2019-09-26,39.63,-77.67,49005,green,needs_id,False,cc-by-nc
33427648,2019-09-26,39.63,-77.67,54802,colored,needs_id,False,cc-by-nc
33446038,2019-09-26,46.643,-71.424,49005,green,research,False,cc-by-nc
33448625,2019-09-26,45.148,-75.936,52543,colored,research,False,cc-by-nc
33472936,2019-09-27,42.391,-71.114,54763,green,needs_id,False,cc-by-nc
33529505,2019-09-28,41.228,-74.752,54763,green,research,False,cc-by-nc
33541111,2019-09-28,43.046,-71.212,49005,green,needs_id,False,cc-by-nc
33590899,2019-09-28,40.034,-80.243,49658,green,research,False,cc-by-nc
33599437,2019-09-29,42.298,-71.309,54763,green,research,False,cc-by-nc
33599700,2019-09-29,42.298,-71.309,52543,green,research,False,cc-by-nc
33602526,2019-09-29,42.366,-71.264,48098,green,research,False,cc-by-nc
33604831,2019-09-29,42.368,-71.26,54763,green,research,False,cc-by-nc
33605051,2019-09-29,42.297,-71.301,54763,green,research,False,cc-by-nc
33885752,2019-10-01,39.843,-76.321,49202,green,research,False,cc-by-nc
33760287,2019-10-02,42.366,-71.261,54763,green,research,False,cc-by-nc
48423975,2019-10-03,42.657,-70.614,52543,colored,needs_id,False,cc-by-nc
33836373,2019-10-04,38.785,-77.3,49658,green,research,False,cc-by
33911319,2019-10-05,42.229,-71.201,54763,green,research,False,cc-by-nc
33914487,2019-10-05,42.601,-71.352,54763,green,research,False,cc-by-nc
33971716,2019-10-06,42.395,-72.322,52543,green,needs_id,False,cc-by-nc
33987827,2019-10-06,41.654,-70.945,48098,colored,needs_id,False,cc-by-nc
34041674,2019-10-06,42.708,-73.093,48098,colored,research,False,cc-by-nc
34089346,2019-10-06,40.749,-74.003,54795,green,research,False,cc-by-nc
34006930,2019-10-07,42.401,-71.342,54763,green,research,False,cc-by
34062593,2019-10-07,44.932,-70.71,48098,colored,needs_id,False,cc-by-nc
34069415,2019-10-08,42.512,-71.357,48098,green,research,False,cc-by-nc
34084579,2019-10-08,39.099,-77.176,54802,green,needs_id,False,cc-by-nc
34085240,2019-10-08,45.372,-75.793,52543,green,research,False,cc-by-nc
34087733,2019-10-08,42.361,-71.163,54763,green,research,False,cc-by-nc
34101848,2019-10-08,41.211,-73.903,48098,colored,needs_id,False,cc-by-nc
34112775,2019-10-08,45.244,-75.638,52543,colored,research,False,cc-by-nc
102843807,2019-10-08,42.174,-73.295,54763,colored,research,False,cc-by-nc
34122444,2019-10-09,40.873,-73.922,49658,green,research,False,cc-by-nc
34140372,2019-10-09,43.533,-80.228,54763,green,research,False,cc-by-nc
34213502,2019-10-11,45.297,-75.822,52543,colored,research,False,cc-by-nc
40982809,2019-10-11,45.354,-75.397,52543,green,research,False,cc-by-nc
41002412,2019-10-11,45.356,-75.404,48098,colored,research,False,cc-by-nc
265425851,2019-10-11,44.636,-73.05,52543,colored,research,False,cc-by-nc
34251074,2019-10-12,40.974,-75.123,48098,green,research,False,cc-by-nc
34277169,2019-10-12,44.256,-71.254,48098,colored,research,False,cc-by-nc
252454131,2019-10-12,42.115,-74.451,48098,colored,research,False,cc-by-nc
34387479,2019-10-13,44.599,-69.139,49005,colored,research,False,cc-by-nc
34389629,2019-10-13,44.599,-69.139,48098,colored,research,False,cc-by-nc
34736948,2019-10-13,42.416,-71.194,54763,green,research,False,cc-by-nc
34356428,2019-10-14,45.443,-75.652,52543,colored,research,False,cc-by-nc
34356452,2019-10-14,45.443,-75.652,52543,colored,research,False,cc-by-nc
34356473,2019-10-14,45.443,-75.652,52543,colored,research,False,cc-by-nc
34357073,2019-10-14,45.44,-75.654,52543,colored,research,False,cc-by-nc
34381770,2019-10-14,39.023,-76.752,49202,green,needs_id,False,cc-by-nc
34434392,2019-10-14,42.474,-72.331,52543,colored,research,False,cc-by-nc
34412098,2019-10-15,40.186,-74.402,54763,green,research,False,cc-by-nc
34415681,2019-10-15,42.328,-71.179,48098,colored,research,False,cc-by-nc
34415718,2019-10-15,42.328,-71.179,48098,colored,research,False,cc-by-nc
34420156,2019-10-15,40.572,-77.826,48098,green,research,False,cc-by-nc
34432359,2019-10-15,42.48,-70.921,49005,green,research,False,cc0
34762659,2019-10-15,44.318,-72.324,48098,colored,research,False,cc-by-nc
34457469,2019-10-16,42.221,-71.219,49202,green,research,False,cc-by-nc
34463856,2019-10-16,40.76,-73.757,48098,green,research,False,cc-by-nc
34464477,2019-10-16,42.557,-70.843,49202,green,research,False,cc-by-nc
34464494,2019-10-16,42.557,-70.843,54795,colored,research,False,cc-by-nc
34464606,2019-10-16,42.557,-70.843,54795,colored,research,False,cc-by-nc
267919024,2019-10-16,44.431,-73.205,52543,colored,research,False,cc-by-nc
34508648,2019-10-17,42.331,-71.18,54763,green,research,False,cc-by-nc
34510284,2019-10-17,42.344,-71.197,54763,green,research,False,cc-by-nc
34539947,2019-10-18,41.755,-70.719,54763,green,research,False,cc-by-nc
34540328,2019-10-18,41.754,-70.719,48098,colored,research,False,cc-by-nc
34816591,2019-10-18,45.372,-75.795,52543,colored,research,False,cc-by-nc
34588661,2019-10-19,42.473,-72.326,48098,colored,research,False,cc-by-nc
34598176,2019-10-19,44.256,-70.984,52543,colored,research,False,cc-by-nc
34604294,2019-10-19,42.303,-72.519,54763,green,research,False,cc-by-nc
34607635,2019-10-19,45.447,-75.656,52543,colored,research,False,cc-by-nc
34646210,2019-10-19,45.468,-75.818,49005,colored,needs_id,False,cc0
34871093,2019-10-19,44.33,-72.404,49202,colored,research,False,cc-by-nc
38595535,2019-10-19,45.374,-75.287,48098,bare,research,False,cc-by-nc
38873970,2019-10-19,45.38,-75.287,48098,colored,research,False,cc-by-nc
48985931,2019-10-19,38.972,-77.046,48098,colored,research,False,cc0
34701697,2019-10-21,41.922,-70.547,54763,green,research,False,cc0
34798052,2019-10-23,42.32,-71.053,54763,green,research,False,cc-by-nc
34833240,2019-10-24,42.309,-71.275,52543,colored,research,False,cc-by-nc
34870088,2019-10-25,42.45,-71.235,52543,colored,needs_id,False,cc-by-nc
34870199,2019-10-25,40.741,-74.175,49005,green,research,False,cc0
35097388,2019-10-25,44.666,-70.146,54763,colored,research,False,cc-by-nc
35295129,2019-10-25,42.408,-72.719,49005,colored,research,False,cc-by-nc
34931822,2019-10-26,38.946,-77.124,52543,colored,research,False,cc0
146646607,2019-10-26,45.341,-75.769,52543,colored,research,False,cc-by-nc
35007854,2019-10-28,41.038,-74.548,49005,colored,research,False,cc-by-nc
35063341,2019-10-29,40.723,-74.666,54763,green,research,False,cc-by-nc
35108105,2019-10-30,40.721,-74.364,48098,colored,research,False,cc-by-nc
35136576,2019-10-31,40.485,-74.441,54763,green,research,False,cc-by-nc
35621443,2019-11-02,40.592,-74.572,48098,bare,research,False,cc-by-nc
35331339,2019-11-05,41.696,-73.928,54763,colored,research,False,cc-by-nc
35343342,2019-11-05,41.311,-73.659,49202,colored,research,False,cc-by-nc
35576712,2019-11-05,40.96,-74.305,54763,green,research,False,cc-by-nc
35504916,2019-11-06,42.432,-71.138,54763,colored,research,False,cc-by
35746364,2019-11-07,39.043,-80.063,49202,green,research,False,cc-by-nc
35491706,2019-11-09,41.768,-70.033,49202,colored,needs_id,False,cc-by-nc
35532114,2019-11-10,42.345,-71.193,54763,colored,research,False,cc-by-nc
35704097,2019-11-15,42.265,-72.493,54763,colored,research,False,cc-by-nc
49915062,2019-11-16,38.98,-77.046,48098,colored,research,False,cc0
35856868,2019-11-19,42.387,-71.004,54763,green,research,False,cc-by-nc
35985672,2019-11-23,42.312,-71.107,54763,colored,needs_id,False,cc-by-nc
36108729,2019-11-26,40.775,-74.177,54763,colored,research,False,cc-by-nc
36221534,2019-11-27,42.691,-73.134,54763,green,research,False,cc-by-nc
58263530,2020-09-01,42.408,-72.535,54763,green,research,False,cc-by-nc
58297170,2020-09-01,41.232,-73.447,52543,green,research,False,cc-by-nc
58506648,2020-09-01,42.408,-72.535,54763,green,research,False,cc-by-nc
58322342,2020-09-02,45.459,-75.664,52543,green,research,False,cc-by-nc
58353256,2020-09-02,42.477,-73.266,52543,green,research,False,cc-by-nc
58444634,2020-09-03,42.612,-72.654,52543,green,research,False,cc-by-nc
58447562,2020-09-03,43.015,-78.732,54763,green,research,False,cc-by-nc
58590843,2020-09-03,45.398,-75.68,52543,green,research,False,cc-by
60975028,2020-09-03,41.028,-73.766,49005,green,needs_id,False,cc-by-nc
58526094,2020-09-04,38.914,-77.082,49202,green,research,False,cc-by-nc
58649483,2020-09-04,41.688,-72.57,54795,green,research,False,cc-by-nc
59991504,2020-09-04,40.262,-74.375,52543,green,research,False,cc-by-nc
58599587,2020-09-05,41.064,-73.547,49658,green,research,False,cc-by-nc
58626406,2020-09-05,41.182,-75.711,54802,green,needs_id,False,cc-by-nc
58636172,2020-09-05,41.401,-72.935,49202,green,research,False,cc-by-nc
58646407,2020-09-05,42.599,-72.495,49202,green,research,False,cc-by-nc
58715166,2020-09-06,42.432,-71.205,54763,green,research,False,cc0
58716318,2020-09-06,42.434,-71.204,48098,green,research,False,cc0
58716649,2020-09-06,42.434,-71.204,48098,green,needs_id,False,cc0
58718374,2020-09-06,41.348,-79.584,48098,green,research,False,cc-by-nc
58722527,2020-09-06,42.431,-71.205,54763,green,research,False,cc0
58725285,2020-09-06,38.887,-77.134,49658,green,research,False,cc-by-nc
58727019,2020-09-06,40.779,-73.306,48098,green,research,False,cc-by-nc
58730172,2020-09-06,40.672,-73.551,54802,green,research,False,cc-by-nc
58747516,2020-09-06,42.43,-71.206,54763,green,research,False,cc0
58757036,2020-09-06,45.419,-75.667,48098,green,research,False,cc-by-nc
59029905,2020-09-06,41.444,-72.266,54795,green,research,False,cc-by-nc
63925372,2020-09-06,43.498,-72.104,52543,green,research,False,cc-by
242188488,2020-09-06,45.586,-78.511,48098,green,research,False,cc-by-nc
58858805,2020-09-07,42.376,-72.507,52543,green,research,False,cc-by-nc
58864401,2020-09-07,44.135,-73.229,49202,green,research,False,cc-by-nc
58870072,2020-09-07,44.477,-73.186,52543,green,research,False,cc-by-nc
58875562,2020-09-07,42.361,-72.526,54763,green,research,False,cc-by-nc
58989228,2020-09-07,40.6,-75.191,52543,green,research,False,cc-by-nc
58949456,2020-09-08,42.068,-71.025,54763,green,research,False,cc-by-nc
58954853,2020-09-08,42.083,-71.397,49005,green,research,False,cc-by-nc
58983204,2020-09-08,42.293,-71.83,52543,green,research,False,cc-by-nc
58986247,2020-09-08,44.552,-72.946,52543,green,research,False,cc-by
59031063,2020-09-08,41.498,-71.255,49202,green,research,False,cc-by-nc
59372201,2020-09-08,44.312,-72.317,48098,green,research,False,cc-by-nc
59049732,2020-09-09,39.232,-76.078,48098,green,needs_id,False,cc-by-nc
59059302,2020-09-09,43.543,-72.117,52543,green,research,False,cc-by
59571828,2020-09-09,41.305,-73.883,49658,green,research,False,cc-by-nc
60004926,2020-09-09,44.222,-74.171,48098,colored,research,False,cc-by-nc
59132560,2020-09-10,42.372,-72.561,52543,green,needs_id,False,cc-by-nc
59136993,2020-09-10,38.688,-77.397,48098,green,needs_id,False,cc-by-nc
59139043,2020-09-10,45.426,-75.675,54763,green,research,False,cc-by-nc
59144111,2020-09-10,42.313,-71.103,54763,green,needs_id,False,cc-by-nc
59245223,2020-09-10,40.639,-74.411,52543,green,needs_id,False,cc-by-nc
59317582,2020-09-10,42.642,-71.217,48098,green,needs_id,False,cc-by-nc
59210063,2020-09-11,44.512,-72.897,49005,green,research,False,cc-by-nc
59214309,2020-09-11,43.675,-72.808,52543,green,research,False,cc-by-nc
59222326,2020-09-11,42.353,-71.366,48098,green,research,False,cc-by-nc
59244120,2020-09-11,41.971,-74.207,48098,green,research,False,cc-by-nc
59329302,2020-09-12,42.231,-70.844,49202,green,research,False,cc-by-nc
59332728,2020-09-12,42.48,-71.324,48098,green,needs_id,False,cc0
59347824,2020-09-12,42.993,-76.161,54763,green,research,False,cc-by-nc
59347995,2020-09-12,41.158,-80.103,49202,green,research,False,cc-by-nc
59348772,2020-09-12,42.483,-71.296,54763,green,research,False,cc0
59376711,2020-09-12,45.511,-75.328,52543,colored,research,False,cc-by-nc
59379117,2020-09-12,42.148,-71.121,52543,green,research,False,cc-by-nc
59540641,2020-09-12,43.118,-71.999,49202,green,research,False,cc-by
59438273,2020-09-13,40.845,-73.879,48098,green,needs_id,False,cc-by-nc
59438416,2020-09-13,40.846,-73.88,48098,green,needs_id,False,cc-by-nc
59461355,2020-09-13,42.397,-71.152,48098,green,needs_id,False,cc0
59485836,2020-09-13,41.436,-72.675,49202,green,research,False,cc-by-nc
59541336,2020-09-13,42.546,-72.376,49202,green,research,False,cc-by-nc
59907358,2020-09-13,42.611,-72.655,52543,green,research,False,cc-by-nc
65768606,2020-09-13,43.5,-72.11,52543,green,research,False,cc-by
65768622,2020-09-13,43.5,-72.109,52543,green,research,False,cc-by
65771724,2020-09-13,43.496,-72.108,52543,green,research,False,cc-by
65856505,2020-09-13,43.496,-72.108,52543,green,research,False,cc-by
59566979,2020-09-14,40.777,-74.592,54763,green,research,False,cc-by-nc
59602176,2020-09-14,47.397,-79.693,52543,colored,research,False,cc-by-nc
59642920,2020-09-14,42.417,-72.52,52543,green,research,False,cc-by-nc
62845299,2020-09-14,43.768,-70.208,49005,green,research,False,cc-by-nc
334878628,2020-09-14,43.873,-79.235,52543,colored,research,False,cc-by-nc
334878633,2020-09-14,43.873,-79.235,52543,colored,research,False,cc-by-nc
59701091,2020-09-15,38.914,-77.06,49202,green,research,False,cc-by-nc
59724429,2020-09-15,45.327,-75.922,52543,green,research,False,cc-by-nc
59812112,2020-09-15,44.344,-72.951,52543,green,research,False,cc-by-nc
59929889,2020-09-15,43.132,-70.934,52543,green,research,False,cc-by-nc
59824099,2020-09-16,42.41,-72.509,52543,green,needs_id,False,cc-by-nc
59831851,2020-09-16,38.921,-77.057,49202,green,needs_id,False,cc-by-nc
59838136,2020-09-16,44.426,-72.901,49202,green,needs_id,False,cc-by-nc
60181634,2020-09-16,41.534,-71.792,48098,colored,research,False,cc-by-nc
66465793,2020-09-16,43.507,-72.098,48098,colored,research,False,cc-by
66468878,2020-09-16,43.505,-72.105,48098,green,research,False,cc-by
59878764,2020-09-17,41.547,-73.523,48098,colored,research,False,cc-by-nc
59915152,2020-09-17,43.366,-72.174,52543,green,research,False,cc-by
59936124,2020-09-17,42.488,-76.181,52543,green,research,False,cc-by-nc
59962202,2020-09-18,42.657,-71.156,48098,colored,research,False,cc-by-nc
59972704,2020-09-18,44.507,-72.975,49202,green,research,False,cc-by-nc
59985971,2020-09-18,44.487,-72.99,52543,green,research,False,cc-by-nc
59986999,2020-09-18,43.137,-70.937,49005,green,needs_id,False,cc-by-nc
59988853,2020-09-18,43.135,-70.941,49202,green,research,False,cc-by-nc
59989303,2020-09-18,41.219,-75.645,49202,green,research,False,cc-by-nc
60002974,2020-09-18,45.422,-75.693,52543,colored,research,False,cc-by-nc
60013518,2020-09-18,41.776,-72.198,49005,green,needs_id,False,cc-by-nc
60170278,2020-09-18,44.325,-72.475,48098,green,research,False,cc-by-nc
318854359,2020-09-18,47.259,-79.766,48098,colored,research,False,cc-by-nc
60104256,2020-09-19,43.367,-70.471,49202,green,research,False,cc-by-nc
60136103,2020-09-19,45.3,-75.845,52543,green,research,False,cc-by-nc
60211145,2020-09-20,42.433,-71.206,54763,green,research,False,cc0
60228312,2020-09-20,42.434,-71.204,48098,green,research,False,cc0
60232029,2020-09-20,42.039,-71.322,54795,green,research,False,cc-by-nc
60247469,2020-09-20,43.412,-72.25,52543,green,research,False,cc-by
60256148,2020-09-20,45.354,-75.591,48098,green,research,False,cc-by-nc
60260484,2020-09-20,43.508,-72.096,52543,green,research,False,cc-by
60546194,2020-09-20,44.452,-72.988,48098,green,research,False,cc-by-nc
60672330,2020-09-20,42.199,-71.067,49005,green,needs_id,False,cc-by-nc
73676861,2020-09-20,45.328,-75.741,52543,green,research,False,cc-by-nc
60312922,2020-09-21,42.657,-71.156,48098,green,needs_id,False,cc-by-nc
60320068,2020-09-21,42.695,-73.065,48098,green,research,False,cc-by-sa
60321613,2020-09-21,45.082,-75.701,52543,green,research,False,cc-by-nc
60325135,2020-09-21,42.66,-73.057,49005,green,needs_id,False,cc-by-sa
60326913,2020-09-21,42.657,-71.156,48098,green,needs_id,False,cc-by-nc
60343543,2020-09-21,44.482,-73.208,54763,green,research,False,cc-by-nc
60535460,2020-09-21,43.261,-79.919,54763,green,research,False,cc-by-nc
60749258,2020-09-21,45.452,-75.604,52543,green,research,False,cc-by-nc
60849828,2020-09-21,44.303,-72.513,52543,green,research,False,cc-by-nc
60849862,2020-09-21,44.302,-72.513,48098,green,research,False,cc-by-nc
66654375,2020-09-21,43.511,-72.1,48098,green,research,False,cc-by
66717862,2020-09-21,43.516,-72.105,48098,green,research,False,cc-by
66825015,2020-09-21,43.512,-72.104,48098,green,research,False,cc-by
60420420,2020-09-22,43.119,-72.441,49005,green,needs_id,False,cc-by-nc
60432813,2020-09-22,40.665,-74.435,48098,green,research,False,cc-by-nc
60445222,2020-09-22,41.172,-73.337,48098,green,research,False,cc-by-nc
60445392,2020-09-22,39.735,-77.364,48098,green,research,False,cc-by-nc
60469732,2020-09-22,43.213,-77.585,48098,green,research,False,cc-by-nc
60471042,2020-09-22,42.54,-72.264,54763,green,research,False,cc-by-nc
60472965,2020-09-22,41.802,-70.915,54802,green,research,False,cc-by-nc
66878182,2020-09-22,43.424,-72.009,48098,green,research,False,cc-by
67487944,2020-09-22,43.425,-72.009,48098,green,research,False,cc-by
67487948,2020-09-22,43.425,-72.009,48098,green,research,False,cc-by
67487958,2020-09-22,43.425,-72.009,48098,colored,research,False,cc-by
67487966,2020-09-22,43.425,-72.01,48098,green,research,False,cc-by
67514483,2020-09-22,43.425,-72.009,48098,green,research,False,cc-by
60514797,2020-09-23,44.397,-73.002,52543,green,research,False,cc-by-nc
60522569,2020-09-23,42.232,-71.38,52543,green,research,False,cc-by-nc
60541433,2020-09-23,43.391,-72.209,52543,colored,research,False,cc-by
60606041,2020-09-24,44.188,-69.102,49005,green,research,False,cc-by-nc
60606949,2020-09-24,44.382,-73.026,49005,green,needs_id,False,cc-by-nc
60611511,2020-09-24,41.223,-73.242,48098,colored,research,False,cc-by-nc
60617288,2020-09-24,42.402,-71.184,54763,green,research,False,cc-by-nc
60625340,2020-09-24,44.485,-72.965,52543,green,needs_id,False,cc-by
60625749,2020-09-24,44.486,-72.966,52543,green,research,False,cc-by
60626523,2020-09-24,44.486,-72.96,49005,green,research,False,cc-by
60631740,2020-09-24,42.101,-80.073,49202,green,needs_id,False,cc-by-nc
60635929,2020-09-24,40.661,-73.988,54763,green,research,False,cc-by-nc
60636664,2020-09-24,40.949,-74.112,54763,green,research,False,cc-by-nc
60638225,2020-09-24,40.661,-73.988,54763,green,research,False,cc-by-nc
60647502,2020-09-24,45.383,-79.283,48098,colored,research,False,cc-by-nc
60670502,2020-09-24,44.56,-77.12,48098,colored,research,False,cc-by-nc
60717151,2020-09-24,44.484,-72.961,48098,colored,research,False,cc-by
61197853,2020-09-24,44.263,-72.581,54763,green,research,False,cc-by-nc
61274146,2020-09-24,45.405,-75.747,52543,colored,research,False,cc-by-nc
334878660,2020-09-24,43.873,-79.235,52543,colored,research,False,cc-by-nc
60717733,2020-09-25,44.407,-72.93,52543,green,research,False,cc-by-nc
60725233,2020-09-25,41.105,-76.654,48098,colored,research,False,cc-by-nc
67687965,2020-09-25,43.416,-71.99,52543,green,research,False,cc-by
67687966,2020-09-25,43.416,-71.99,52543,green,research,False,cc-by
136694600,2020-09-25,40.436,-74.461,48098,green,research,False,cc-by-nc
60816809,2020-09-26,38.949,-77.346,48098,green,research,False,cc-by-nc
60837021,2020-09-26,42.128,-71.723,48098,colored,research,False,cc-by-nc
60857833,2020-09-26,40.898,-73.913,54763,green,research,False,cc-by-nc
60862572,2020-09-26,41.448,-72.703,52543,colored,needs_id,False,cc-by-sa
60877565,2020-09-26,41.714,-72.238,48098,colored,research,False,cc-by-nc
60886998,2020-09-26,43.145,-72.392,49005,green,research,False,cc-by-nc
69646119,2020-09-26,44.773,-73.377,52543,green,research,False,cc-by-nc
79783702,2020-09-26,45.355,-75.675,52543,green,research,False,cc-by-nc
85388888,2020-09-26,38.943,-78.318,48098,green,research,False,cc-by-nc
60963610,2020-09-27,41.083,-72.34,48098,green,research,False,cc-by
60979571,2020-09-27,41.224,-73.231,49005,green,needs_id,False,cc-by-nc
61015522,2020-09-27,43.144,-77.578,54763,green,research,False,cc-by-nc
61046586,2020-09-27,42.437,-72.214,52543,green,research,False,cc-by
61111414,2020-09-27,40.748,-73.743,49202,green,research,False,cc-by-nc
67964891,2020-09-27,43.365,-72.183,52543,colored,research,False,cc-by
67964902,2020-09-27,43.527,-72.095,52543,green,research,False,cc-by
90356051,2020-09-27,42.62,-72.076,48098,colored,needs_id,False,cc-by-nc
61073933,2020-09-28,41.416,-80.361,48098,green,needs_id,False,cc-by-nc
61105069,2020-09-28,43.515,-72.11,48098,colored,research,False,cc-by
61111170,2020-09-28,43.508,-72.096,52543,colored,research,False,cc-by
61113876,2020-09-28,38.569,-77.286,48098,green,research,False,cc-by-nc
61118413,2020-09-28,43.507,-72.095,52543,colored,research,False,cc-by
61140840,2020-09-28,42.437,-72.523,48098,green,research,False,cc-by-nc
61145196,2020-09-28,39.525,-78.147,48098,colored,research,False,cc-by-nc
68080535,2020-09-28,43.515,-72.101,52543,colored,research,False,cc-by
68080536,2020-09-28,43.515,-72.101,48098,colored,research,False,cc-by
68080537,2020-09-28,43.515,-72.101,52543,colored,research,False,cc-by
68080542,2020-09-28,43.515,-72.101,52543,colored,research,False,cc-by
68081178,2020-09-28,43.516,-72.101,48098,colored,research,False,cc-by
68083988,2020-09-28,43.519,-72.105,52543,colored,research,False,cc-by
68084014,2020-09-28,43.52,-72.105,52543,colored,research,False,cc-by
68136402,2020-09-28,43.521,-72.104,52543,colored,research,False,cc-by
68136408,2020-09-28,43.521,-72.104,52543,colored,research,False,cc-by
68137072,2020-09-28,43.522,-72.103,52543,colored,research,False,cc-by
68137074,2020-09-28,43.522,-72.103,52543,colored,research,False,cc-by
68137075,2020-09-28,43.522,-72.103,52543,colored,research,False,cc-by
68137078,2020-09-28,43.522,-72.103,52543,colored,research,False,cc-by
68137080,2020-09-28,43.522,-72.103,52543,colored,research,False,cc-by
68275971,2020-09-28,43.523,-72.103,52543,colored,research,False,cc-by
68275975,2020-09-28,43.523,-72.103,52543,colored,research,False,cc-by
68275980,2020-09-28,43.523,-72.104,52543,colored,research,False,cc-by
68296979,2020-09-28,43.527,-72.107,52543,colored,research,False,cc-by
68298107,2020-09-28,43.528,-72.108,52543,green,research,False,cc-by
68298109,2020-09-28,43.528,-72.109,52543,green,research,False,cc-by
68298112,2020-09-28,43.528,-72.108,48098,colored,research,False,cc-by
68298925,2020-09-28,43.527,-72.11,52543,colored,research,False,cc-by
68298926,2020-09-28,43.527,-72.11,52543,colored,research,False,cc-by
61210150,2020-09-29,42.286,-71.233,54763,green,research,False,cc-by-nc
61211101,2020-09-29,41.519,-72.595,54763,colored,research,False,cc-by-sa
61214888,2020-09-29,41.448,-72.702,52543,colored,needs_id,False,cc-by-sa
61250713,2020-09-29,45.351,-75.931,52543,colored,research,False,cc-by-nc
63442033,2020-09-29,44.299,-72.293,52543,green,research,False,cc-by-nc
63442035,2020-09-29,44.299,-72.293,52543,green,research,False,cc-by-nc
68302702,2020-09-29,43.509,-72.1,48098,colored,research,False,cc-by
61306157,2020-09-30,43.409,-72.704,49202,green,needs_id,False,cc-by-nc
61309568,2020-09-30,43.507,-72.095,52543,colored,research,False,cc-by
61309601,2020-09-30,43.507,-72.095,52543,colored,research,False,cc-by
61309735,2020-09-30,43.508,-72.094,48098,colored,research,False,cc-by
61310176,2020-09-30,43.508,-72.097,52543,colored,research,False,cc-by
61313632,2020-09-30,40.697,-73.856,54763,green,research,False,cc-by-nc
61320524,2020-09-30,42.664,-71.581,54763,green,research,False,cc-by-nc
61321382,2020-09-30,41.267,-73.781,49202,green,needs_id,False,cc-by-nc
61335357,2020-09-30,42.616,-71.726,49005,green,research,False,cc-by-nc
61337686,2020-09-30,42.656,-70.599,48098,green,research,False,cc-by
61345253,2020-09-30,43.513,-72.106,52543,colored,research,False,cc-by
61360189,2020-09-30,40.896,-73.891,54795,colored,research,False,cc-by-nc
61394761,2020-10-01,42.326,-71.181,48098,colored,needs_id,False,cc-by-nc
61399014,2020-10-01,42.352,-71.399,52543,green,research,False,cc-by-nc
61400341,2020-10-01,41.148,-73.497,48098,green,research,False,cc-by-nc
61401099,2020-10-01,41.776,-70.819,49005,green,needs_id,False,cc-by-nc
61403061,2020-10-01,42.613,-71.468,52543,colored,research,False,cc-by-nc
61409746,2020-10-01,42.226,-71.155,54763,green,research,False,cc-by-nc
61423724,2020-10-01,42.342,-71.196,48098,colored,research,False,cc-by-nc
61427140,2020-10-01,43.39,-70.543,54763,green,research,False,cc-by-nc
61427247,2020-10-01,42.328,-71.173,48098,green,research,False,cc-by-nc
62651361,2020-10-01,42.355,-72.643,49005,green,research,False,cc-by-nc
68304165,2020-10-01,43.506,-72.099,52543,colored,research,False,cc-by
68304171,2020-10-01,43.505,-72.099,52543,green,research,False,cc-by
68304590,2020-10-01,43.505,-72.1,52543,colored,research,False,cc-by
68304602,2020-10-01,43.505,-72.101,52543,colored,research,False,cc-by
68306237,2020-10-01,43.504,-72.099,52543,colored,research,False,cc-by
68306274,2020-10-01,43.509,-72.1,48098,colored,research,False,cc-by
68306877,2020-10-01,43.508,-72.097,48098,bare,research,False,cc-by
61472309,2020-10-02,42.286,-71.242,52543,green,needs_id,False,cc-by-nc
61484661,2020-10-02,42.28,-71.239,48098,colored,research,False,cc-by-nc
61485624,2020-10-02,42.372,-71.112,54763,green,research,False,cc-by-nc
61486851,2020-10-02,42.372,-71.112,54763,green,research,False,cc-by-nc
61504535,2020-10-02,40.757,-73.466,48098,green,research,False,cc-by-nc
68306916,2020-10-02,43.51,-72.098,48098,colored,research,False,cc-by
68545082,2020-10-02,43.51,-72.098,48098,colored,research,False,cc-by
61569066,2020-10-03,40.419,-74.152,54763,green,research,False,cc-by-nc
61860373,2020-10-03,42.487,-71.054,48098,green,research,False,cc-by-nc
61896597,2020-10-03,42.755,-71.632,54795,colored,research,False,cc-by-nc
67719017,2020-10-03,43.317,-79.886,54763,green,research,False,cc-by-nc
61689466,2020-10-04,41.335,-72.909,52543,green,research,False,cc-by-nc
61695877,2020-10-04,42.371,-72.521,52543,green,research,False,cc-by-nc
61713075,2020-10-04,41.827,-74.227,52543,green,needs_id,False,cc-by-nc
61737248,2020-10-04,38.801,-76.703,48098,green,research,False,cc0
63024806,2020-10-04,42.278,-71.251,54763,green,research,False,cc-by-nc
65620315,2020-10-04,42.293,-71.626,52543,colored,research,False,cc-by-nc-sa
68546869,2020-10-04,43.506,-72.103,48098,colored,research,False,cc-by
68547566,2020-10-04,43.508,-72.108,52543,colored,research,False,cc-by
68547576,2020-10-04,43.509,-72.108,48098,colored,research,False,cc-by
68548317,2020-10-04,43.515,-72.113,52543,colored,research,False,cc-by
68550468,2020-10-04,43.514,-72.113,52543,colored,research,False,cc-by
68550469,2020-10-04,43.514,-72.113,52543,colored,research,False,cc-by
68806345,2020-10-04,43.51,-72.097,48098,colored,research,False,cc-by
61787400,2020-10-05,42.125,-71.18,54763,green,research,False,cc-by-nc
61791288,2020-10-05,43.507,-72.095,52543,colored,research,False,cc-by
61814569,2020-10-05,42.382,-71.199,54763,green,research,False,cc-by-nc
61815776,2020-10-05,42.382,-71.2,52543,colored,needs_id,False,cc-by-nc
61833277,2020-10-05,42.5,-70.977,54763,green,research,False,cc-by-nc
61872806,2020-10-05,40.616,-78.662,48098,colored,research,False,cc-by-nc
61875450,2020-10-05,41.426,-80.147,48098,green,research,False,cc-by-nc
68807351,2020-10-05,43.51,-72.098,52543,green,research,False,cc-by
61894530,2020-10-06,40.65,-74.359,54763,green,research,False,cc-by-nc
61899269,2020-10-06,43.368,-78.246,48098,colored,research,False,cc-by-nc
61905071,2020-10-06,42.378,-71.028,48098,green,research,False,cc-by-nc
61905416,2020-10-06,42.378,-71.029,48098,green,needs_id,False,cc-by-nc
334069946,2020-10-06,43.303,-79.864,49005,colored,needs_id,False,cc-by-nc
61998418,2020-10-07,43.962,-73.091,52543,colored,research,False,cc-by-nc
68556985,2020-10-07,41.25,-74.124,48098,colored,research,False,cc-by-sa
68556989,2020-10-07,41.253,-74.119,48098,colored,research,False,cc-by-sa
68902845,2020-10-07,41.263,-74.112,48098,colored,research,False,cc-by-sa
68902860,2020-10-07,41.281,-74.082,52543,colored,needs_id,False,cc-by-sa
62027171,2020-10-08,41.558,-72.764,48098,colored,research,False,cc-by-sa
62027683,2020-10-08,41.56,-72.765,48098,green,needs_id,False,cc-by-sa
62036083,2020-10-08,41.957,-72.638,48098,colored,research,False,cc-by-nc
62046831,2020-10-08,43.7,-72.298,54763,green,research,False,cc-by-nc
62057078,2020-10-08,42.329,-71.172,48098,colored,needs_id,False,cc-by-nc
62058480,2020-10-08,44.218,-72.709,52543,colored,research,False,cc0
62081555,2020-10-08,45.405,-75.574,52543,green,research,False,cc-by-nc
62143720,2020-10-08,43.7,-72.292,52543,green,research,False,cc-by-nc
62183710,2020-10-08,44.327,-72.506,52543,colored,research,False,cc-by-nc
62367890,2020-10-08,43.946,-73.099,49202,green,research,False,cc-by-nc
69036349,2020-10-08,41.277,-74.005,52543,colored,research,False,cc-by-sa
70172711,2020-10-08,43.507,-72.094,52543,colored,research,False,cc-by
70172725,2020-10-08,43.506,-72.096,52543,green,research,False,cc-by
62104599,2020-10-09,41.659,-70.317,48098,green,needs_id,False,cc-by-nc
62130250,2020-10-09,40.91,-75.361,48098,colored,research,False,cc-by-nc
62138213,2020-10-09,40.153,-75.155,54763,green,research,False,cc-by-nc
62143313,2020-10-09,40.033,-75.553,54763,green,research,False,cc-by-nc
62148831,2020-10-09,40.778,-73.97,52543,green,research,False,cc-by-nc
62233003,2020-10-09,44.537,-72.172,52543,colored,research,False,cc-by-nc
63699348,2020-10-09,42.346,-71.498,48098,colored,needs_id,False,cc-by-nc
62225531,2020-10-10,40.675,-73.698,48098,green,research,False,cc-by-nc
62237554,2020-10-10,39.165,-77.215,48098,colored,research,False,cc-by-nc
62238099,2020-10-10,40.519,-75.775,54763,green,research,False,cc-by-nc
62241919,2020-10-10,42.268,-71.77,54763,green,research,False,cc-by-nc
62245128,2020-10-10,42.267,-71.77,48098,green,research,False,cc-by-nc
62414525,2020-10-10,41.855,-73.45,52543,colored,research,False,cc-by-nc
62528901,2020-10-10,42.407,-71.454,48098,colored,research,False,cc-by-nc
62304170,2020-10-11,42.051,-71.914,52543,colored,research,False,cc-by-nc
62351108,2020-10-11,42.343,-71.495,52543,green,research,False,cc-by-nc
62352316,2020-10-11,42.332,-71.489,48098,green,research,False,cc-by-nc
62353098,2020-10-11,42.333,-71.496,48098,green,research,False,cc-by-nc
63936448,2020-10-11,41.19,-78.51,48098,colored,research,False,cc-by-nc
62401707,2020-10-12,39.901,-75.026,54763,green,research,False,cc-by-nc
62402429,2020-10-12,39.901,-75.027,48098,green,research,False,cc-by-nc
62405249,2020-10-12,43.124,-77.311,48098,green,needs_id,False,cc-by-nc
62435670,2020-10-12,41.448,-72.703,52543,colored,needs_id,False,cc-by-sa
62493259,2020-10-12,39.898,-74.754,54763,green,research,False,cc-by-nc
79782232,2020-10-12,45.355,-75.678,52543,colored,research,False,cc-by-nc
255526208,2020-10-12,47.15,-67.899,49202,colored,research,False,cc-by-nc
336543565,2020-10-12,44.088,-72.927,48098,colored,research,False,cc-by-nc
336544529,2020-10-12,44.079,-72.927,49202,colored,research,False,cc-by-nc
62513491,2020-10-13,40.787,-73.983,54763,green,research,False,cc-by-nc
62516917,2020-10-13,45.203,-75.982,52543,colored,research,False,cc-by-nc
62522017,2020-10-13,38.986,-76.915,48098,green,research,False,cc-by-nc
62556076,2020-10-14,38.915,-76.907,48098,green,research,False,cc-by-nc
62562628,2020-10-14,44.674,-70.149,54763,green,research,False,cc-by-nc
62566287,2020-10-14,42.605,-71.425,48098,green,research,False,cc-by-nc
62568136,2020-10-14,40.989,-73.681,54763,green,research,False,cc-by-nc
62576945,2020-10-14,42.39,-76.375,52543,colored,research,False,cc-by-nc
70469608,2020-10-14,43.505,-72.099,48098,colored,research,False,cc-by
70469609,2020-10-14,43.505,-72.099,48098,colored,research,False,cc-by
70469612,2020-10-14,43.505,-72.099,48098,colored,research,False,cc-by
70469614,2020-10-14,43.505,-72.099,48098,colored,research,False,cc-by
70469615,2020-10-14,43.505,-72.099,48098,colored,research,False,cc-by
70469617,2020-10-14,43.505,-72.099,48098,colored,research,False,cc-by
70469620,2020-10-14,43.505,-72.1,48098,colored,research,False,cc-by
70469621,2020-10-14,43.505,-72.1,48098,colored,research,False,cc-by
70469624,2020-10-14,43.504,-72.099,52543,colored,research,False,cc-by
70469625,2020-10-14,43.504,-72.099,52543,colored,research,False,cc-by
70469640,2020-10-14,43.503,-72.098,49202,green,research,False,cc-by
70469645,2020-10-14,43.501,-72.098,48098,colored,research,False,cc-by
70469648,2020-10-14,43.501,-72.098,48098,colored,research,False,cc-by
70473994,2020-10-14,43.502,-72.095,48098,colored,research,False,cc-by
70816668,2020-10-14,43.502,-72.099,48098,colored,research,False,cc-by
70816670,2020-10-14,43.503,-72.098,48098,colored,research,False,cc-by
70850631,2020-10-14,43.505,-72.099,52543,colored,research,False,cc-by
70850634,2020-10-14,43.506,-72.098,48098,colored,research,False,cc-by
70850639,2020-10-14,43.507,-72.099,48098,colored,research,False,cc-by
70850641,2020-10-14,43.508,-72.099,48098,colored,research,False,cc-by
70850643,2020-10-14,43.508,-72.099,48098,colored,research,False,cc-by
70850646,2020-10-14,43.508,-72.1,48098,colored,research,False,cc-by
70850647,2020-10-14,43.509,-72.1,48098,colored,research,False,cc-by
70850648,2020-10-14,43.51,-72.1,48098,colored,research,False,cc-by
70850649,2020-10-14,43.51,-72.1,48098,colored,research,False,cc-by
70850650,2020-10-14,43.51,-72.1,48098,colored,research,False,cc-by
70850658,2020-10-14,43.508,-72.097,48098,colored,research,False,cc-by
70850659,2020-10-14,43.508,-72.097,48098,colored,research,False,cc-by
70850660,2020-10-14,43.508,-72.097,48098,colored,research,False,cc-by
257399422,2020-10-14,39.04,-78.154,48098,colored,needs_id,False,cc-by-nc
62646282,2020-10-15,42.336,-71.163,54763,green,research,False,cc-by-nc
62648003,2020-10-15,43.698,-72.283,54763,green,research,False,cc-by-nc
62654934,2020-10-15,42.335,-71.172,52543,colored,needs_id,False,cc-by-nc
62658787,2020-10-15,41.628,-71.506,48098,green,research,False,cc-by-nc
62659369,2020-10-15,42.329,-71.173,52543,green,research,False,cc-by-nc
62661343,2020-10-15,42.328,-71.172,48098,colored,research,False,cc-by-nc
62668941,2020-10-15,39.049,-76.487,49202,green,research,False,cc-by-nc
62955669,2020-10-15,42.442,-71.466,48098,colored,needs_id,False,cc-by-nc
70282036,2020-10-15,43.511,-72.098,52543,colored,research,False,cc-by
321102958,2020-10-15,41.366,-73.971,54795,green,research,False,cc-by-nc
321103629,2020-10-15,41.367,-73.97,54802,colored,needs_id,False,cc-by-nc
62704858,2020-10-16,40.369,-74.0,52543,colored,research,False,cc-by-nc
62738878,2020-10-16,42.451,-76.495,54763,green,research,False,cc-by-nc
62793844,2020-10-17,40.711,-74.488,48098,colored,research,False,cc-by-nc
62799158,2020-10-17,39.575,-75.982,49658,green,research,False,cc-by-nc
62807585,2020-10-17,39.984,-74.75,48098,colored,research,False,cc-by-nc
62815967,2020-10-17,45.289,-75.684,52543,colored,research,False,cc-by-nc
62821648,2020-10-17,42.48,-71.496,48098,colored,needs_id,False,cc-by-nc
62821744,2020-10-17,42.48,-71.496,48098,colored,needs_id,False,cc-by-nc
62823677,2020-10-17,42.465,-71.089,49202,green,research,False,cc-by-nc
62833392,2020-10-17,40.743,-73.807,54763,green,research,False,cc-by-nc
63032954,2020-10-17,42.229,-79.55,49202,green,research,False,cc-by
63598318,2020-10-17,45.34,-75.965,52543,colored,research,False,cc-by-nc
70727107,2020-10-17,43.701,-79.322,49005,colored,needs_id,False,cc-by-nc
70850676,2020-10-17,43.51,-72.098,48098,colored,research,False,cc-by
70850679,2020-10-17,43.51,-72.098,48098,colored,research,False,cc-by
70850689,2020-10-17,43.51,-72.098,48098,colored,research,False,cc-by
71585159,2020-10-17,43.508,-72.1,48098,colored,research,False,cc-by
71585176,2020-10-17,43.508,-72.099,48098,colored,research,False,cc-by
71586842,2020-10-17,43.504,-72.101,52543,colored,research,False,cc-by
71615566,2020-10-17,43.503,-72.101,48098,colored,research,False,cc-by
71615588,2020-10-17,43.502,-72.1,48098,colored,research,False,cc-by
71617072,2020-10-17,43.501,-72.1,52543,colored,research,False,cc-by
71617074,2020-10-17,43.501,-72.1,48098,colored,research,False,cc-by
71617092,2020-10-17,43.501,-72.099,48098,colored,research,False,cc-by
71619668,2020-10-17,43.501,-72.099,48098,colored,research,False,cc-by
71619669,2020-10-17,43.501,-72.099,48098,colored,research,False,cc-by
71619680,2020-10-17,43.501,-72.099,48098,colored,research,False,cc-by
71619686,2020-10-17,43.5,-72.099,52543,colored,research,False,cc-by
71619699,2020-10-17,43.499,-72.1,48098,colored,research,False,cc-by
71619702,2020-10-17,43.499,-72.1,48098,colored,research,False,cc-by
71619709,2020-10-17,43.498,-72.1,48098,colored,research,False,cc-by
71662239,2020-10-17,43.498,-72.1,52543,colored,research,False,cc-by
71662245,2020-10-17,43.498,-72.1,52543,colored,research,False,cc-by
71662253,2020-10-17,43.497,-72.101,52543,colored,research,False,cc-by
71662260,2020-10-17,43.497,-72.101,52543,colored,research,False,cc-by
71662265,2020-10-17,43.498,-72.101,52543,colored,research,False,cc-by
71662268,2020-10-17,43.498,-72.101,52543,colored,research,False,cc-by
71662275,2020-10-17,43.498,-72.102,52543,colored,research,False,cc-by
71662277,2020-10-17,43.497,-72.102,52543,colored,research,False,cc-by
71662283,2020-10-17,43.497,-72.102,48098,colored,research,False,cc-by
71662287,2020-10-17,43.497,-72.102,48098,colored,research,False,cc-by
71700319,2020-10-17,43.497,-72.102,48098,colored,research,False,cc-by
71700320,2020-10-17,43.497,-72.102,48098,colored,research,False,cc-by
71700322,2020-10-17,43.497,-72.102,48098,colored,research,False,cc-by
71700323,2020-10-17,43.497,-72.102,48098,colored,research,False,cc-by
71700324,2020-10-17,43.498,-72.102,48098,colored,research,False,cc-by
71700325,2020-10-17,43.498,-72.102,48098,colored,research,False,cc-by
71700328,2020-10-17,43.498,-72.102,48098,colored,research,False,cc-by
71700329,2020-10-17,43.498,-72.102,52543,colored,research,False,cc-by
71700332,2020-10-17,43.498,-72.102,52543,colored,research,False,cc-by
71700344,2020-10-17,43.499,-72.103,48098,colored,research,False,cc-by
71700348,2020-10-17,43.498,-72.103,48098,colored,research,False,cc-by
71700353,2020-10-17,43.498,-72.104,48098,colored,research,False,cc-by
71700354,2020-10-17,43.498,-72.104,52543,colored,research,False,cc-by
71701501,2020-10-17,43.496,-72.102,52543,colored,research,False,cc-by
71701504,2020-10-17,43.496,-72.102,52543,colored,research,False,cc-by
71769983,2020-10-17,43.496,-72.102,48098,colored,research,False,cc-by
71770002,2020-10-17,43.496,-72.102,52543,colored,research,False,cc-by
71771553,2020-10-17,43.497,-72.105,52543,colored,research,False,cc-by
71799236,2020-10-17,43.497,-72.105,52543,colored,research,False,cc-by
71799248,2020-10-17,43.497,-72.106,52543,colored,research,False,cc-by
71799251,2020-10-17,43.497,-72.106,48098,colored,research,False,cc-by
71799252,2020-10-17,43.497,-72.106,52543,colored,research,False,cc-by
71799258,2020-10-17,43.497,-72.106,48098,colored,research,False,cc-by
72262714,2020-10-17,43.498,-72.106,52543,colored,research,False,cc-by
72268125,2020-10-17,43.499,-72.107,48098,colored,research,False,cc-by
72268144,2020-10-17,43.501,-72.108,48098,colored,research,False,cc-by
72268161,2020-10-17,43.506,-72.109,48098,colored,research,False,cc-by
72268163,2020-10-17,43.506,-72.109,48098,colored,research,False,cc-by
131980406,2020-10-17,43.082,-79.068,52543,colored,research,False,cc0
187082158,2020-10-17,42.372,-74.889,48098,colored,research,False,cc-by-nc
62923510,2020-10-18,38.936,-77.339,54795,colored,research,False,cc-by
62923992,2020-10-18,44.213,-69.064,52543,colored,research,False,cc-by-nc
62940579,2020-10-18,40.851,-73.989,54763,green,research,False,cc-by-nc
62942523,2020-10-18,42.326,-71.205,54763,green,research,False,cc-by-nc
62947469,2020-10-18,41.323,-74.908,48098,colored,research,False,cc-by-nc
62954325,2020-10-18,40.669,-73.482,48098,green,research,False,cc-by-nc
63057424,2020-10-18,44.26,-72.268,52543,colored,research,False,cc-by-nc
63220837,2020-10-18,40.352,-76.941,54795,green,research,False,cc-by-nc
63220847,2020-10-18,40.352,-76.941,54795,green,research,False,cc-by-nc
63220854,2020-10-18,40.352,-76.942,54795,green,research,False,cc-by-nc
63317937,2020-10-18,40.503,-78.644,49202,colored,research,False,cc-by-nc
63032329,2020-10-19,40.847,-73.882,54763,green,research,False,cc-by-nc
63045278,2020-10-19,42.619,-76.875,48098,colored,research,False,cc-by-nc
63052689,2020-10-19,40.914,-74.03,49658,colored,research,False,cc-by
74235471,2020-10-19,43.508,-72.096,48098,colored,research,False,cc-by
74236809,2020-10-19,43.512,-72.1,48098,colored,research,False,cc-by
74236811,2020-10-19,43.512,-72.1,48098,colored,research,False,cc-by
74236813,2020-10-19,43.512,-72.1,48098,colored,research,False,cc-by
74236822,2020-10-19,43.512,-72.101,48098,colored,research,False,cc-by
74236824,2020-10-19,43.512,-72.101,48098,colored,research,False,cc-by
74236832,2020-10-19,43.512,-72.101,48098,colored,research,False,cc-by
74236839,2020-10-19,43.512,-72.102,48098,colored,research,False,cc-by
74236845,2020-10-19,43.513,-72.102,48098,colored,research,False,cc-by
74236846,2020-10-19,43.513,-72.102,48098,colored,research,False,cc-by
74236858,2020-10-19,43.514,-72.102,48098,colored,research,False,cc-by
74236867,2020-10-19,43.515,-72.101,48098,colored,research,False,cc-by
74236869,2020-10-19,43.515,-72.101,48098,colored,research,False,cc-by
74239246,2020-10-19,43.515,-72.101,52543,colored,research,False,cc-by
74239249,2020-10-19,43.515,-72.101,52543,colored,research,False,cc-by
74239254,2020-10-19,43.515,-72.101,48098,colored,research,False,cc-by
74239255,2020-10-19,43.515,-72.101,48098,colored,research,False,cc-by
74239278,2020-10-19,43.516,-72.1,48098,colored,research,False,cc-by
74239287,2020-10-19,43.517,-72.1,48098,colored,research,False,cc-by
74239289,2020-10-19,43.517,-72.1,48098,colored,research,False,cc-by
74239321,2020-10-19,43.518,-72.102,48098,colored,research,False,cc-by
74239324,2020-10-19,43.517,-72.102,52543,colored,research,False,cc-by
74239326,2020-10-19,43.517,-72.102,52543,colored,research,False,cc-by
74239327,2020-10-19,43.517,-72.102,52543,colored,research,False,cc-by
74240866,2020-10-19,43.517,-72.102,48098,colored,research,False,cc-by
74628367,2020-10-19,43.513,-72.106,52543,colored,research,False,cc-by
74631454,2020-10-19,43.509,-72.098,52543,colored,research,False,cc-by
63086775,2020-10-20,40.294,-74.724,54763,green,research,False,cc-by-nc
63103220,2020-10-20,40.847,-73.292,54763,green,research,False,cc-by-nc
63109771,2020-10-20,42.337,-71.824,48098,colored,research,False,cc-by-nc
63119501,2020-10-20,39.442,-76.951,52543,green,research,False,cc-by-nc
63157880,2020-10-21,41.736,-72.754,54763,colored,research,False,cc-by-nc
63157914,2020-10-21,41.737,-72.753,54763,colored,research,False,cc-by-nc
63175788,2020-10-21,44.464,-73.19,52543,colored,research,False,cc-by-nc
63184815,2020-10-21,42.065,-71.623,48098,colored,research,False,cc-by-nc
63270696,2020-10-21,41.749,-72.691,52543,colored,needs_id,False,cc-by-nc
75420271,2020-10-21,43.51,-72.105,49005,colored,needs_id,False,cc-by
79855405,2020-10-21,43.507,-72.105,52543,colored,research,False,cc-by
80272660,2020-10-21,43.508,-72.105,48098,colored,research,False,cc-by
84125517,2020-10-21,42.103,-72.345,49202,green,research,False,cc-by-nc
63254733,2020-10-22,42.986,-73.509,49202,colored,research,False,cc-by-nc
63254965,2020-10-22,41.128,-73.49,52543,colored,needs_id,False,cc-by-nc
63255455,2020-10-22,41.128,-73.49,52543,colored,needs_id,False,cc-by-nc
63282360,2020-10-22,45.358,-75.678,52543,colored,research,False,cc0
72271043,2020-10-22,43.508,-72.097,48098,colored,research,False,cc-by
72271084,2020-10-22,43.508,-72.097,49202,bare,research,False,cc-by
63330094,2020-10-23,42.979,-75.227,49202,bare,research,False,cc-by-nc
63346063,2020-10-23,41.994,-71.24,48098,colored,research,False,cc-by-nc
63391231,2020-10-24,39.406,-76.639,54802,green,needs_id,False,cc-by-nc
63455157,2020-10-24,38.848,-77.103,48098,green,research,False,cc-by-nc
72367178,2020-10-24,43.508,-72.099,48098,colored,research,False,cc-by
72367192,2020-10-24,43.508,-72.099,48098,colored,research,False,cc-by
72367197,2020-10-24,43.508,-72.099,48098,colored,research,False,cc-by
72948115,2020-10-24,43.51,-72.098,48098,colored,research,False,cc-by
72948118,2020-10-24,43.51,-72.098,48098,colored,research,False,cc-by
72948119,2020-10-24,43.51,-72.098,48098,colored,research,False,cc-by
72948120,2020-10-24,43.51,-72.098,48098,colored,research,False,cc-by
72948123,2020-10-24,43.51,-72.098,48098,colored,research,False,cc-by
63505130,2020-10-25,41.026,-75.009,48098,colored,research,False,cc-by-nc
63509433,2020-10-25,42.304,-71.541,54763,colored,research,False,cc-by-nc
63572564,2020-10-26,40.848,-74.215,48098,green,research,False,cc-by-nc
63584294,2020-10-26,42.414,-71.684,54763,green,research,False,cc-by-nc
63590003,2020-10-26,41.417,-73.668,54763,colored,research,False,cc-by-nc
63592112,2020-10-26,39.627,-74.616,52543,colored,needs_id,False,cc-by-nc
72952353,2020-10-26,43.508,-72.099,48098,colored,research,False,cc-by
63684739,2020-10-27,42.904,-78.837,54802,colored,research,False,cc-by-nc
63876048,2020-10-28,40.906,-73.891,49005,colored,needs_id,False,cc-by-nc
63826775,2020-10-30,43.676,-70.446,52543,colored,research,False,cc-by-nc
63845620,2020-10-30,39.999,-75.769,52543,colored,research,False,cc-by-nc
63893324,2020-10-31,40.611,-74.691,48098,colored,research,False,cc-by-nc
63902745,2020-10-31,38.858,-75.773,48098,colored,research,False,cc-by-nc
63909206,2020-10-31,40.934,-73.924,52543,colored,needs_id,False,cc-by-nc
64005836,2020-11-01,41.061,-74.234,48098,colored,research,False,cc-by-nc
64108582,2020-11-03,42.374,-71.525,52543,colored,needs_id,False,cc-by-nc
64109975,2020-11-03,39.112,-77.832,48098,colored,research,False,cc0
66716178,2020-11-03,42.343,-71.54,54763,colored,research,False,cc-by-nc
64189024,2020-11-04,38.691,-77.296,48098,green,research,False,cc-by-nc
64213021,2020-11-04,39.613,-79.959,52543,colored,needs_id,False,cc-by-nc
64444146,2020-11-04,40.771,-74.539,52543,colored,research,False,cc-by-nc
106586821,2020-11-04,42.275,-71.632,54763,colored,research,False,cc-by-nc-sa
64318991,2020-11-05,42.299,-71.698,54763,green,research,False,cc-by-nc
82671238,2020-11-05,43.417,-72.001,54763,green,research,False,cc-by
64368896,2020-11-07,42.351,-71.537,54763,colored,research,False,cc-by-nc
64376704,2020-11-07,41.048,-73.868,54763,green,research,False,cc-by-nc
64384615,2020-11-07,41.048,-73.87,54763,colored,research,False,cc-by-nc
64430825,2020-11-08,40.849,-74.215,48098,colored,research,False,cc-by-nc
64479831,2020-11-08,42.347,-71.542,54763,colored,research,False,cc-by-nc
64480850,2020-11-08,39.674,-75.747,48098,colored,needs_id,False,cc-by-nc
64481549,2020-11-08,40.435,-79.907,54763,colored,research,False,cc-by-nc
64490676,2020-11-08,40.539,-74.592,54763,colored,research,False,cc-by-nc
64520191,2020-11-09,38.833,-77.107,48098,colored,needs_id,False,cc-by-nc
64520194,2020-11-09,38.833,-77.107,49202,colored,research,False,cc-by-nc
64530552,2020-11-09,43.472,-80.494,54763,colored,research,False,cc-by-nc
64616068,2020-11-09,40.848,-74.215,52543,colored,research,False,cc-by-nc
65911688,2020-11-09,41.353,-72.738,54763,colored,research,False,cc-by-nc
66031845,2020-11-09,38.762,-77.118,48098,colored,research,False,cc-by-nc
71028115,2020-11-09,40.935,-73.792,48098,colored,needs_id,False,cc-by-nc
64609698,2020-11-10,38.796,-77.266,54795,colored,research,False,cc-by-nc
64705325,2020-11-11,39.86,-75.36,49658,green,research,False,cc-by-nc
91120543,2020-11-15,43.508,-72.099,48098,bare,research,False,cc-by
65215164,2020-11-17,41.644,-72.615,54763,colored,research,False,cc-by-nc
91124800,2020-11-18,43.497,-72.119,49202,colored,research,False,cc-by
65251065,2020-11-19,39.128,-80.431,49202,colored,research,False,cc-by-nc
328206335,2020-11-19,47.339,-70.026,52543,bare,research,False,cc-by-nc
65361429,2020-11-21,40.319,-74.905,54763,green,research,False,cc-by-nc
390198457,2020-11-24,38.776,-77.059,48098,colored,research,False,cc-by-nc
65814866,2020-11-28,40.652,-73.988,54763,colored,research,False,cc-by-sa
65858263,2020-11-29,40.779,-74.597,54763,colored,research,False,cc-by-nc
93283375,2021-09-01,42.677,-78.384,48098,green,research,False,cc-by-nc
93290600,2021-09-01,42.903,-71.066,54802,green,needs_id,False,cc-by-nc
93306416,2021-09-01,42.133,-71.206,49202,green,research,False,cc-by-nc
93310140,2021-09-01,42.13,-71.199,48098,green,needs_id,False,cc-by-nc
93373010,2021-09-01,43.507,-72.096,52543,green,research,False,cc-by
93387920,2021-09-01,43.509,-72.095,52543,green,research,False,cc-by
93390060,2021-09-01,43.508,-72.097,52543,green,research,False,cc-by
93359666,2021-09-02,41.171,-73.348,54763,green,research,False,cc-by-nc
93381813,2021-09-02,44.232,-71.755,48098,colored,research,False,cc-by-nc
93387672,2021-09-02,42.45,-76.477,54763,green,research,False,cc-by-nc
93406654,2021-09-02,42.533,-71.11,54763,green,research,False,cc-by-nc
93421668,2021-09-02,42.108,-71.32,49005,green,needs_id,False,cc-by-nc
93422624,2021-09-02,42.108,-71.321,48098,green,research,False,cc-by-nc
93425952,2021-09-02,42.108,-71.323,48098,green,needs_id,False,cc-by-nc
93427339,2021-09-02,42.109,-71.32,48098,green,needs_id,False,cc-by-nc
93486226,2021-09-02,43.277,-71.592,48098,green,research,False,cc-by-nc
93486227,2021-09-02,43.277,-71.592,48098,green,research,False,cc-by-nc
93486230,2021-09-02,43.277,-71.592,54763,green,research,False,cc-by-nc
93497198,2021-09-03,46.784,-71.269,48098,green,research,False,cc-by-nc
93499783,2021-09-03,43.955,-70.739,49202,green,research,False,cc-by-nc
93595137,2021-09-04,42.536,-71.147,48098,green,research,False,cc-by-nc
93638731,2021-09-04,39.134,-80.434,54763,green,research,False,cc-by-nc
93655612,2021-09-04,40.404,-74.504,48098,colored,research,False,cc-by-nc
93723761,2021-09-04,44.279,-76.52,48098,green,research,False,cc-by-nc
93723853,2021-09-04,44.279,-76.52,48098,green,research,False,cc-by-nc
93721157,2021-09-05,41.396,-72.29,54802,green,needs_id,False,cc-by
93753321,2021-09-05,38.782,-77.066,54802,green,needs_id,False,cc-by-nc
93754154,2021-09-05,41.057,-76.591,48098,green,research,False,cc-by-nc
93762621,2021-09-05,39.112,-77.105,48098,green,research,False,cc-by-nc
93769759,2021-09-05,40.773,-73.967,54763,green,research,False,cc-by-nc
93800650,2021-09-05,42.711,-71.506,54763,green,research,False,cc-by-nc
94444019,2021-09-05,41.34,-71.875,54795,green,research,False,cc-by-nc
94676559,2021-09-05,45.339,-75.678,48098,green,research,False,cc-by-nc
93848842,2021-09-06,39.659,-76.997,49202,green,research,False,cc-by-nc
93852470,2021-09-06,41.377,-72.314,48098,green,research,False,cc-by
93854643,2021-09-06,39.329,-76.576,54763,green,research,False,cc-by-nc
93857776,2021-09-06,40.784,-76.123,54763,green,research,False,cc-by-nc
93859787,2021-09-06,40.04,-75.266,54763,green,research,False,cc-by-nc
93869782,2021-09-06,42.423,-71.305,54763,green,research,False,cc-by-nc-nd
95070888,2021-09-06,43.197,-72.452,52543,green,research,False,cc-by
94037566,2021-09-07,41.856,-73.934,54763,green,research,False,cc-by-nc
94040687,2021-09-07,43.16,-71.551,49202,green,research,False,cc-by-nc
94055068,2021-09-07,42.559,-71.376,48098,green,research,False,cc0
94058073,2021-09-07,42.56,-71.379,48098,green,research,False,cc0
94309272,2021-09-07,39.461,-76.626,49658,green,research,False,cc-by-nc
94102550,2021-09-08,41.212,-73.724,52543,green,research,False,cc-by-nc
94104523,2021-09-08,43.253,-72.581,54763,green,research,False,cc-by-nc
94105509,2021-09-08,40.778,-74.592,48098,green,needs_id,False,cc-by-nc
94105702,2021-09-08,41.656,-70.321,48098,green,needs_id,False,cc-by-nc
94132442,2021-09-08,40.004,-75.697,54763,green,research,False,cc-by
94148564,2021-09-08,42.912,-71.023,52543,green,research,False,cc-by-nc
94312144,2021-09-08,42.896,-71.672,49005,green,needs_id,False,cc-by-nc
94374209,2021-09-08,43.06,-77.449,52543,green,needs_id,False,cc-by-nc
95079224,2021-09-09,42.388,-72.517,52543,green,needs_id,False,cc-by-nc
96637183,2021-09-09,43.423,-75.665,48098,bare,research,False,cc-by-nc
94348032,2021-09-10,39.476,-77.368,54763,green,research,False,cc-by-nc
94358562,2021-09-10,42.426,-71.194,54763,green,research,False,cc-by-nc
94484168,2021-09-11,41.991,-71.657,54795,green,research,False,cc-by-nc
94650681,2021-09-12,42.189,-71.07,48098,green,research,False,cc-by-nc
94780004,2021-09-12,44.363,-68.209,48098,colored,research,False,cc-by-nc
95821457,2021-09-12,42.239,-71.263,48098,green,research,False,cc-by-nc
94703492,2021-09-13,42.366,-71.259,54763,green,needs_id,False,cc-by-nc
94719569,2021-09-13,41.038,-74.547,48098,green,research,False,cc-by-nc
94807368,2021-09-14,41.467,-71.333,54763,green,research,False,cc-by-nc
94814805,2021-09-14,38.936,-77.077,54763,green,research,False,cc-by-nc
94818263,2021-09-14,41.442,-73.602,52543,colored,needs_id,False,cc-by-nc
94827234,2021-09-14,40.928,-74.376,48098,green,research,False,cc-by-nc
94840454,2021-09-14,42.379,-76.484,52543,green,needs_id,False,cc-by-nc
94846483,2021-09-14,42.943,-71.523,52543,green,research,False,cc-by-nc
94855954,2021-09-14,43.752,-71.694,48098,green,research,False,cc-by-nc
94981166,2021-09-14,44.311,-72.842,52543,green,research,False,cc-by-nc
96228458,2021-09-14,43.318,-77.726,54763,green,research,False,cc-by-nc
100136120,2021-09-14,44.266,-72.307,52543,green,research,False,cc-by-nc
94927907,2021-09-15,40.438,-74.458,48098,green,research,False,cc-by-nc
94943148,2021-09-15,41.964,-71.181,48098,green,research,False,cc-by-nc
94944789,2021-09-15,41.964,-71.181,48098,green,research,False,cc-by-nc
94959321,2021-09-15,41.383,-72.102,54763,green,research,False,cc-by-nc
94975944,2021-09-15,44.442,-68.311,48098,green,needs_id,False,cc-by-nc
94979422,2021-09-15,40.521,-74.439,48098,green,research,False,cc-by
94996437,2021-09-15,42.712,-71.527,52543,green,research,False,cc-by-nc
94999177,2021-09-15,42.187,-71.09,54795,green,research,False,cc-by-nc
95068821,2021-09-15,39.112,-77.106,52543,green,research,False,cc-by-nc-sa
265113335,2021-09-15,41.045,-73.505,49202,green,research,False,cc-by-nc
95024877,2021-09-16,40.792,-75.976,54763,green,research,False,cc-by-nc
95024879,2021-09-16,40.792,-75.977,54763,green,research,False,cc-by-nc
95024892,2021-09-16,40.792,-75.976,54763,green,research,False,cc-by-nc
95056601,2021-09-16,41.082,-73.859,48098,green,needs_id,False,cc-by-nc
95056602,2021-09-16,44.413,-72.994,52543,green,needs_id,False,cc-by-nc
95064788,2021-09-16,44.895,-68.666,54763,green,research,False,cc-by-nc
95066547,2021-09-16,42.298,-71.827,48098,green,needs_id,False,cc-by-nc
95074779,2021-09-16,42.595,-76.194,48098,green,research,False,cc-by-nc
193952343,2021-09-16,43.752,-71.694,49202,green,research,False,cc-by-nc
95154846,2021-09-17,40.293,-74.725,48098,green,research,False,cc-by-nc
95162689,2021-09-17,39.664,-75.746,49658,green,research,False,cc-by-nc
95163904,2021-09-17,39.663,-75.745,49658,green,research,False,cc-by-nc
95164876,2021-09-17,39.663,-75.746,49658,green,research,False,cc-by-nc
95176249,2021-09-17,45.348,-75.687,52543,green,research,False,cc-by-nc
95176680,2021-09-17,45.512,-73.584,52543,green,research,False,cc-by-nc
95227167,2021-09-17,42.972,-72.587,52543,green,research,False,cc-by-nc
96583111,2021-09-17,43.055,-78.798,48098,green,research,False,cc-by-nc
95252712,2021-09-18,43.083,-77.671,49202,green,research,False,cc-by-nc
95274773,2021-09-18,44.899,-68.67,54763,green,research,False,cc-by-nc
95288002,2021-09-18,44.898,-68.671,54763,green,research,False,cc-by-nc
95309380,2021-09-18,41.159,-75.73,49202,green,research,False,cc-by-nc
96292686,2021-09-18,42.708,-80.323,48098,green,research,False,cc-by
95397589,2021-09-19,42.712,-73.901,48098,green,research,False,cc-by-nc
95420465,2021-09-19,41.332,-72.428,54795,green,research,False,cc-by-nc
95450335,2021-09-19,40.178,-78.951,48098,green,research,False,cc-by-nc-nd
95475167,2021-09-19,42.457,-76.517,48098,green,research,False,cc-by-nc
95526050,2021-09-19,40.242,-75.256,49202,green,research,False,cc-by
96242963,2021-09-19,40.453,-75.913,54763,green,research,False,cc-by
95525461,2021-09-20,41.944,-70.656,54763,green,research,False,cc-by-nc
95533233,2021-09-20,42.025,-71.374,48098,green,research,False,cc-by-nc
95549036,2021-09-20,42.501,-70.912,54763,green,research,False,cc-by-nc
95551210,2021-09-20,41.965,-71.184,48098,green,research,False,cc-by-nc
95554686,2021-09-20,41.964,-71.181,54763,green,research,False,cc-by-nc
95576341,2021-09-20,39.47,-76.327,49202,green,research,False,cc-by-nc
95611132,2021-09-20,43.648,-79.499,54763,green,research,False,cc-by-nc
95644521,2021-09-21,42.301,-71.279,52543,green,research,False,cc-by-nc
95644933,2021-09-21,42.301,-71.279,54763,green,research,False,cc-by-nc
95647636,2021-09-21,44.821,-73.094,48098,green,research,False,cc-by-nc
95689673,2021-09-21,39.548,-76.137,48098,green,needs_id,False,cc-by-nc
95798073,2021-09-21,39.697,-78.175,54763,green,needs_id,False,cc-by-nc
95762097,2021-09-22,40.684,-74.369,49658,green,research,False,cc-by-nc
95769334,2021-09-22,42.404,-71.118,48098,green,needs_id,False,cc-by-nc
95782547,2021-09-22,42.193,-71.083,48098,green,research,False,cc-by-nc
95783353,2021-09-22,41.338,-73.042,52543,green,research,False,cc-by-nc
95870692,2021-09-22,39.795,-75.673,48098,green,research,False,cc-by-nc
95901739,2021-09-22,44.519,-72.944,52543,colored,needs_id,False,cc-by-nc
95851504,2021-09-23,44.484,-72.96,52543,green,research,False,cc-by-nc
95857134,2021-09-23,44.412,-72.996,48098,green,research,False,cc-by-nc
95883739,2021-09-23,42.294,-71.832,52543,colored,research,False,cc-by-nc
95885454,2021-09-23,42.294,-71.828,48098,green,research,False,cc-by-nc
95888857,2021-09-23,42.294,-71.831,54763,green,research,False,cc-by-nc
95889738,2021-09-23,40.25,-77.636,54802,colored,research,False,cc-by-nc
96008547,2021-09-23,41.908,-73.803,54763,green,research,False,cc-by-nc
95980015,2021-09-24,43.818,-79.455,48098,green,research,False,cc0
95981043,2021-09-24,41.92,-73.067,54763,green,research,False,cc-by-nc
96090711,2021-09-24,38.994,-80.217,54763,green,research,False,cc-by-nc
96081062,2021-09-25,40.702,-74.565,48098,green,research,False,cc-by-nc-sa
96108752,2021-09-25,45.356,-75.629,52543,green,research,False,cc-by-nc
96110686,2021-09-25,45.418,-75.562,48098,green,research,False,cc-by-nc
96475627,2021-09-25,38.925,-76.905,54802,green,research,False,cc-by-nc
116151304,2021-09-25,43.034,-76.142,54763,green,research,False,cc0
96243118,2021-09-26,44.499,-73.171,48098,green,research,False,cc-by-nc
96253067,2021-09-26,40.801,-75.979,48098,colored,research,False,cc-by-nc
96253710,2021-09-26,40.801,-75.98,54763,green,research,False,cc-by-nc
96279172,2021-09-26,41.66,-70.623,48098,colored,research,False,cc-by-nc
96287632,2021-09-26,42.292,-71.83,54763,green,research,False,cc-by-nc
96536270,2021-09-26,43.129,-71.515,49202,green,research,False,cc-by-nc
96372373,2021-09-27,42.16,-79.324,48098,green,needs_id,False,cc-by-nc
242712847,2021-09-27,42.697,-80.339,54795,green,research,False,cc-by-nc
96482879,2021-09-28,44.256,-68.348,48098,green,research,False,cc-by-nc
96484070,2021-09-28,45.368,-75.796,48098,colored,research,False,cc-by-nc
96492281,2021-09-28,42.65,-71.303,54763,green,research,False,cc-by-nc
96502364,2021-09-28,40.928,-73.784,54763,green,research,False,cc-by-nc
96544075,2021-09-28,39.427,-77.804,52543,green,needs_id,False,cc-by-nc
100454550,2021-09-28,44.223,-72.297,52543,green,research,False,cc-by-nc
96578621,2021-09-29,43.764,-71.688,54763,green,research,False,cc-by-nc
96584782,2021-09-29,40.689,-74.015,48098,green,research,False,cc-by-nc
96591320,2021-09-29,41.464,-72.653,54802,green,research,False,cc-by-nc
96600568,2021-09-29,42.37,-71.253,54763,green,research,False,cc-by-nc
96612417,2021-09-29,42.34,-71.197,54763,green,research,False,cc-by-nc
96622203,2021-09-29,43.765,-71.69,54763,green,research,False,cc-by-nc
96625277,2021-09-29,42.336,-71.163,54763,green,research,False,cc-by-nc
96654164,2021-09-29,42.344,-71.195,54763,green,research,False,cc-by-nc
96677300,2021-09-30,42.338,-71.165,54763,green,needs_id,False,cc-by-nc
96684946,2021-09-30,40.871,-73.829,54763,green,research,False,cc-by-nc
242705255,2021-09-30,42.525,-71.271,49202,green,research,False,cc-by-nc
96830219,2021-10-01,42.43,-71.205,54763,green,research,False,cc-by-nc
96982102,2021-10-01,39.952,-75.391,54795,colored,research,False,cc-by-nc
96897254,2021-10-02,42.336,-72.672,54763,green,research,False,cc-by-nc
96923841,2021-10-02,39.817,-75.504,54763,green,research,False,cc0
96924940,2021-10-02,40.731,-73.341,54802,colored,needs_id,False,cc-by
96937281,2021-10-02,42.432,-71.206,52543,green,research,False,cc-by-nc
96937605,2021-10-02,42.432,-71.206,54763,green,research,False,cc-by-nc
96970394,2021-10-02,41.356,-72.626,48098,green,research,False,cc-by-nc
97316994,2021-10-02,42.196,-71.096,48098,green,research,False,cc-by-nc
97317042,2021-10-02,42.196,-71.096,52543,green,research,False,cc-by-nc
97030683,2021-10-03,42.479,-71.245,48098,colored,research,False,cc-by-nc
97033687,2021-10-03,42.347,-71.11,54763,green,research,False,cc-by-nc
97063242,2021-10-03,39.122,-78.451,48098,green,research,False,cc-by
337261428,2021-10-03,38.527,-79.57,52543,colored,research,False,cc-by-nc
97175430,2021-10-04,41.965,-71.181,48098,green,research,False,cc-by-nc
97184245,2021-10-04,40.749,-75.87,48098,green,research,False,cc-by-nc
97234280,2021-10-04,39.193,-77.656,54763,green,needs_id,False,cc-by-nc
97238145,2021-10-05,39.133,-77.023,48098,green,research,False,cc-by-nc
97253682,2021-10-05,39.514,-76.165,48098,green,needs_id,False,cc-by-nc
97253946,2021-10-05,39.514,-76.165,54763,green,research,False,cc-by-nc
97260423,2021-10-05,41.292,-73.67,54763,green,research,False,cc-by-nc
97265759,2021-10-05,39.514,-76.164,49658,green,research,False,cc-by-nc
97335486,2021-10-06,40.793,-75.978,48098,green,research,False,cc-by-nc
97340781,2021-10-06,43.679,-79.364,48098,colored,research,False,cc-by-nc
97365007,2021-10-06,45.395,-75.651,54763,green,research,False,cc-by-nc
97367774,2021-10-06,40.72,-74.39,48098,green,research,False,cc-by-nc
97392936,2021-10-06,40.713,-74.488,48098,green,research,False,cc-by-nc
97393598,2021-10-06,40.712,-74.489,48098,colored,research,False,cc-by-nc
97446782,2021-10-07,40.546,-79.906,48098,colored,research,False,cc0
97446944,2021-10-07,38.958,-76.934,54802,green,needs_id,False,cc-by-nc
97473941,2021-10-07,41.264,-72.733,52543,green,research,False,cc-by-nc
97479438,2021-10-07,42.383,-72.527,54763,green,research,False,cc-by-nc
97484168,2021-10-07,45.618,-68.548,48098,green,research,False,cc-by-nc
97579632,2021-10-07,43.151,-79.629,54802,colored,research,False,cc-by-nc
97593420,2021-10-08,38.859,-77.338,54763,green,research,False,cc-by
97596185,2021-10-08,44.205,-74.589,48098,colored,research,False,cc-by-nc
100550567,2021-10-08,40.803,-72.893,48098,green,research,False,cc-by-nc
103861121,2021-10-08,45.326,-75.939,52543,colored,research,False,cc-by-nc
103893933,2021-10-08,45.326,-75.942,52543,colored,research,False,cc-by-nc
103902334,2021-10-08,45.326,-75.935,48098,colored,research,False,cc-by-nc
97663251,2021-10-09,40.411,-74.497,54763,green,research,False,cc-by-nc
97664045,2021-10-09,42.21,-71.092,48098,colored,research,False,cc-by-nc
97675807,2021-10-09,41.631,-70.549,54763,green,research,False,cc-by-nc
97687659,2021-10-09,43.212,-72.944,48098,colored,research,False,cc-by-nc
97697686,2021-10-09,41.764,-71.073,48098,green,research,False,cc-by-nc-sa
97717892,2021-10-09,45.512,-75.445,48098,colored,research,False,cc-by
97766639,2021-10-09,38.551,-78.31,48098,green,research,False,cc-by-nc
97865579,2021-10-09,44.147,-74.023,48098,colored,research,False,cc-by-nc
97885073,2021-10-09,41.767,-70.053,54763,green,research,False,cc-by-nc
260817735,2021-10-09,42.954,-71.654,54795,colored,research,False,cc-by-nc
97805996,2021-10-10,42.484,-71.104,54763,green,research,False,cc-by-nc
97819122,2021-10-10,42.066,-71.189,48098,colored,needs_id,False,cc-by-nc
97819142,2021-10-10,42.068,-71.188,48098,colored,needs_id,False,cc-by-nc
97820511,2021-10-10,41.898,-71.963,54763,green,research,False,cc-by-nc
97826840,2021-10-10,43.91,-74.446,48098,colored,needs_id,False,cc-by
97828887,2021-10-10,43.91,-74.445,48098,green,needs_id,False,cc-by
97833012,2021-10-10,42.452,-71.193,54763,green,research,False,cc-by-nc
97834221,2021-10-10,43.415,-71.987,52543,colored,research,False,cc-by
97849878,2021-10-10,38.851,-77.288,52543,green,research,False,cc-by-nc
97852851,2021-10-10,42.406,-71.334,54763,green,research,False,cc-by-nc-nd
97938169,2021-10-10,40.437,-79.945,54763,green,research,False,cc-by-nc
104370446,2021-10-10,42.447,-76.817,49202,green,research,False,cc-by-nc
97901741,2021-10-11,42.382,-71.16,54763,green,research,False,cc-by-nc
97902312,2021-10-11,42.011,-78.766,48098,colored,research,False,cc-by-nc
97916263,2021-10-11,41.552,-71.448,54763,green,research,False,cc-by-nc
97947113,2021-10-11,41.728,-74.237,48098,green,research,False,cc-by-nc
97952592,2021-10-11,45.369,-75.794,52543,colored,research,False,cc-by-nc
98646638,2021-10-11,43.623,-70.211,52543,colored,needs_id,False,cc-by-nc
240510758,2021-10-11,45.167,-71.794,52543,colored,research,False,cc-by-nc
98003578,2021-10-12,42.452,-76.478,48098,green,research,False,cc-by-nc
98018739,2021-10-12,39.962,-74.503,48098,colored,research,False,cc-by
98020400,2021-10-12,42.502,-70.912,54763,green,research,False,cc-by-nc
98035873,2021-10-12,42.51,-71.281,54763,green,research,False,cc-by-nc
98039703,2021-10-12,40.802,-77.868,52543,green,research,False,cc-by-nc
98043399,2021-10-12,42.425,-71.356,54802,colored,needs_id,False,cc-by-nc
98050980,2021-10-12,42.293,-71.244,54763,colored,research,False,cc-by-nc
98168328,2021-10-12,40.411,-74.22,49202,green,research,False,cc-by-nc
98076617,2021-10-13,40.498,-74.435,48098,colored,research,False,cc-by-nc
98116922,2021-10-13,41.963,-71.183,48098,green,research,False,cc-by-nc
98117969,2021-10-13,41.436,-74.426,54763,green,research,False,cc-by-nc
98119443,2021-10-13,41.964,-71.181,49202,green,research,False,cc-by-nc
98132626,2021-10-13,42.338,-71.158,54763,green,research,False,cc-by-nc
98133142,2021-10-13,42.339,-71.157,54795,colored,research,False,cc-by-nc
98141407,2021-10-13,41.808,-70.543,48098,green,needs_id,False,cc-by-nc
98197152,2021-10-14,44.367,-68.211,48098,colored,research,False,cc-by-nc
98214587,2021-10-14,42.285,-71.232,54763,green,research,False,cc-by-nc
98624185,2021-10-14,41.477,-73.806,48098,colored,research,False,cc-by-nc
98624189,2021-10-14,41.477,-73.806,48098,colored,research,False,cc-by-nc
98281564,2021-10-15,38.94,-77.27,48098,green,research,False,cc-by-nc
98298596,2021-10-15,42.114,-71.622,48098,colored,needs_id,False,cc-by-nc
98303388,2021-10-15,42.19,-71.105,48098,colored,needs_id,False,cc-by-nc
98304115,2021-10-15,43.332,-71.116,48098,colored,research,False,cc-by-nc
98311785,2021-10-15,44.945,-72.151,52543,colored,research,False,cc-by-nc
98342230,2021-10-15,38.855,-77.208,48098,green,research,False,cc-by-nc
101026953,2021-10-15,45.613,-73.546,52543,colored,research,False,cc-by-nc
98384351,2021-10-16,43.281,-71.003,48098,colored,research,False,cc-by-nc
98387581,2021-10-16,42.346,-71.23,54763,green,research,False,cc-by-nc
98412526,2021-10-16,42.199,-74.034,48098,colored,research,False,cc-by-nc
98438114,2021-10-16,41.108,-73.835,48098,colored,research,False,cc-by-nc
98450042,2021-10-16,39.141,-75.625,48098,green,research,False,cc-by-nc
100036278,2021-10-16,44.259,-70.95,52543,green,research,False,cc-by-nc
98523791,2021-10-17,42.44,-71.068,48098,green,needs_id,False,cc-by-nc
98526812,2021-10-17,41.252,-73.345,49202,green,research,False,cc-by
98529388,2021-10-17,40.262,-74.323,48098,green,needs_id,False,cc-by-nc
98541945,2021-10-17,40.668,-77.91,52543,colored,research,False,cc-by-nc
98547596,2021-10-17,40.792,-75.971,48098,green,research,False,cc-by-nc
98561480,2021-10-17,40.759,-76.054,54763,green,research,False,cc-by-nc
98762433,2021-10-17,38.992,-77.249,54802,green,research,False,cc-by-nc
100490700,2021-10-17,42.379,-76.483,49202,green,research,False,cc-by-nc
118061424,2021-10-17,42.298,-71.135,49202,green,research,False,cc-by-nc
333963300,2021-10-17,42.298,-71.135,49202,green,research,False,cc-by-nc
98630864,2021-10-18,39.141,-76.832,49202,green,research,False,cc-by-nc
99370485,2021-10-18,42.268,-71.816,48098,colored,research,False,cc-by-nc
98699184,2021-10-19,42.653,-71.387,48098,colored,needs_id,False,cc-by-nc
98702931,2021-10-19,42.664,-71.125,48098,colored,needs_id,False,cc-by-nc
98706813,2021-10-19,42.653,-71.388,48098,green,research,False,cc-by-nc
98707051,2021-10-19,42.652,-71.387,48098,green,research,False,cc-by-nc
98784189,2021-10-19,42.231,-71.125,48098,colored,needs_id,False,cc-by-nc
98821389,2021-10-19,43.136,-70.933,54763,green,research,False,cc-by-nc
98977929,2021-10-19,43.078,-72.375,54763,green,research,False,cc-by
99292868,2021-10-19,42.87,-77.246,48098,green,research,False,cc-by-nc
100100375,2021-10-19,39.659,-77.484,48098,colored,research,False,cc-by-nc
98797616,2021-10-20,40.804,-73.465,48098,green,research,False,cc-by-nc
98802736,2021-10-20,42.451,-71.278,54763,green,research,False,cc-by-nc
98831025,2021-10-20,42.344,-71.197,48098,colored,research,False,cc-by-nc
98848832,2021-10-20,42.343,-71.194,52543,green,needs_id,False,cc-by-nc
99017882,2021-10-20,42.722,-71.03,54763,green,research,False,cc-by-nc
98875597,2021-10-21,42.343,-71.192,54763,green,research,False,cc-by-nc
98882843,2021-10-21,42.419,-71.2,52543,green,research,False,cc-by-nc
98895517,2021-10-21,44.256,-68.348,48098,colored,research,False,cc-by-nc
98898194,2021-10-21,39.056,-77.252,49202,green,needs_id,False,cc-by-nc
98914622,2021-10-21,44.128,-70.206,49202,green,research,False,cc-by-nc
98985032,2021-10-21,43.632,-72.574,48098,colored,research,False,cc0
98975152,2021-10-22,41.216,-73.435,54763,green,research,False,cc-by-nc
98979745,2021-10-22,45.451,-75.674,52543,colored,research,False,cc-by-nc
99012122,2021-10-22,40.439,-79.945,54763,green,research,False,cc-by-nc
99027543,2021-10-22,43.138,-70.932,52543,colored,needs_id,False,cc-by-nc
309493439,2021-10-22,45.583,-78.36,49005,colored,needs_id,False,cc-by-nc
99105890,2021-10-23,42.483,-71.234,49202,green,research,False,cc-by-nc
99107121,2021-10-23,40.201,-75.456,54763,green,research,False,cc-by-nc
99151568,2021-10-23,45.37,-75.797,52543,colored,research,False,cc-by-nc
99346759,2021-10-23,43.522,-72.1,52543,colored,research,False,cc-by
99346777,2021-10-23,43.524,-72.097,49202,colored,research,False,cc-by
99348426,2021-10-23,43.527,-72.094,52543,colored,research,False,cc-by
255881622,2021-10-23,39.064,-78.065,48098,green,research,False,cc-by-nc
99206678,2021-10-24,41.562,-73.6,48098,colored,needs_id,False,cc-by-nc
99260055,2021-10-24,42.289,-71.829,54763,green,research,False,cc-by-nc
99261977,2021-10-24,42.29,-71.828,54763,green,research,False,cc-by-nc
99284738,2021-10-24,42.645,-72.322,48098,colored,research,False,cc-by-nc
104121368,2021-10-24,45.365,-75.506,48098,bare,research,False,cc-by-nc
99465018,2021-10-26,42.456,-71.211,52543,green,research,False,cc-by-nc
99592839,2021-10-27,42.366,-71.265,48098,colored,research,False,cc-by-nc
113388528,2021-10-27,45.403,-75.56,52543,colored,research,False,cc-by-nc
99627569,2021-10-28,43.762,-71.692,54763,colored,research,False,cc-by-nc
99655288,2021-10-28,41.446,-71.591,48098,colored,research,False,cc-by-nc
99736367,2021-10-29,41.49,-71.524,54763,green,research,False,cc-by-nc
99818502,2021-10-30,40.53,-75.485,54763,green,research,False,cc-by-nc
100203520,2021-10-30,39.863,-76.121,54802,colored,research,False,cc0
99883507,2021-10-31,40.335,-75.953,54763,green,research,False,cc-by-nc
99896417,2021-10-31,41.403,-73.528,48098,green,research,False,cc-by-nc
99915808,2021-10-31,42.368,-71.26,48098,colored,research,False,cc-by-nc
99936722,2021-10-31,42.004,-72.528,54763,green,research,False,cc-by-nc
101036594,2021-10-31,41.083,-73.843,48098,colored,research,False,cc-by-nc
103445491,2021-10-31,45.445,-75.682,52543,colored,research,False,cc-by-nc
99988439,2021-11-01,44.018,-70.975,52543,colored,needs_id,False,cc-by-nc
100075915,2021-11-01,40.01,-74.961,48098,green,research,False,cc-by-nc
100064113,2021-11-02,42.36,-71.218,52543,colored,needs_id,False,cc-by-nc
100081680,2021-11-02,40.203,-80.04,48098,colored,research,False,cc-by-nd
100094605,2021-11-02,41.118,-75.24,48098,colored,research,False,cc0
100168481,2021-11-03,42.437,-71.222,54763,green,research,False,cc-by-nc
100171543,2021-11-03,43.345,-80.308,54763,green,research,False,cc-by-nc
115118865,2021-11-03,40.86,-73.696,48098,colored,research,False,cc-by-nc
100247805,2021-11-04,41.314,-72.954,49202,green,research,False,cc-by-nc
100258186,2021-11-04,40.889,-73.898,49658,colored,research,False,cc-by-nc
100426617,2021-11-06,43.442,-72.068,49005,colored,needs_id,False,cc-by
100540010,2021-11-06,39.052,-77.212,49202,green,research,False,cc-by-nc
100598247,2021-11-06,40.202,-80.028,54795,colored,research,False,cc-by-nd
106780045,2021-11-06,41.312,-74.008,48098,colored,research,False,cc-by-sa
106780057,2021-11-06,41.311,-74.006,48098,colored,needs_id,False,cc-by-sa
106780061,2021-11-06,41.294,-74.055,48098,colored,research,False,cc-by-sa
106780074,2021-11-06,41.284,-74.041,48098,colored,research,False,cc-by-sa
118061506,2021-11-06,42.236,-71.258,49202,colored,research,False,cc-by-nc
148223170,2021-11-07,42.127,-71.716,49202,colored,research,False,cc-by
148223173,2021-11-07,42.129,-71.715,48098,colored,research,False,cc-by
118061578,2021-11-08,42.32,-71.12,52543,colored,research,False,cc-by-nc
101632688,2021-11-09,41.796,-71.378,54763,colored,research,False,cc-by
101635328,2021-11-09,41.796,-71.37,54795,colored,research,False,cc-by
148229992,2021-11-09,41.794,-71.372,49202,colored,research,False,cc-by
148229993,2021-11-09,41.794,-71.373,49202,colored,research,False,cc-by
100784431,2021-11-10,43.917,-69.97,54763,colored,research,False,cc-by-nc
100786171,2021-11-10,42.326,-71.423,48098,colored,needs_id,False,cc-by-nc
100826219,2021-11-10,39.74,-79.716,49005,colored,needs_id,False,cc-by-nc
103893686,2021-11-10,43.61,-79.766,49202,colored,research,False,cc-by-nc
100888188,2021-11-11,40.704,-74.647,54763,colored,research,False,cc-by-nc
100964573,2021-11-11,39.947,-75.427,49202,colored,research,False,cc-by-nc
101452101,2021-11-11,39.947,-75.427,49202,colored,research,False,cc-by-nc
148231523,2021-11-11,42.07,-70.199,54795,green,research,False,cc-by
148232133,2021-11-11,42.069,-70.197,49202,colored,research,False,cc-by
148232146,2021-11-11,42.068,-70.195,48098,colored,research,False,cc-by
101206767,2021-11-12,41.881,-69.996,48098,colored,research,False,cc-by
101030358,2021-11-13,41.042,-73.846,48098,colored,research,False,cc-by-nc
101433738,2021-11-13,43.51,-72.1,48098,colored,research,False,cc-by
101146194,2021-11-14,40.656,-75.624,54763,colored,research,False,cc-by-nc
101232033,2021-11-15,40.924,-73.944,49202,colored,research,False,cc-by
101505374,2021-11-15,43.268,-71.958,54763,colored,research,False,cc-by
101355343,2021-11-17,44.263,-72.574,49005,colored,research,False,cc-by-nc
101372515,2021-11-17,43.457,-79.735,49202,bare,research,False,cc-by-nc
102559826,2021-11-17,40.774,-74.431,54763,colored,research,False,cc-by-nc
101400426,2021-11-18,42.189,-71.096,49202,colored,research,False,cc-by-nc
101400827,2021-11-18,42.19,-71.097,49202,colored,research,False,cc-by-nc
101683749,2021-11-18,41.493,-71.532,54763,colored,research,False,cc-by-nc
101528385,2021-11-19,42.463,-71.083,54763,colored,research,False,cc-by-nc
101533022,2021-11-19,40.802,-73.724,48098,colored,research,False,cc-by-nc
101836877,2021-11-19,41.331,-72.032,54763,colored,research,False,cc-by-nc
101586910,2021-11-20,40.961,-73.821,54763,colored,research,False,cc-by-nc
101708636,2021-11-22,42.501,-70.912,54763,colored,research,False,cc-by-nc
101710464,2021-11-22,42.502,-70.914,54763,colored,research,False,cc-by-nc
101768568,2021-11-23,43.136,-70.94,48098,green,research,False,cc-by-nc
101783860,2021-11-23,43.134,-70.932,54763,colored,research,False,cc-by-nc
102606119,2021-11-25,43.525,-72.096,49005,bare,needs_id,False,cc-by
102357377,2021-11-26,40.887,-73.838,54763,colored,research,False,cc-by-nc
102025876,2021-11-27,40.855,-73.375,54763,green,research,False,cc-by-nc
102089443,2021-11-28,40.732,-73.769,54763,colored,research,False,cc-by-nc
102111369,2021-11-28,39.686,-75.752,54763,colored,research,False,cc-by-nc
133195173,2022-09-01,41.188,-73.239,54763,green,research,False,cc-by-nc
133203744,2022-09-01,42.342,-71.233,54763,green,research,False,cc-by-nc
133239080,2022-09-01,41.135,-78.841,48098,green,research,False,cc-by-nc
133242225,2022-09-01,40.755,-73.757,48098,green,needs_id,False,cc-by-nc
134374808,2022-09-01,40.569,-79.127,48098,green,research,False,cc-by
133340645,2022-09-02,42.285,-71.232,54763,green,research,False,cc-by-nc
133423985,2022-09-02,44.633,-72.825,52543,green,research,False,cc0
133468422,2022-09-03,39.64,-76.088,48098,green,research,False,cc-by-nc
133505435,2022-09-03,40.604,-74.172,48098,green,needs_id,False,cc-by-nc
133520128,2022-09-03,42.417,-76.52,52543,green,research,False,cc-by-nc
133527584,2022-09-03,40.883,-74.231,52543,green,needs_id,False,cc-by-nc
133527631,2022-09-03,42.242,-71.267,54795,green,research,False,cc-by-nc
133954865,2022-09-03,41.226,-79.727,48098,green,research,False,cc-by-nc
134513174,2022-09-03,41.52,-71.017,48098,green,needs_id,False,cc0
198021998,2022-09-03,45.427,-75.571,54763,green,research,False,cc-by-nc
198029117,2022-09-03,45.427,-75.569,54763,green,research,False,cc-by-nc
133663804,2022-09-04,40.061,-75.016,54763,green,research,False,cc-by-nc
133701062,2022-09-04,39.433,-76.763,48098,green,research,False,cc-by-nc
133709396,2022-09-04,40.88,-74.643,48098,green,research,False,cc-by-nc
133769748,2022-09-04,42.12,-71.91,48098,colored,research,False,cc-by-nc
144518775,2022-09-04,42.498,-75.061,48098,colored,research,False,cc-by
133770678,2022-09-05,45.345,-75.694,52543,green,research,False,cc-by-nc-sa
133780195,2022-09-05,43.519,-70.375,54763,green,research,False,cc-by-nc
133780941,2022-09-05,42.138,-73.881,54763,green,research,False,cc-by-nc
198625897,2022-09-05,45.357,-75.624,52543,green,research,False,cc-by-nc
198626145,2022-09-05,45.356,-75.624,52543,green,research,False,cc-by-nc
133949056,2022-09-06,44.3,-74.2,48098,green,research,False,cc-by-nc
133964372,2022-09-06,40.887,-77.322,54802,green,needs_id,False,cc-by-nc
134027862,2022-09-07,42.286,-71.238,52543,green,research,False,cc-by-nc
134084571,2022-09-07,42.512,-72.282,54802,green,research,False,cc-by-nc
134115069,2022-09-07,42.275,-71.629,52543,colored,needs_id,False,cc-by-nc-sa
134315719,2022-09-09,39.397,-76.475,54802,green,needs_id,False,cc-by-nc
137027221,2022-09-09,42.286,-71.238,52543,green,research,False,cc-by-nc
134482620,2022-09-10,42.39,-71.195,49005,green,needs_id,False,cc-by-nc
134483413,2022-09-10,42.39,-71.196,52543,green,needs_id,False,cc-by-nc
134514538,2022-09-10,39.792,-74.275,48098,green,research,False,cc-by-nc
140098461,2022-09-10,40.412,-74.353,48098,green,research,False,cc-by-nc
141116932,2022-09-10,42.743,-70.797,48098,green,research,False,cc-by-nc
134596864,2022-09-11,42.268,-74.242,48098,green,research,False,cc-by-nc
134618846,2022-09-11,40.79,-73.931,54763,green,research,False,cc-by-nc
134622489,2022-09-11,40.714,-73.89,54763,green,research,False,cc-by-nc
135112825,2022-09-11,40.791,-73.927,54763,green,research,False,cc-by-nc
134728687,2022-09-12,41.737,-72.754,54763,green,research,False,cc-by-nc
134754009,2022-09-12,43.23,-76.215,49005,green,needs_id,False,cc-by-nc
134760877,2022-09-12,42.476,-70.903,54802,green,research,False,cc-by-nc
134762853,2022-09-12,41.813,-71.11,48098,green,needs_id,False,cc-by-nc
134783798,2022-09-12,41.811,-71.112,54763,green,research,False,cc-by-nc
135590322,2022-09-12,41.812,-71.111,48098,green,research,False,cc-by-nc
134854293,2022-09-13,42.101,-80.055,49202,green,research,False,cc-by-nc
134868722,2022-09-13,44.294,-73.985,54763,green,research,False,cc-by-nc
134876588,2022-09-13,42.102,-80.052,48098,green,research,False,cc-by-nc
136171953,2022-09-13,40.911,-73.121,48098,green,research,False,cc-by-nc
136698105,2022-09-13,40.915,-73.126,48098,green,research,False,cc-by-nc
134979566,2022-09-14,42.379,-72.483,48098,green,research,False,cc-by-nc
134985357,2022-09-14,41.384,-71.923,52543,green,needs_id,False,cc-by-nc
134986160,2022-09-14,41.383,-71.924,52543,green,needs_id,False,cc-by-nc
134993298,2022-09-14,40.518,-74.439,48098,green,research,False,cc-by-nc
135013228,2022-09-14,41.643,-70.907,54763,green,research,False,cc-by-nc
135017861,2022-09-14,42.249,-71.83,52543,green,needs_id,False,cc-by-nc
135018406,2022-09-14,42.249,-71.829,54763,green,research,False,cc-by-nc
135027789,2022-09-14,47.25,-68.586,48098,green,research,False,cc-by-nc
135036253,2022-09-14,42.26,-71.832,54763,green,research,False,cc-by-nc
135037132,2022-09-14,42.259,-71.83,54763,green,research,False,cc-by-nc
135106599,2022-09-15,41.21,-73.433,48098,green,needs_id,False,cc-by-nc
135149232,2022-09-15,41.866,-72.79,48098,green,research,False,cc-by-nc
135153078,2022-09-15,42.72,-71.399,52543,colored,research,False,cc-by-nc
135154303,2022-09-15,41.863,-72.787,48098,green,research,False,cc-by-nc
135155605,2022-09-15,41.325,-72.91,48098,green,research,False,cc-by-nc
135156703,2022-09-15,41.325,-72.91,52543,green,needs_id,False,cc-by-nc
135158016,2022-09-15,41.325,-72.91,54763,green,research,False,cc-by-nc
135158485,2022-09-15,41.325,-72.91,48098,green,needs_id,False,cc-by-nc
140874867,2022-09-15,45.364,-75.793,52543,green,research,False,cc-by
135232761,2022-09-16,42.055,-71.917,48098,green,needs_id,False,cc-by-nc
135244020,2022-09-16,42.286,-70.938,48098,green,research,False,cc-by-nc
135258291,2022-09-16,41.325,-72.91,52543,green,research,False,cc-by-nc
135258539,2022-09-16,41.325,-72.91,52543,green,needs_id,False,cc-by-nc
135258974,2022-09-16,41.325,-72.91,48098,green,needs_id,False,cc-by-nc
135260405,2022-09-16,41.325,-72.91,48098,green,research,False,cc-by-nc
135264816,2022-09-16,41.325,-72.91,54763,green,research,False,cc-by-nc
135265378,2022-09-16,41.325,-72.91,48098,green,research,False,cc-by-nc
135266102,2022-09-16,41.325,-72.91,48098,green,research,False,cc-by-nc
135266628,2022-09-16,41.325,-72.91,48098,green,needs_id,False,cc-by-nc
135266637,2022-09-16,41.325,-72.91,48098,green,research,False,cc-by-nc
135266750,2022-09-16,42.054,-71.918,48098,green,needs_id,False,cc-by-nc
135267083,2022-09-16,41.325,-72.91,48098,green,research,False,cc-by-nc
135267379,2022-09-16,41.324,-72.91,54763,green,research,False,cc-by-nc
135267524,2022-09-16,41.325,-72.91,52543,green,research,False,cc-by-nc
135268516,2022-09-16,41.325,-72.91,48098,green,research,False,cc-by-nc
135272757,2022-09-16,41.326,-72.91,54763,green,research,False,cc-by-nc
135273146,2022-09-16,41.327,-72.91,54763,green,research,False,cc-by-nc
135273449,2022-09-16,41.325,-72.91,54763,green,research,False,cc-by-nc
135273452,2022-09-16,41.329,-72.911,54763,green,research,False,cc-by-nc
135275389,2022-09-16,41.326,-72.909,54763,green,research,False,cc-by-nc
135294635,2022-09-16,41.326,-72.909,48098,green,needs_id,False,cc-by-nc
135295952,2022-09-16,41.325,-72.91,52543,green,needs_id,False,cc-by-nc
135296446,2022-09-16,41.325,-72.91,48098,green,research,False,cc-by-nc
135299224,2022-09-16,41.328,-72.911,48098,green,research,False,cc-by-nc
135303124,2022-09-16,41.325,-72.91,52543,green,needs_id,False,cc-by-nc
135303139,2022-09-16,41.325,-72.909,52543,green,needs_id,False,cc-by-nc
135370510,2022-09-17,42.445,-75.073,54763,green,research,False,cc-by-nc
135397285,2022-09-17,40.758,-73.761,54802,green,research,False,cc-by-nc
135410801,2022-09-17,42.368,-71.121,48098,green,needs_id,False,cc-by
135424713,2022-09-17,41.391,-71.753,48098,green,research,False,cc-by-nc
135431714,2022-09-17,39.016,-76.451,48098,green,research,False,cc-by-nc
135432971,2022-09-17,42.306,-73.242,52543,green,needs_id,False,cc-by-nc
135433646,2022-09-17,40.272,-74.848,48098,green,research,False,cc-by-nc
135894827,2022-09-17,42.298,-70.93,54763,green,research,False,cc-by-nc
138106060,2022-09-17,43.336,-73.689,48098,green,research,False,cc-by-nc
135528508,2022-09-18,42.49,-70.947,54763,green,research,False,cc-by-nc
135539852,2022-09-18,42.116,-79.988,49202,colored,research,False,cc-by-nc
135542183,2022-09-18,42.442,-71.029,54763,green,research,False,cc-by-nc
135543357,2022-09-18,39.142,-77.723,48098,green,research,False,cc-by
135553531,2022-09-18,42.518,-71.412,48098,green,research,False,cc-by
135553572,2022-09-18,42.468,-72.595,52543,green,needs_id,False,cc-by-nc
135578674,2022-09-18,42.797,-71.567,48098,green,research,False,cc-by-nc
135707677,2022-09-18,40.857,-79.896,54763,green,research,False,cc-by-nc
135798992,2022-09-18,42.407,-71.333,54795,green,research,False,cc-by-nc-nd
136955189,2022-09-18,40.925,-74.311,48098,green,research,False,cc-by-nc
135672788,2022-09-19,41.038,-74.548,48098,green,research,False,cc-by-nc
135677398,2022-09-19,41.038,-74.547,48098,green,research,False,cc-by-nc
135678106,2022-09-19,41.038,-74.547,48098,green,research,False,cc-by-nc
135781227,2022-09-20,41.659,-70.317,48098,green,research,False,cc-by-nc
135781254,2022-09-20,41.659,-70.317,48098,colored,research,False,cc-by-nc
135782482,2022-09-20,40.932,-73.834,48098,green,research,False,cc-by-nc
135787840,2022-09-20,42.389,-72.527,54802,green,research,False,cc-by-nc
135797055,2022-09-20,42.224,-71.121,54802,green,needs_id,False,cc-by-nc
135828014,2022-09-20,41.857,-71.386,49202,green,research,False,cc-by-nc
135832109,2022-09-20,44.364,-68.211,52543,green,research,False,cc-by-nc
136517317,2022-09-20,38.754,-77.104,48098,green,research,False,cc0
135911162,2022-09-21,40.963,-73.713,48098,green,research,False,cc-by-nc
135925013,2022-09-21,42.744,-70.796,54795,green,research,False,cc-by
135956446,2022-09-21,43.121,-78.359,48098,green,research,False,cc-by-nc
135956942,2022-09-21,40.747,-73.74,48098,green,research,False,cc-by-nc
135958600,2022-09-21,42.249,-71.823,54763,green,research,False,cc-by-nc
135959156,2022-09-21,42.249,-71.823,54763,green,research,False,cc-by-nc
135959661,2022-09-21,42.248,-71.822,54763,green,research,False,cc-by-nc
135959797,2022-09-21,42.248,-71.822,52543,colored,research,False,cc-by-nc
136050628,2022-09-22,41.659,-70.317,48098,green,research,False,cc-by-nc
136081706,2022-09-22,40.286,-74.071,48098,green,research,False,cc-by-nc
136174817,2022-09-23,41.129,-74.375,48098,green,research,False,cc-by-nc
136195371,2022-09-23,41.042,-73.697,48098,green,research,False,cc-by-nc
136224248,2022-09-23,46.896,-71.741,48098,colored,research,False,cc-by-nc
137144046,2022-09-23,41.622,-71.239,54763,green,research,False,cc-by-nc-nd
136353890,2022-09-24,42.599,-78.03,49005,green,needs_id,False,cc-by-nc
136462542,2022-09-24,46.896,-71.741,52543,green,research,False,cc-by-nc
136500387,2022-09-24,46.896,-71.741,49202,green,research,False,cc-by-nc
136595724,2022-09-26,41.27,-72.696,48098,green,research,False,cc-by-nc
136718927,2022-09-27,38.883,-77.138,49202,green,research,False,cc-by-nc
137524431,2022-09-27,41.099,-75.149,48098,green,research,False,cc-by-nc
136818206,2022-09-28,41.211,-73.434,54763,green,research,False,cc-by-nc
136886371,2022-09-28,42.337,-71.161,54763,green,research,False,cc-by-nc
137991317,2022-09-28,45.059,-75.669,48098,colored,research,False,cc-by-nc
143815371,2022-09-28,44.572,-70.903,52543,green,research,False,cc-by-nc
143815378,2022-09-28,44.635,-70.861,52543,green,research,False,cc-by-nc
136945550,2022-09-29,40.798,-74.61,48098,green,research,False,cc-by-nc
136955761,2022-09-29,42.328,-71.218,54763,green,research,False,cc-by-nc
136997109,2022-09-29,44.689,-77.212,48098,colored,research,False,cc-by-nc
137214682,2022-10-01,42.357,-71.25,54763,green,research,False,cc-by-nc
199634524,2022-10-01,44.954,-73.206,48098,green,research,False,cc-by-nc
137279119,2022-10-02,42.435,-71.029,54763,green,research,False,cc-by-nc
137282195,2022-10-02,40.775,-73.309,54763,green,research,False,cc-by-nc
137326230,2022-10-02,40.858,-73.524,48098,green,research,False,cc-by-nc
137352334,2022-10-02,40.774,-73.307,54763,green,research,False,cc-by-nc
137486726,2022-10-02,39.062,-77.441,54763,green,research,False,cc-by-nc
137404902,2022-10-03,43.161,-71.734,48098,colored,research,False,cc-by-nc
137405940,2022-10-03,42.446,-74.65,48098,colored,research,False,cc-by-nc
137433893,2022-10-03,40.859,-73.525,48098,colored,research,False,cc-by-nc
137490427,2022-10-03,39.065,-77.464,48098,green,research,False,cc-by-nc
137557734,2022-10-04,42.368,-71.264,52543,green,needs_id,False,cc-by-nc
137566352,2022-10-04,42.366,-71.265,48098,green,research,False,cc-by-nc
137583020,2022-10-04,43.007,-77.774,54763,green,research,False,cc-by-nc
137584250,2022-10-04,40.674,-73.651,48098,green,research,False,cc-by-nc
137829230,2022-10-04,45.46,-75.462,52543,colored,research,False,cc-by-nc
145610911,2022-10-04,43.521,-72.104,48098,green,needs_id,False,cc-by
145610944,2022-10-04,43.512,-72.101,48098,colored,research,False,cc-by
145610946,2022-10-04,43.512,-72.101,48098,colored,research,False,cc-by
145610949,2022-10-04,43.512,-72.101,48098,colored,research,False,cc-by
145610957,2022-10-04,43.508,-72.099,48098,colored,research,False,cc-by
137679436,2022-10-05,45.424,-73.873,54763,green,research,False,cc-by-nc
319598326,2022-10-05,46.337,-74.49,52543,colored,research,False,cc-by-nc
137732744,2022-10-06,43.96,-74.21,48098,colored,research,False,cc-by-nc
137741455,2022-10-06,39.902,-75.026,48098,green,research,False,cc-by-nc
137741592,2022-10-06,44.196,-69.076,54763,colored,research,False,cc-by-nc
137745994,2022-10-06,39.902,-75.027,48098,green,research,False,cc-by-nc
137752805,2022-10-06,41.965,-71.183,48098,green,research,False,cc-by-nc
137752912,2022-10-06,41.965,-71.183,48098,green,research,False,cc-by-nc
137762694,2022-10-06,39.056,-77.252,48098,green,research,False,cc-by-nc
137762766,2022-10-06,39.056,-77.252,49202,colored,research,False,cc-by-nc
137780653,2022-10-06,42.692,-78.642,48098,colored,research,False,cc-by-nc
137941227,2022-10-06,42.118,-79.985,48098,green,research,False,cc-by-nc
138171710,2022-10-06,45.672,-73.515,52543,colored,research,False,cc-by-nc
138524565,2022-10-06,42.117,-79.989,52543,green,needs_id,False,cc-by-nc
138716704,2022-10-06,42.368,-71.259,54763,green,research,False,cc-by-nc
137915776,2022-10-07,44.378,-68.252,52543,green,research,False,cc-by-nc
138620461,2022-10-07,41.216,-74.111,48098,colored,research,False,cc-by-nc
139194474,2022-10-07,42.355,-71.071,54763,green,research,False,cc-by-nc
145152261,2022-10-07,44.261,-72.537,48098,colored,research,False,cc-by-nc
138011972,2022-10-08,41.223,-73.905,52543,colored,research,False,cc-by-nc
138016402,2022-10-08,42.871,-77.285,52543,colored,needs_id,False,cc-by-nc
138027080,2022-10-08,41.096,-74.441,48098,colored,research,False,cc-by-nc
138028591,2022-10-08,42.36,-71.258,54763,green,research,False,cc-by-nc
138204685,2022-10-08,44.818,-68.497,48098,green,research,False,cc-by-nc
145075544,2022-10-08,43.508,-72.096,48098,colored,research,False,cc-by
145075566,2022-10-08,43.514,-72.1,48098,colored,research,False,cc-by
145075570,2022-10-08,43.514,-72.1,48098,colored,research,False,cc-by
145075571,2022-10-08,43.514,-72.1,48098,colored,research,False,cc-by
145075572,2022-10-08,43.514,-72.1,52543,colored,research,False,cc-by
145075574,2022-10-08,43.514,-72.1,48098,colored,research,False,cc-by
145075579,2022-10-08,43.514,-72.1,52543,colored,research,False,cc-by
145075587,2022-10-08,43.514,-72.099,48098,colored,research,False,cc-by
138124186,2022-10-09,42.103,-76.957,48098,green,research,False,cc-by-nc
138125029,2022-10-09,45.352,-76.012,48098,colored,research,False,cc-by-nc
138188019,2022-10-09,42.775,-71.915,48098,colored,research,False,cc-by-nc
138200725,2022-10-09,42.249,-70.823,49005,green,research,False,cc0
138206294,2022-10-09,45.435,-75.514,48098,colored,research,False,cc-by-nc
138313725,2022-10-09,38.949,-77.388,48098,colored,research,False,cc-by-nc
138253846,2022-10-10,40.847,-74.213,48098,green,research,False,cc-by-nc
138268335,2022-10-10,43.011,-76.023,48098,green,research,False,cc-by-nc
138294110,2022-10-10,40.331,-80.098,52543,green,needs_id,False,cc-by-nc
138302240,2022-10-10,46.767,-70.278,48098,green,research,False,cc-by-nc
138329993,2022-10-10,41.71,-71.283,48098,colored,research,False,cc-by-nc
138570769,2022-10-10,42.511,-71.106,52543,colored,research,False,cc-by-nc
138958965,2022-10-10,44.584,-70.937,52543,colored,research,False,cc-by
138959022,2022-10-10,44.584,-70.937,48098,colored,needs_id,False,cc-by
150008116,2022-10-10,45.437,-75.988,52543,colored,research,False,cc-by-nc
138393329,2022-10-11,41.588,-73.485,52543,colored,needs_id,False,cc-by-nc
138413036,2022-10-11,42.59,-71.581,48098,green,research,False,cc-by-nc
138432595,2022-10-11,43.741,-75.822,48098,colored,research,False,cc-by-nc
138438631,2022-10-11,41.954,-70.665,54763,green,research,False,cc-by-nc-sa
138546051,2022-10-12,40.18,-80.328,49202,green,research,False,cc-by
141117428,2022-10-12,44.321,-68.189,48098,colored,needs_id,False,cc-by
138603913,2022-10-13,40.914,-73.121,48098,green,research,False,cc-by-nc
138608081,2022-10-13,39.056,-77.249,48098,green,research,False,cc-by-nc
139029205,2022-10-13,40.989,-77.127,48098,colored,research,False,cc-by-nc
156972928,2022-10-13,47.285,-79.473,52543,colored,research,False,cc-by
156972929,2022-10-13,47.281,-79.469,49005,colored,research,False,cc-by
138715793,2022-10-14,41.129,-73.49,52543,colored,research,False,cc-by-nc
138744750,2022-10-14,40.857,-73.922,52543,colored,research,False,cc-by-nc
138757427,2022-10-14,38.938,-76.508,49005,green,research,False,cc0
138913000,2022-10-14,45.42,-75.424,48098,colored,research,False,cc-by-nc
142235637,2022-10-14,40.834,-72.615,48098,colored,research,False,cc-by-nc
138849212,2022-10-15,44.433,-74.248,48098,colored,research,False,cc-by-nc
138863704,2022-10-15,38.882,-77.096,48098,green,research,False,cc-by-nc
138864387,2022-10-15,41.238,-74.349,49005,green,research,False,cc-by-nc
138865560,2022-10-15,42.186,-71.56,54795,colored,research,False,cc-by-nc
138868020,2022-10-15,42.189,-71.561,48098,green,research,False,cc-by-nc
138868762,2022-10-15,39.976,-74.469,54795,colored,research,False,cc-by-nc
138892359,2022-10-15,40.066,-74.079,48098,green,research,False,cc-by-nc
138901852,2022-10-15,44.897,-68.787,52543,colored,research,False,cc-by-nc
138923556,2022-10-15,38.774,-76.711,48098,green,research,False,cc-by-nc
141588225,2022-10-15,45.448,-75.51,52543,colored,research,False,cc-by-nc
189823294,2022-10-15,41.102,-73.689,49202,green,research,False,cc-by-nc
138974633,2022-10-16,42.45,-76.454,48098,colored,research,False,cc-by-nc
139017812,2022-10-16,43.137,-70.938,48098,colored,research,False,cc-by-nc
139024042,2022-10-16,44.571,-68.787,52543,colored,research,False,cc-by-nc
139044052,2022-10-16,46.518,-67.867,54763,colored,research,False,cc-by-nc
139169359,2022-10-16,44.557,-69.644,48098,colored,needs_id,False,cc-by-nc
139470379,2022-10-16,44.592,-75.3,48098,colored,needs_id,False,cc-by-nc
139772500,2022-10-16,41.202,-73.791,48098,green,research,False,cc-by-nc
139820375,2022-10-16,42.723,-74.05,52543,colored,research,False,cc-by-nc
172923543,2022-10-16,40.328,-74.943,49202,green,research,False,cc-by-nc
139147797,2022-10-17,40.069,-74.109,48098,green,needs_id,False,cc-by-nc
139150730,2022-10-17,39.776,-80.365,49202,green,research,False,cc-by-nc
139152897,2022-10-17,39.773,-80.365,52543,colored,research,False,cc-by-nc
139169792,2022-10-17,40.836,-73.531,48098,green,research,False,cc-by-nc
139418437,2022-10-17,40.596,-74.573,48098,colored,research,False,cc-by-nc
139743494,2022-10-17,44.358,-68.269,52543,colored,needs_id,False,cc-by-nc
139229829,2022-10-18,42.667,-71.127,52543,colored,needs_id,False,cc-by-nc
139237532,2022-10-18,42.603,-71.565,54763,colored,research,False,cc-by-nc
139246534,2022-10-18,42.4,-72.523,54763,green,research,False,cc-by-nc
139257331,2022-10-18,43.773,-74.125,48098,colored,research,False,cc-by-nc
139260791,2022-10-18,42.426,-71.468,52543,colored,needs_id,False,cc-by-nc
139261369,2022-10-18,42.426,-71.468,54763,green,research,False,cc-by-nc
139967593,2022-10-18,45.026,-69.297,48098,colored,needs_id,False,cc-by-nc
142855862,2022-10-18,45.453,-75.655,54763,colored,research,False,cc-by-nc
142855874,2022-10-18,45.453,-75.655,52543,colored,research,False,cc-by-nc
142855987,2022-10-18,45.453,-75.653,52543,colored,research,False,cc-by-nc
142856002,2022-10-18,45.453,-75.653,52543,colored,research,False,cc-by-nc
145077338,2022-10-18,43.505,-72.1,52543,bare,research,False,cc-by
139450205,2022-10-20,42.396,-71.148,52543,colored,needs_id,False,cc-by-nc
139465677,2022-10-20,40.6,-74.927,48098,colored,research,False,cc-by-nc
139467962,2022-10-20,40.832,-74.808,48098,green,research,False,cc-by-nc
174913605,2022-10-20,40.067,-74.898,48098,green,research,False,cc-by-nc
139520469,2022-10-21,40.697,-74.887,48098,green,research,False,cc-by-nc
139520771,2022-10-21,41.783,-73.458,48098,colored,research,False,cc-by-nc
139522389,2022-10-21,42.397,-71.148,48098,colored,research,False,cc-by-nc
139537805,2022-10-21,40.689,-74.02,48098,green,research,False,cc-by-nc
139559579,2022-10-21,45.384,-76.074,52543,colored,research,False,cc-by-nc
139567136,2022-10-21,40.885,-73.583,49658,green,research,False,cc-by-nc
139679425,2022-10-22,44.363,-68.21,49202,green,research,False,cc-by-nc
139695629,2022-10-22,46.896,-71.741,49005,colored,research,False,cc-by-nc
139705296,2022-10-22,42.256,-71.338,52543,colored,research,False,cc-by-nc-nd
139754213,2022-10-22,38.924,-78.312,48098,colored,research,False,cc-by-nc
139860489,2022-10-22,40.874,-73.924,48098,green,research,False,cc-by
332375507,2022-10-22,39.904,-74.959,52543,colored,research,False,cc-by-nc
139748838,2022-10-23,43.123,-77.572,52543,colored,research,False,cc-by-nc
139749336,2022-10-23,42.672,-71.123,54763,colored,research,False,cc-by-nc
139754399,2022-10-23,42.475,-76.345,52543,colored,research,False,cc-by-nc
139786929,2022-10-23,45.41,-75.681,54763,colored,research,False,cc-by-nc
139790764,2022-10-23,38.981,-76.948,48098,green,research,False,cc-by-nc
139795059,2022-10-23,42.633,-73.81,54763,colored,research,False,cc-by-nc
139808006,2022-10-23,45.367,-75.797,54763,colored,research,False,cc0
139858052,2022-10-23,40.897,-73.436,48098,green,research,False,cc-by-nc
139891185,2022-10-23,43.321,-73.675,48098,colored,research,False,cc-by-nc
139927220,2022-10-23,45.459,-76.271,52543,colored,research,False,cc-by-nc
140022104,2022-10-23,45.439,-76.159,52543,bare,research,False,cc-by-nc
140139602,2022-10-23,41.328,-74.01,48098,green,research,False,cc-by-nc-nd
140325814,2022-10-23,41.752,-71.419,52543,colored,research,False,cc-by-nc
139891503,2022-10-24,40.244,-75.141,48098,colored,research,False,cc-by-nc
139897951,2022-10-24,42.213,-71.814,52543,colored,research,False,cc-by-nc
139913634,2022-10-24,39.84,-77.187,52543,colored,research,False,cc-by-nc
140006576,2022-10-24,41.703,-70.271,54763,green,research,False,cc-by-nc
140148258,2022-10-24,39.688,-76.773,48098,colored,research,False,cc-by-nc
139975972,2022-10-25,40.767,-73.974,48098,colored,needs_id,False,cc-by-nc
140013140,2022-10-25,42.227,-70.935,48098,colored,research,False,cc-by-nc
140081727,2022-10-25,42.383,-71.098,49005,colored,needs_id,False,cc-by-nc
145984032,2022-10-25,42.409,-76.513,48098,colored,research,False,cc-by-nc
140062116,2022-10-26,40.444,-74.437,48098,colored,research,False,cc-by-nc
140149104,2022-10-27,39.898,-75.021,48098,colored,research,False,cc-by-nc
140185287,2022-10-27,38.791,-77.656,48098,colored,research,False,cc-by-nc
140865875,2022-10-27,39.902,-75.021,48098,colored,research,False,cc-by-nc
140257990,2022-10-28,40.687,-74.022,48098,green,research,False,cc-by-nc
140401226,2022-10-29,40.806,-73.959,48098,green,research,False,cc-by-nc
140442831,2022-10-29,40.799,-73.96,52543,colored,research,False,cc-by-nc
140668646,2022-10-29,44.045,-68.828,54763,green,research,False,cc-by-nc
140500268,2022-10-30,40.78,-73.967,48098,green,research,False,cc-by-nc
140531642,2022-10-30,45.373,-75.698,52543,colored,research,False,cc-by-nc
140707824,2022-10-30,40.606,-74.498,48098,colored,research,False,cc-by-nc
200878032,2022-10-30,42.428,-71.238,48098,colored,research,False,cc-by-nc
140777778,2022-10-31,43.322,-73.674,49202,colored,research,False,cc-by-nc
140918127,2022-11-02,42.611,-73.895,54763,colored,needs_id,False,cc-by-nc
140990339,2022-11-03,38.946,-76.495,54802,colored,research,False,cc0
141016941,2022-11-03,45.571,-73.548,54763,colored,research,False,cc-by-nc
141120131,2022-11-04,45.464,-75.497,54763,colored,research,False,cc-by-nc
141120203,2022-11-04,45.462,-75.504,52543,bare,research,False,cc-by-nc
141120269,2022-11-04,45.462,-75.503,48098,colored,research,False,cc-by-nc
141180289,2022-11-05,38.751,-77.104,49202,colored,research,False,cc0
141180298,2022-11-05,38.751,-77.104,49202,colored,research,False,cc0
141182204,2022-11-05,41.223,-73.858,49202,colored,research,False,cc-by-nc
141183189,2022-11-05,44.587,-73.196,54763,colored,research,False,cc-by-nc
141271261,2022-11-05,45.469,-75.583,54763,colored,research,False,cc-by-nc
141300839,2022-11-06,42.573,-70.963,48098,colored,research,False,cc-by-nc
141300933,2022-11-06,42.573,-70.963,48098,colored,needs_id,False,cc-by-nc
146230347,2022-11-06,43.524,-72.097,49005,bare,needs_id,False,cc-by
201826269,2022-11-06,45.216,-75.703,52543,bare,research,False,cc-by-nc
201869254,2022-11-06,45.217,-75.702,52543,bare,research,False,cc-by-nc
201876067,2022-11-06,45.217,-75.702,52543,bare,research,False,cc-by-nc
141386390,2022-11-07,44.478,-73.186,54763,colored,research,False,cc-by-nc
141386434,2022-11-07,44.478,-73.186,54763,colored,research,False,cc-by-nc
141548818,2022-11-07,40.637,-74.881,48098,colored,research,False,cc-by-nc
145231063,2022-11-07,42.357,-71.052,48098,colored,research,False,cc-by-nc
145231198,2022-11-08,42.392,-70.993,54763,colored,research,False,cc-by-nc
142681315,2022-11-09,42.437,-71.024,48098,colored,research,False,cc-by-nc
141640476,2022-11-10,39.837,-77.242,52543,bare,research,False,cc-by-nc
141704757,2022-11-11,40.71,-74.016,48098,colored,needs_id,False,cc-by-nc
141712347,2022-11-11,44.478,-73.186,54763,colored,research,False,cc-by-nc
201885969,2022-11-12,45.465,-75.594,52543,bare,research,False,cc-by-nc
202112712,2022-11-13,45.008,-75.796,52543,bare,research,False,cc-by-nc
142078665,2022-11-15,40.71,-74.016,54763,colored,research,False,cc-by-nc
142101096,2022-11-15,42.424,-71.076,54763,colored,research,False,cc-by-nc
142189158,2022-11-16,42.439,-71.022,48098,colored,needs_id,False,cc-by-nc
142244439,2022-11-17,42.433,-71.045,54763,colored,research,False,cc-by-nc
142244562,2022-11-17,42.439,-71.034,54763,colored,research,False,cc-by-nc
142244833,2022-11-17,42.439,-71.034,54763,colored,research,False,cc-by-nc
142245173,2022-11-17,42.439,-71.034,54763,colored,research,False,cc-by-nc
142246044,2022-11-17,42.439,-71.034,54763,colored,research,False,cc-by-nc
142260375,2022-11-17,42.435,-71.032,54763,colored,research,False,cc-by-nc
142295360,2022-11-18,40.872,-73.927,54763,green,research,False,cc-by-nc
142296039,2022-11-18,40.872,-73.927,54763,green,research,False,cc-by-nc
142306592,2022-11-18,42.423,-71.164,54763,colored,research,False,cc-by-nc
142359194,2022-11-19,42.421,-71.054,52543,colored,research,False,cc-by-nc
142359837,2022-11-19,42.421,-71.054,52543,colored,research,False,cc-by-nc
142608800,2022-11-22,40.874,-73.925,54763,green,research,False,cc-by-nc
142609637,2022-11-22,40.871,-73.919,54763,colored,research,False,cc-by-nc
142679153,2022-11-23,40.896,-73.915,54763,green,research,False,cc-by-nc
142860892,2022-11-25,45.658,-73.54,49005,bare,research,False,cc-by-nc
142861165,2022-11-25,45.658,-73.54,52543,bare,research,False,cc-by-nc
142918872,2022-11-26,42.401,-71.143,48098,colored,needs_id,False,cc-by-nc
142982595,2022-11-26,40.891,-73.89,48098,colored,needs_id,False,cc-by-nc
143003369,2022-11-26,38.593,-75.196,49658,colored,research,False,cc-by-nc
204353210,2022-11-26,45.465,-75.598,52543,bare,research,False,cc-by-nc
204466881,2022-11-27,45.323,-75.812,52543,bare,research,False,cc-by-nc
181198448,2023-09-01,42.334,-71.112,54763,green,research,False,cc-by-nc
181207704,2023-09-01,43.134,-70.942,48098,colored,research,False,cc-by-nc
181208265,2023-09-01,43.134,-70.942,48098,colored,research,False,cc-by-nc
181216413,2023-09-01,43.135,-70.941,48098,colored,research,False,cc-by-nc
181220661,2023-09-01,42.287,-71.237,54763,green,research,False,cc-by-nc
181223221,2023-09-01,43.135,-70.941,48098,green,research,False,cc-by-nc
181223844,2023-09-01,43.135,-70.941,52543,green,research,False,cc-by-nc
181224773,2023-09-01,43.136,-70.941,49202,green,research,False,cc-by-nc
181232460,2023-09-01,42.21,-73.854,48098,green,research,False,cc-by-nc
181234027,2023-09-01,44.601,-69.142,48098,green,research,False,cc-by-nc
181249856,2023-09-01,42.053,-72.559,54763,green,research,False,cc-by-nc
181254174,2023-09-01,41.054,-73.705,52543,green,needs_id,False,cc-by-nc
181259327,2023-09-01,39.082,-76.987,49658,green,research,False,cc-by-nc
181260392,2023-09-01,41.915,-71.258,54763,green,research,False,cc-by-nc
181388486,2023-09-01,42.807,-71.815,49202,green,research,False,cc-by
181477653,2023-09-01,42.802,-71.815,48098,green,research,False,cc-by
182208505,2023-09-01,44.699,-76.924,52543,green,research,False,cc-by-nc
181380802,2023-09-02,42.447,-79.164,52543,green,research,False,cc-by-nc
181407697,2023-09-02,42.375,-71.056,54763,green,research,False,cc-by-nc
181422225,2023-09-02,39.265,-76.817,49202,green,research,False,cc-by-nc
181422496,2023-09-02,39.028,-76.826,49658,green,research,False,cc-by-nc
181431397,2023-09-02,41.381,-72.808,54763,green,research,False,cc-by-nc
181450925,2023-09-02,38.979,-77.004,49658,green,research,False,cc0
181486511,2023-09-02,39.174,-76.798,49658,green,research,False,cc-by-nc
181586281,2023-09-02,42.716,-72.299,49202,green,research,False,cc-by-nc
181586303,2023-09-02,42.715,-72.3,49202,green,research,False,cc-by-nc
182249785,2023-09-02,39.001,-77.068,49202,green,research,False,cc-by-nc
181581426,2023-09-03,40.593,-74.558,48098,green,research,False,cc-by-nc
181603311,2023-09-03,42.043,-71.933,48098,green,research,False,cc-by-nc
181623731,2023-09-03,40.806,-75.442,54802,green,needs_id,False,cc-by-nc
181666151,2023-09-03,43.981,-71.391,48098,green,research,False,cc-by-nc
181666683,2023-09-03,43.981,-71.39,48098,colored,research,False,cc-by-nc
181781090,2023-09-03,40.802,-74.697,48098,green,research,False,cc-by-nc
181785180,2023-09-03,41.063,-74.853,48098,green,research,False,cc-by-nc
255827167,2023-09-03,38.667,-77.194,49202,green,research,False,cc-by
181765571,2023-09-04,40.763,-74.431,48098,green,research,False,cc-by-nc
181773722,2023-09-04,42.666,-71.07,48098,green,research,False,cc-by-nc
181798230,2023-09-04,42.358,-71.138,48098,green,research,False,cc0
182554403,2023-09-04,38.775,-77.136,54763,green,research,False,cc-by-nc
183314516,2023-09-04,38.64,-78.32,54795,green,research,False,cc-by-nc
243780402,2023-09-04,43.502,-72.098,52543,green,research,False,cc-by
243964010,2023-09-04,43.5,-72.098,48098,green,research,False,cc-by
181943409,2023-09-05,43.205,-77.963,48098,green,research,False,cc-by-nc
181944652,2023-09-05,40.763,-74.431,49202,green,research,False,cc-by-nc
181945469,2023-09-05,40.763,-74.432,52543,green,research,False,cc-by-nc
181946094,2023-09-05,40.763,-74.431,52543,green,research,False,cc-by-nc
181946790,2023-09-05,40.763,-74.431,49202,green,research,False,cc-by-nc
181950543,2023-09-05,43.205,-77.963,48098,green,research,False,cc-by-nc-nd
181960450,2023-09-05,42.621,-71.156,54763,green,research,False,cc-by-nc
181980555,2023-09-05,40.702,-73.328,48098,green,research,False,cc-by-nc
187824229,2023-09-05,38.861,-77.122,48098,green,research,False,cc-by-nc
257186968,2023-09-05,45.48,-71.17,52543,green,research,False,cc-by
257186981,2023-09-05,45.48,-71.168,49202,green,research,False,cc-by
257186989,2023-09-05,45.479,-71.167,52543,green,research,False,cc-by
257186995,2023-09-05,45.479,-71.167,52543,green,research,False,cc-by
257187002,2023-09-05,45.479,-71.167,52543,green,research,False,cc-by
257187044,2023-09-05,45.476,-71.172,48098,green,research,False,cc-by
257187046,2023-09-05,45.475,-71.174,52543,green,research,False,cc-by
257187075,2023-09-05,45.475,-71.18,48098,green,research,False,cc-by
257647480,2023-09-05,45.474,-71.189,52543,colored,research,False,cc-by
257647582,2023-09-05,45.479,-71.21,52543,green,research,False,cc-by
263083464,2023-09-05,45.252,-71.208,48098,green,research,False,cc-by
263083547,2023-09-05,45.25,-71.211,48098,green,research,False,cc-by
182042150,2023-09-06,42.286,-71.231,54795,green,research,False,cc-by-nc
182045602,2023-09-06,42.806,-72.059,49202,green,research,False,cc-by-nc
182051902,2023-09-06,42.285,-71.231,54763,green,research,False,cc-by-nc
182073825,2023-09-06,44.947,-72.202,49202,green,research,False,cc-by-nc
182074074,2023-09-06,44.947,-72.202,49202,green,research,False,cc-by-nc
182124866,2023-09-06,42.797,-71.821,49202,green,research,False,cc-by
182579407,2023-09-06,42.802,-71.818,49202,green,research,False,cc-by
182736556,2023-09-06,42.798,-71.818,49202,green,research,False,cc-by
183011806,2023-09-06,42.868,-71.833,49202,green,research,False,cc-by
182154139,2023-09-07,42.359,-71.256,54763,green,research,False,cc-by-nc
182154147,2023-09-07,42.358,-71.256,48098,green,needs_id,False,cc-by-nc
182186058,2023-09-07,42.554,-70.842,54763,green,research,False,cc-by-nc
182187733,2023-09-07,42.285,-71.231,54763,green,research,False,cc-by-nc
182217679,2023-09-07,39.664,-75.746,49202,green,research,False,cc-by-nc
182225382,2023-09-07,41.724,-72.221,54763,green,research,False,cc-by-nc
182262199,2023-09-07,39.896,-74.083,48098,green,research,False,cc-by-nc
182796628,2023-09-07,42.286,-71.232,52543,green,needs_id,False,cc-by-nc
190060056,2023-09-07,44.259,-72.592,54763,green,research,False,cc-by-nc
182325216,2023-09-08,42.206,-71.425,54795,green,research,False,cc-by-nc
182346855,2023-09-08,42.286,-71.231,54795,green,research,False,cc-by-nc
182360987,2023-09-08,38.931,-77.059,49202,green,research,False,cc-by-nc
182366573,2023-09-08,38.676,-77.021,49658,green,research,False,cc-by-nc
183231020,2023-09-08,39.667,-75.752,48098,green,needs_id,False,cc-by-nc
183384097,2023-09-08,39.667,-75.752,48098,green,needs_id,False,cc-by-nc
184248028,2023-09-08,42.285,-71.232,54795,green,research,False,cc-by-nc
182450236,2023-09-09,42.323,-72.532,48098,colored,research,False,cc-by-nc
182477975,2023-09-09,43.05,-75.405,48098,green,research,False,cc-by-nc
182575979,2023-09-09,41.843,-73.944,52543,green,needs_id,False,cc-by-nc
182576697,2023-09-09,41.843,-73.944,54795,green,research,False,cc-by-nc
182673113,2023-09-09,45.758,-73.629,48098,green,research,False,cc-by-nc
182653676,2023-09-10,38.979,-77.037,49202,green,research,False,cc-by
182675921,2023-09-10,42.268,-77.154,54795,green,research,False,cc-by-nc
182676983,2023-09-10,41.327,-74.66,54795,green,research,False,cc-by-nc
182678190,2023-09-10,45.156,-79.393,49202,green,research,False,cc-by-nc
182678408,2023-09-10,43.175,-77.51,48098,green,research,False,cc-by-nc
182706743,2023-09-10,40.35,-74.56,48098,green,research,False,cc-by-nc
261379029,2023-09-10,46.046,-78.591,48098,colored,research,False,cc-by-nc
311380781,2023-09-10,42.213,-73.379,49202,green,research,False,cc-by-nc
182796953,2023-09-11,42.286,-71.238,52543,green,needs_id,False,cc-by-nc
182797141,2023-09-11,42.286,-71.238,52543,green,research,False,cc-by-nc
182803967,2023-09-11,40.763,-74.431,52543,green,research,False,cc-by-nc
182804458,2023-09-11,40.423,-80.015,49005,green,needs_id,False,cc-by
182805506,2023-09-11,40.424,-80.016,52543,green,research,False,cc-by
182805904,2023-09-11,40.425,-80.017,54763,green,needs_id,False,cc-by
182845184,2023-09-11,40.744,-74.526,54795,green,research,False,cc-by-nc
183036260,2023-09-11,39.274,-76.411,48098,green,research,False,cc-by
183422824,2023-09-11,42.819,-71.818,48098,green,research,False,cc-by
183425350,2023-09-11,42.819,-71.818,49202,green,research,False,cc-by
183908799,2023-09-11,42.819,-71.824,49202,green,research,False,cc-by
263081156,2023-09-11,43.506,-72.099,48098,green,research,False,cc-by
263081168,2023-09-11,43.507,-72.098,48098,colored,research,False,cc-by
182934564,2023-09-12,42.286,-71.238,52543,green,needs_id,False,cc-by-nc
182934647,2023-09-12,42.286,-71.238,52543,green,research,False,cc-by-nc
182937915,2023-09-12,44.763,-74.65,49202,green,research,False,cc-by-nc
182940056,2023-09-12,38.925,-76.905,49658,green,research,False,cc-by-nc
182950280,2023-09-12,42.776,-72.211,49202,green,research,False,cc-by-nc
182961643,2023-09-12,44.743,-79.888,49202,green,research,False,cc-by-nc
182993001,2023-09-12,42.391,-76.375,49202,green,research,False,cc-by-nc
182993371,2023-09-12,41.326,-72.917,54763,green,research,False,cc-by-nc
183002988,2023-09-12,44.365,-68.21,48098,colored,needs_id,False,cc-by-nc
183005694,2023-09-12,40.763,-74.431,48098,green,research,False,cc-by-nc
183005934,2023-09-12,39.716,-74.256,54795,green,research,False,cc-by-nc
183006598,2023-09-12,40.763,-74.431,52543,green,research,False,cc-by-nc
183006648,2023-09-12,40.763,-74.431,49202,green,research,False,cc-by-nc
183007687,2023-09-12,40.763,-74.431,49202,green,research,False,cc-by-nc
183020098,2023-09-12,42.668,-72.324,49202,green,research,False,cc-by-nc
183072418,2023-09-12,44.049,-70.869,48098,colored,research,False,cc-by
190194297,2023-09-12,44.552,-73.297,54763,green,research,False,cc-by-nc
183086607,2023-09-13,41.125,-73.808,48098,green,needs_id,False,cc-by-nc
183087362,2023-09-13,38.804,-76.274,49658,green,research,False,cc-by-nc
183104739,2023-09-13,41.73,-73.934,48098,green,needs_id,False,cc-by-nc
183128064,2023-09-13,38.837,-77.326,49202,green,research,False,cc-by-nc
183246109,2023-09-14,39.659,-74.528,48098,green,research,False,cc-by-nc
183246825,2023-09-14,42.286,-71.231,48098,green,needs_id,False,cc-by-nc
183249376,2023-09-14,41.718,-72.216,54763,green,research,False,cc-by-nc
183251919,2023-09-14,44.048,-70.708,49202,green,research,False,cc-by-nc
183253907,2023-09-14,40.669,-73.965,48098,green,research,False,cc-by-nc
183262882,2023-09-14,39.242,-76.716,49202,green,research,False,cc-by-nc
183279529,2023-09-14,39.053,-77.039,48098,green,research,False,cc-by-nc
183285402,2023-09-14,40.397,-79.95,49005,green,needs_id,False,cc-by
183295183,2023-09-14,41.099,-73.821,49202,green,research,False,cc-by-nc
183298301,2023-09-14,40.854,-73.868,49658,green,research,False,cc-by
183299955,2023-09-14,42.73,-72.407,49202,green,research,False,cc-by-nc
183304330,2023-09-14,38.988,-76.922,48098,green,research,False,cc-by-nc
183304340,2023-09-14,38.988,-76.922,49658,green,research,False,cc-by-nc
183306407,2023-09-14,40.89,-73.902,54795,green,research,False,cc-by
183309669,2023-09-14,38.988,-76.922,49658,green,research,False,cc-by-nc
203619049,2023-09-14,40.59,-79.992,54763,green,research,False,cc-by-nc
183347176,2023-09-15,42.303,-71.278,52543,green,needs_id,False,cc-by-nc
183377551,2023-09-15,40.69,-74.014,48098,green,research,False,cc-by-nc
183383506,2023-09-15,38.92,-76.941,48098,green,research,False,cc-by-nc
183402644,2023-09-15,38.733,-76.918,49202,green,research,False,cc-by-nc
183418514,2023-09-15,40.91,-73.124,54763,green,research,False,cc-by-nc
183419759,2023-09-15,45.547,-73.236,48098,green,research,False,cc-by-nc
183420001,2023-09-15,44.385,-68.204,54763,green,research,False,cc-by-nc
183447857,2023-09-15,42.679,-72.331,49202,green,research,False,cc-by-nc
183717944,2023-09-15,38.971,-76.944,49658,green,research,False,cc-by-nc
183819829,2023-09-15,40.763,-74.431,52543,green,research,False,cc-by-nc
186563070,2023-09-15,43.42,-79.914,48098,green,research,False,cc-by
183524393,2023-09-16,40.862,-73.879,48098,green,research,False,cc-by-nc
183530493,2023-09-16,39.284,-76.413,54795,green,research,False,cc-by-nc
183542955,2023-09-16,41.102,-73.938,54802,green,research,False,cc-by-nc
183568750,2023-09-16,38.927,-77.04,49005,green,needs_id,False,cc0
183757569,2023-09-16,39.13,-77.021,49658,green,research,False,cc-by-nc
183771563,2023-09-16,41.783,-73.457,54763,green,research,False,cc-by-nc
183652454,2023-09-17,42.294,-71.133,48098,green,research,False,cc-by
183670000,2023-09-17,40.915,-73.122,48098,green,research,False,cc-by-nc
183678575,2023-09-17,42.237,-71.091,48098,green,research,False,cc-by-nc
183678671,2023-09-17,42.237,-71.091,48098,colored,needs_id,False,cc-by-nc
183678684,2023-09-17,42.237,-71.091,48098,green,research,False,cc-by-nc
183686214,2023-09-17,42.624,-70.883,48098,green,research,False,cc-by-nc
183698503,2023-09-17,40.726,-74.421,48098,green,research,False,cc-by-nc
183718208,2023-09-17,39.051,-77.042,48098,green,research,False,cc-by-nc
183738711,2023-09-17,44.478,-73.192,54763,green,research,False,cc-by-nc
183739134,2023-09-17,42.294,-71.247,54763,green,research,False,cc-by-nc
183764314,2023-09-17,38.953,-76.989,49202,green,research,False,cc-by-nc
183770112,2023-09-17,42.586,-70.693,54763,green,research,False,cc-by-nc
183785085,2023-09-17,42.705,-72.34,49005,green,research,False,cc-by-nc
183785179,2023-09-17,42.705,-72.34,49202,green,research,False,cc-by-nc
183785608,2023-09-17,38.751,-77.105,49202,green,research,False,cc-by-nc
183822611,2023-09-17,42.705,-72.348,49202,green,research,False,cc-by-nc
183927686,2023-09-17,38.949,-77.004,49658,green,research,False,cc-by-nc
184042873,2023-09-17,42.586,-70.693,54763,green,research,False,cc-by-nc
184046069,2023-09-17,38.99,-76.896,49202,green,research,False,cc-by-nc
185323836,2023-09-17,42.406,-71.121,54763,green,research,False,cc-by-nc
185933986,2023-09-17,45.852,-72.486,49202,green,research,False,cc-by-nc
187615533,2023-09-17,40.692,-74.015,48098,green,research,False,cc-by
184029252,2023-09-18,42.437,-76.49,54763,green,research,False,cc-by
184079258,2023-09-18,43.055,-73.038,48098,colored,research,False,cc0
184101380,2023-09-18,39.381,-76.643,54802,colored,needs_id,False,cc-by-nc
183989227,2023-09-19,40.934,-73.835,54763,green,research,False,cc-by-nc
183994602,2023-09-19,43.681,-70.446,52543,green,research,False,cc-by-nc
184008289,2023-09-19,42.915,-72.325,49202,green,research,False,cc-by-nc
184010056,2023-09-19,39.297,-76.405,49658,green,research,False,cc-by-nc
184010946,2023-09-19,39.297,-76.405,48098,green,research,False,cc-by-nc
184011016,2023-09-19,39.298,-76.405,49202,green,research,False,cc-by-nc
184011387,2023-09-19,42.917,-72.326,49202,green,research,False,cc-by-nc
184018648,2023-09-19,45.176,-67.772,48098,green,research,False,cc-by-nc
184037466,2023-09-19,40.898,-73.896,49658,green,research,False,cc-by
184051982,2023-09-19,40.763,-74.431,54763,green,research,False,cc-by-nc
184053249,2023-09-19,40.763,-74.431,52543,green,research,False,cc-by-nc
184622385,2023-09-19,42.541,-72.704,49202,green,research,False,cc-by-nc
191271995,2023-09-19,39.638,-79.957,54763,green,research,False,cc-by-nc
184122931,2023-09-20,42.322,-72.527,48098,colored,research,False,cc-by-nc
184176983,2023-09-20,38.985,-76.299,49658,colored,research,False,cc-by-nc
184179676,2023-09-20,41.988,-70.959,48098,green,needs_id,False,cc-by-nc
184186544,2023-09-20,38.995,-77.04,48098,green,research,False,cc-by-nc
184192655,2023-09-20,40.902,-73.121,48098,green,research,False,cc-by-nc
184253944,2023-09-20,42.68,-72.329,49202,green,research,False,cc-by-nc
184255249,2023-09-20,42.681,-72.331,49202,green,research,False,cc-by-nc
184255814,2023-09-20,42.679,-72.331,49202,green,research,False,cc-by-nc
184480223,2023-09-20,43.997,-71.393,48098,colored,research,False,cc-by-nc
184480361,2023-09-20,44.025,-71.493,48098,green,research,False,cc-by-nc
185064036,2023-09-20,40.889,-73.894,48098,green,research,False,cc-by-nc
194706288,2023-09-20,43.997,-71.338,52543,green,research,False,cc-by-nc
194716539,2023-09-20,44.025,-71.119,49202,green,research,False,cc-by-nc
194908890,2023-09-20,43.981,-71.289,49202,green,research,False,cc-by-nc
194913915,2023-09-20,44.057,-71.139,52543,green,research,False,cc-by-nc
184249314,2023-09-21,44.518,-72.942,52543,green,needs_id,False,cc-by-nc
184249339,2023-09-21,44.518,-72.942,52543,green,needs_id,False,cc-by-nc
184252998,2023-09-21,42.345,-71.105,52543,green,research,False,cc-by-nc
184264102,2023-09-21,44.518,-72.942,52543,green,research,False,cc-by-nc
184264592,2023-09-21,44.518,-72.942,52543,green,needs_id,False,cc-by-nc
184265452,2023-09-21,44.518,-72.942,52543,green,needs_id,False,cc-by-nc
184338436,2023-09-21,43.781,-71.369,48098,green,research,False,cc-by-nc
184376986,2023-09-22,41.952,-71.973,54763,green,research,False,cc-by-nc
184377061,2023-09-22,41.952,-71.973,54763,green,research,False,cc-by-nc
184378235,2023-09-22,43.081,-77.67,48098,green,research,False,cc-by-nc
184379355,2023-09-22,41.041,-73.693,48098,green,research,False,cc-by-nc
184382299,2023-09-22,41.041,-73.692,48098,green,research,False,cc-by-nc
184413539,2023-09-22,39.907,-76.642,54802,green,research,False,cc-by-nc
184414421,2023-09-22,42.595,-71.589,49202,green,needs_id,False,cc-by-nc
184418468,2023-09-22,42.322,-71.24,48098,green,research,False,cc-by-nc
184420096,2023-09-22,42.595,-71.59,49202,green,research,False,cc-by-nc
184427264,2023-09-22,41.042,-73.693,48098,green,research,False,cc-by-nc
184514694,2023-09-22,41.019,-73.767,54763,green,research,False,cc-by-nc
184576205,2023-09-22,38.886,-77.12,48098,green,research,False,cc-by-nc
184605115,2023-09-22,42.366,-71.238,54763,green,research,False,cc-by-nc
186368625,2023-09-22,42.287,-71.258,52543,green,needs_id,False,cc-by-nc
186368746,2023-09-22,42.293,-71.259,48098,green,research,False,cc-by-nc
184525452,2023-09-23,44.212,-70.27,48098,green,needs_id,False,cc-by-nc
184531388,2023-09-23,42.37,-71.12,48098,green,needs_id,False,cc-by-nc
184723503,2023-09-23,42.42,-71.848,48098,green,research,False,cc0
184729463,2023-09-23,42.421,-71.828,48098,green,research,False,cc0
184794698,2023-09-23,42.492,-71.906,49202,green,research,False,cc0
184802691,2023-09-23,42.489,-71.904,49202,green,needs_id,False,cc0
184802694,2023-09-23,42.489,-71.904,49202,green,needs_id,False,cc0
184813643,2023-09-23,42.485,-71.902,49202,green,research,False,cc0
184813658,2023-09-23,42.486,-71.903,49202,green,research,False,cc0
184821787,2023-09-23,42.485,-71.902,49202,green,research,False,cc0
184829014,2023-09-23,42.476,-71.886,48098,green,research,False,cc0
184869726,2023-09-23,42.476,-71.886,49202,green,research,False,cc0
184894193,2023-09-23,43.994,-71.396,49202,green,research,False,cc-by-nc
184938553,2023-09-23,42.509,-71.612,54763,green,research,False,cc-by-nc
184971076,2023-09-23,43.56,-79.686,52543,colored,needs_id,False,cc-by-nc
184972855,2023-09-23,43.566,-79.672,52543,colored,needs_id,False,cc-by-nc
186670822,2023-09-23,46.673,-73.016,48098,colored,research,False,cc-by-nc
189162684,2023-09-23,45.509,-75.337,52543,green,research,False,cc-by-nc
189162686,2023-09-23,45.509,-75.337,48098,green,research,False,cc-by-nc
261022637,2023-09-23,45.633,-77.072,52543,green,research,False,cc-by-nc
261080763,2023-09-23,45.632,-77.072,52543,green,research,False,cc-by-nc
261296646,2023-09-23,45.634,-77.064,48098,green,research,False,cc-by-nc
184680584,2023-09-24,42.363,-71.26,54763,green,research,False,cc-by-nc
184702624,2023-09-24,38.757,-77.098,48098,green,research,False,cc0
184728482,2023-09-24,42.297,-72.597,48098,colored,needs_id,False,cc-by-nc
184768693,2023-09-24,42.28,-73.713,54795,green,research,False,cc-by-nc
184775252,2023-09-24,38.987,-76.962,49202,green,research,False,cc-by-nc
200972011,2023-09-24,41.372,-72.015,48098,colored,research,False,cc-by-nc
184877002,2023-09-25,38.615,-76.971,48098,colored,research,False,cc-by-nc
184877175,2023-09-25,42.414,-71.226,48098,green,research,False,cc-by-nc
184892330,2023-09-25,43.052,-73.801,48098,green,research,False,cc-by-nc
184896182,2023-09-25,40.948,-72.832,49658,green,research,False,cc-by-nc
184897291,2023-09-25,44.666,-70.144,52543,green,research,False,cc-by-nc
184912684,2023-09-25,44.528,-72.529,49005,green,research,False,cc0
184923522,2023-09-25,42.59,-77.135,48098,green,research,False,cc-by-nc
184954027,2023-09-25,45.988,-73.277,49202,green,research,False,cc-by-nc
184957323,2023-09-25,43.646,-74.044,48098,colored,research,False,cc-by-nc
184988536,2023-09-25,44.404,-68.242,48098,green,research,False,cc0
185028297,2023-09-26,42.294,-71.832,54763,green,research,False,cc-by-nc
185075032,2023-09-26,42.608,-72.163,49202,green,research,False,cc-by-nc-nd
185078112,2023-09-26,45.561,-73.529,54763,green,research,False,cc-by-nc
185080698,2023-09-26,45.561,-73.528,48098,green,research,False,cc-by-nc
185082068,2023-09-26,44.003,-71.278,48098,colored,research,False,cc-by-nc
187992624,2023-09-26,41.316,-74.657,48098,green,research,False,cc-by-nc
259710478,2023-09-26,43.507,-72.098,48098,colored,research,False,cc-by
185131048,2023-09-27,40.688,-73.971,48098,green,research,False,cc-by-nc
185204518,2023-09-27,39.164,-76.481,49658,green,research,False,cc-by-nc
185341463,2023-09-27,39.646,-79.792,49005,green,needs_id,False,cc-by-nc
185438752,2023-09-27,41.747,-71.222,54763,green,research,False,cc-by-nc
185241152,2023-09-28,40.801,-77.846,48098,green,needs_id,False,cc-by-nc
185279692,2023-09-28,42.887,-71.325,48098,green,research,False,cc-by-nc
185321015,2023-09-28,43.134,-70.931,54763,green,research,False,cc-by-nc
185339576,2023-09-28,42.343,-71.194,54763,green,research,False,cc-by-nc
185563266,2023-09-28,44.795,-77.168,48098,green,research,False,cc-by-nc
185425617,2023-09-29,42.38,-71.121,48098,green,research,False,cc-by-nc
185460198,2023-09-29,43.72,-79.361,49005,green,research,False,cc-by-nc
185475908,2023-09-29,44.798,-68.765,48098,green,research,False,cc-by-nc
185476724,2023-09-29,39.796,-74.939,48098,green,research,False,cc-by-nc
185504706,2023-09-29,42.296,-72.597,54763,colored,research,False,cc-by-nc
185527450,2023-09-29,38.928,-77.095,49202,green,research,False,cc-by-nc
185627635,2023-09-30,40.857,-74.583,48098,colored,research,False,cc-by-nc
185733746,2023-09-30,45.711,-73.839,48098,colored,research,False,cc-by-nc
185753724,2023-09-30,45.71,-73.825,48098,colored,research,False,cc-by-nc
186037366,2023-09-30,38.646,-77.234,49658,colored,research,False,cc-by-nc
186085767,2023-09-30,42.359,-71.743,48098,green,research,False,cc0
186085772,2023-09-30,42.359,-71.743,54763,green,research,False,cc0
186085786,2023-09-30,42.359,-71.743,48098,green,research,False,cc0
186085795,2023-09-30,42.359,-71.743,49202,green,research,False,cc0
186085800,2023-09-30,42.359,-71.743,49202,green,needs_id,False,cc0
186088971,2023-09-30,42.361,-71.744,49202,green,needs_id,False,cc0
186107671,2023-09-30,44.265,-70.983,48098,colored,research,False,cc-by-nc
185765423,2023-10-01,41.586,-72.971,48098,colored,research,False,cc-by-nc
185773394,2023-10-01,40.656,-74.245,48098,colored,research,False,cc-by-nc
185793097,2023-10-01,41.176,-73.492,54802,green,needs_id,False,cc-by-nc
185794908,2023-10-01,42.48,-71.415,54763,green,research,False,cc-by
185841071,2023-10-01,38.757,-77.099,49202,green,research,False,cc-by-nc
185845842,2023-10-01,40.986,-79.376,54763,green,research,False,cc-by-nc
185890722,2023-10-01,43.294,-73.71,52543,green,research,False,cc-by-nc
185964912,2023-10-01,40.916,-73.121,48098,green,research,False,cc-by-nc
185989104,2023-10-01,43.287,-73.702,48098,colored,research,False,cc-by-nc
186152969,2023-10-01,38.825,-77.711,49005,green,needs_id,False,cc-by
186475908,2023-10-01,42.321,-71.673,48098,colored,research,False,cc-by-nc
186762518,2023-10-01,40.585,-74.134,48098,green,research,False,cc-by-nc
199826942,2023-10-01,38.842,-77.42,54802,green,needs_id,False,cc-by-nc
257645875,2023-10-01,43.51,-72.104,48098,colored,research,False,cc-by
185936780,2023-10-02,41.893,-70.542,54795,green,research,False,cc-by
185938280,2023-10-02,42.309,-72.593,49202,green,research,False,cc-by-nc
185939248,2023-10-02,42.309,-72.593,54763,green,research,False,cc-by-nc
185939904,2023-10-02,38.784,-76.535,49658,green,research,False,cc-by-nc
185960540,2023-10-02,43.653,-74.39,48098,colored,research,False,cc-by-nc
185969701,2023-10-02,40.407,-74.566,48098,green,research,False,cc-by-nc
185971329,2023-10-02,40.349,-74.561,48098,green,research,False,cc-by-nc
185990012,2023-10-02,42.667,-72.324,49202,green,research,False,cc-by-nc
263085310,2023-10-02,43.499,-72.106,48098,colored,research,False,cc-by
186037166,2023-10-03,41.047,-73.701,48098,green,research,False,cc-by-nc
186076905,2023-10-03,41.839,-71.432,54763,green,research,False,cc-by-nc
187379756,2023-10-03,44.353,-73.362,54802,colored,research,False,cc-by-nc
186163846,2023-10-04,41.121,-73.487,54763,green,research,False,cc-by-nc
186177288,2023-10-04,41.122,-73.487,48098,colored,research,False,cc-by-nc
186282643,2023-10-05,41.486,-71.529,54763,green,research,False,cc-by-nc
186300944,2023-10-05,41.903,-71.397,48098,colored,needs_id,False,cc-by-nc
186310536,2023-10-05,44.827,-68.792,54763,green,research,False,cc-by-nc
186313267,2023-10-05,42.363,-71.257,54763,green,research,False,cc-by-nc
186339397,2023-10-05,39.041,-80.445,54763,green,research,False,cc-by-nc
186390820,2023-10-05,42.663,-72.322,49202,green,research,False,cc-by-nc
186391120,2023-10-05,42.669,-72.318,49202,green,research,False,cc-by-nc
186426051,2023-10-05,40.969,-73.073,48098,green,research,False,cc0
190443828,2023-10-05,44.858,-70.516,49005,colored,research,False,cc-by-nc
199699242,2023-10-05,38.743,-77.045,48098,green,research,False,cc-by-nc
186417206,2023-10-06,39.988,-74.132,54795,green,research,False,cc-by-nc
186467533,2023-10-06,41.991,-72.38,49005,green,research,False,cc-by-nc
186470067,2023-10-06,39.313,-76.871,54795,green,research,False,cc-by-nc-sa
186558915,2023-10-06,40.697,-73.561,54795,green,research,False,cc-by-nc
186585103,2023-10-06,47.24,-79.505,52543,colored,research,False,cc-by-nc
186585104,2023-10-06,47.24,-79.505,49005,green,research,False,cc-by-nc
186585113,2023-10-06,47.238,-79.506,49005,colored,research,False,cc-by-nc
186585114,2023-10-06,47.238,-79.505,48098,colored,research,False,cc-by-nc
186590895,2023-10-06,47.235,-79.516,49005,colored,research,False,cc-by-nc
186590901,2023-10-06,47.234,-79.515,49005,colored,research,False,cc-by-nc
186593601,2023-10-06,47.236,-79.52,52543,colored,research,False,cc-by-nc
186647902,2023-10-06,44.241,-71.656,49202,green,research,False,cc0
186647948,2023-10-06,44.241,-71.655,48098,green,research,False,cc0
186928814,2023-10-06,44.039,-79.508,49005,colored,research,False,cc-by-nc
186572384,2023-10-07,42.63,-71.907,49202,green,research,False,cc-by-nc
186654992,2023-10-07,44.216,-71.41,48098,colored,research,False,cc0
186656304,2023-10-07,44.018,-71.452,48098,colored,research,False,cc0
186663178,2023-10-07,44.354,-71.194,48098,green,research,False,cc0
186749014,2023-10-07,43.999,-71.863,52543,colored,research,False,cc-by-nc
187357253,2023-10-07,42.695,-80.332,54795,green,research,False,cc-by-nc
188214110,2023-10-07,44.281,-71.253,48098,colored,research,False,cc0
188290044,2023-10-07,44.245,-71.634,48098,colored,research,False,cc0
188292222,2023-10-07,44.099,-71.679,49202,green,research,False,cc0
188302462,2023-10-07,44.101,-71.671,49202,green,research,False,cc0
188775954,2023-10-07,42.915,-72.069,49202,green,research,False,cc-by
205086597,2023-10-07,40.861,-74.633,54795,colored,research,False,cc-by-nc
286598346,2023-10-07,46.542,-72.1,48098,colored,needs_id,False,cc-by-nc
186677338,2023-10-08,39.116,-76.233,48098,green,research,False,cc-by-nc
186703764,2023-10-08,43.728,-71.271,52543,colored,research,False,cc-by-nc
186758031,2023-10-08,45.58,-73.265,49005,green,research,False,cc-by
186851955,2023-10-09,43.72,-71.298,49202,green,research,False,cc-by-nc
186858156,2023-10-09,38.889,-76.552,49202,green,research,False,cc-by-nc
186858865,2023-10-09,38.889,-76.552,49658,colored,research,False,cc-by-nc
186859256,2023-10-09,38.889,-76.552,49658,colored,research,False,cc-by-nc
186883693,2023-10-09,42.376,-71.796,48098,colored,research,False,cc-by-nc
186899697,2023-10-09,42.787,-71.366,48098,green,research,False,cc-by-nc
186907682,2023-10-09,38.817,-77.081,49202,green,research,False,cc-by-nc
263048479,2023-10-09,43.51,-72.099,48098,colored,research,False,cc-by
263048480,2023-10-09,43.509,-72.102,48098,colored,research,False,cc-by
263048485,2023-10-09,43.512,-72.106,48098,colored,research,False,cc-by
263048486,2023-10-09,43.512,-72.106,48098,colored,research,False,cc-by
263048499,2023-10-09,43.514,-72.105,48098,green,research,False,cc-by
263048510,2023-10-09,43.515,-72.105,49202,green,research,False,cc-by
263048511,2023-10-09,43.515,-72.105,52543,colored,research,False,cc-by
263048513,2023-10-09,43.515,-72.105,48098,colored,research,False,cc-by
263048514,2023-10-09,43.515,-72.105,48098,green,research,False,cc-by
263048515,2023-10-09,43.515,-72.105,48098,colored,research,False,cc-by
263048516,2023-10-09,43.515,-72.104,48098,green,research,False,cc-by
263048517,2023-10-09,43.515,-72.104,49202,colored,research,False,cc-by
263048520,2023-10-09,43.515,-72.104,48098,colored,research,False,cc-by
263048522,2023-10-09,43.515,-72.104,48098,green,research,False,cc-by
263049042,2023-10-09,43.515,-72.104,48098,colored,research,False,cc-by
263049053,2023-10-09,43.516,-72.104,48098,colored,research,False,cc-by
263049055,2023-10-09,43.517,-72.104,49005,green,research,False,cc-by
263049065,2023-10-09,43.518,-72.105,49005,green,research,False,cc-by
263049069,2023-10-09,43.515,-72.109,49202,green,research,False,cc-by
263049073,2023-10-09,43.514,-72.111,48098,colored,research,False,cc-by
263049075,2023-10-09,43.512,-72.11,49202,colored,research,False,cc-by
186981791,2023-10-10,44.638,-70.131,54763,green,research,False,cc-by-nc
186999524,2023-10-10,39.284,-76.566,49658,green,research,False,cc0
187027813,2023-10-10,44.052,-74.534,48098,colored,research,False,cc-by-nc
187041990,2023-10-10,42.308,-72.526,49202,green,research,False,cc-by-nc
187044598,2023-10-10,43.674,-70.383,54763,green,research,False,cc-by-nc
187117530,2023-10-11,44.895,-70.558,48098,colored,research,False,cc-by-nc
187132550,2023-10-11,45.378,-69.425,48098,colored,needs_id,False,cc-by-nc
187135158,2023-10-11,41.215,-79.393,54802,colored,research,False,cc-by-nc
187897445,2023-10-11,44.391,-68.209,54763,green,research,False,cc-by-nc
214226961,2023-10-11,41.857,-71.518,54795,colored,research,False,cc-by-nc
328835601,2023-10-11,40.625,-74.122,54763,green,research,False,cc-by-nc
187265376,2023-10-12,42.101,-73.059,48098,colored,research,False,cc-by-nc
187270037,2023-10-12,40.91,-73.119,48098,green,research,False,cc-by-nc
187277468,2023-10-12,39.315,-76.702,49658,colored,research,False,cc-by-nc
187290817,2023-10-12,42.488,-71.886,49202,colored,research,False,cc-by-nc
187294096,2023-10-12,42.294,-71.828,54763,green,research,False,cc-by-nc
187317808,2023-10-12,45.578,-73.271,48098,green,research,False,cc-by
187319110,2023-10-12,45.577,-73.271,54763,green,research,False,cc-by
187319169,2023-10-12,45.577,-73.271,54763,green,research,False,cc-by
187365875,2023-10-12,45.426,-75.701,54763,green,research,False,cc-by-nc
187683085,2023-10-12,40.627,-74.989,48098,colored,research,False,cc-by-nc
188035495,2023-10-12,45.506,-77.576,49202,colored,research,False,cc-by-nc
194293959,2023-10-12,44.185,-71.731,48098,colored,research,False,cc-by-nc
187369731,2023-10-13,43.037,-76.127,48098,colored,research,False,cc-by-nc
187371178,2023-10-13,39.113,-78.462,54795,colored,research,False,cc-by-nc
187400986,2023-10-13,41.411,-72.907,54763,green,research,False,cc-by
187414300,2023-10-13,43.324,-73.675,54795,colored,research,False,cc-by-nc
187430767,2023-10-13,42.475,-72.161,49202,green,research,False,cc-by-nc
187430903,2023-10-13,42.476,-72.162,52543,green,research,False,cc-by-nc
187430998,2023-10-13,42.681,-72.329,48098,colored,research,False,cc-by-nc
187431371,2023-10-13,42.682,-72.33,48098,colored,research,False,cc-by-nc
187431402,2023-10-13,42.682,-72.33,49202,green,research,False,cc-by-nc
187437457,2023-10-13,42.678,-72.33,49202,green,research,False,cc-by-nc
187648863,2023-10-13,42.476,-72.162,49202,green,research,False,cc-by-nc
187649791,2023-10-13,42.482,-72.162,49202,green,research,False,cc-by-nc
187809472,2023-10-13,44.099,-71.683,49202,green,research,False,cc-by-nc
187851513,2023-10-13,41.158,-74.859,48098,green,research,False,cc-by-nc
188019496,2023-10-13,42.479,-72.165,48098,green,research,False,cc-by-nc
189060236,2023-10-13,43.633,-72.54,48098,colored,research,False,cc-by
187480923,2023-10-14,42.398,-72.521,49202,green,research,False,cc-by-nc
187484906,2023-10-14,42.397,-72.521,49005,green,needs_id,False,cc-by-nc
187500419,2023-10-14,39.303,-76.695,49658,green,research,False,cc-by-nc
187555849,2023-10-14,42.678,-72.406,49202,colored,research,False,cc-by-nc
187556196,2023-10-14,42.681,-72.401,48098,colored,research,False,cc-by-nc
187565548,2023-10-14,46.769,-71.357,49005,green,research,False,cc-by
187689251,2023-10-14,44.1,-71.688,49202,green,research,False,cc-by-nc
187728296,2023-10-14,44.1,-71.688,49202,green,research,False,cc-by-nc
200543862,2023-10-14,42.356,-72.723,48098,colored,research,False,cc-by-nc
187646822,2023-10-15,41.918,-70.56,54763,green,research,False,cc-by
187681694,2023-10-15,39.027,-76.795,49658,colored,research,False,cc-by-nc
187688594,2023-10-15,39.026,-76.799,49202,green,research,False,cc-by-nc
187698588,2023-10-15,42.421,-71.169,54763,green,research,False,cc-by-nc
258506327,2023-10-15,42.14,-72.451,54795,colored,research,False,cc-by-nc
258506390,2023-10-15,42.14,-72.451,54795,colored,research,False,cc-by-nc
262476816,2023-10-15,45.392,-75.703,52543,colored,research,False,cc-by-nc
284960477,2023-10-15,45.515,-73.673,49005,green,research,False,cc-by-nc
187809515,2023-10-16,44.355,-68.778,48098,colored,research,False,cc-by-nc
187816010,2023-10-16,40.747,-73.741,48098,green,research,False,cc-by-nc
187816882,2023-10-16,40.747,-73.741,48098,green,research,False,cc-by-nc
187831480,2023-10-16,38.788,-77.071,48098,colored,research,False,cc-by-nc
187896402,2023-10-16,45.355,-75.593,48098,colored,research,False,cc-by-nc
188191122,2023-10-16,38.858,-77.271,49202,green,research,False,cc-by-nc
258525033,2023-10-16,42.132,-72.456,48098,colored,research,False,cc-by-nc
187901766,2023-10-17,42.666,-71.124,48098,green,needs_id,False,cc-by-nc
187924341,2023-10-17,40.509,-80.271,49005,colored,needs_id,False,cc-by
187960179,2023-10-17,42.343,-71.197,54763,green,research,False,cc-by-nc
187969568,2023-10-17,45.581,-73.264,49005,green,research,False,cc-by
187969791,2023-10-17,45.581,-73.264,48098,colored,research,False,cc-by
187970529,2023-10-17,45.581,-73.265,49005,colored,research,False,cc-by
187971020,2023-10-17,45.581,-73.265,48098,colored,research,False,cc-by
187971144,2023-10-17,42.416,-71.211,54763,green,research,False,cc-by-nc
187971770,2023-10-17,42.669,-72.325,49202,green,research,False,cc-by-nc
187971901,2023-10-17,45.58,-73.265,48098,colored,research,False,cc-by
187972085,2023-10-17,45.581,-73.265,49005,colored,research,False,cc-by
187972608,2023-10-17,45.58,-73.265,48098,colored,research,False,cc-by
238084320,2023-10-17,41.958,-70.742,48098,colored,research,False,cc-by-nc
258526024,2023-10-17,42.14,-72.451,54795,colored,research,False,cc-by-nc
188035321,2023-10-18,39.706,-75.448,48098,green,research,False,cc-by-nc
188049277,2023-10-18,42.334,-71.165,54763,green,research,False,cc-by-nc
188051862,2023-10-18,38.791,-77.07,48098,green,research,False,cc-by-nc
188058846,2023-10-18,42.344,-71.197,54763,green,research,False,cc-by-nc
188080271,2023-10-18,41.887,-70.544,48098,green,research,False,cc-by
188081561,2023-10-18,42.662,-72.318,49202,green,research,False,cc-by-nc
188085696,2023-10-18,41.339,-72.187,54763,green,research,False,cc-by-nc
188106185,2023-10-18,42.328,-71.173,48098,colored,research,False,cc-by-nc
189403554,2023-10-18,39.24,-76.722,49202,green,research,False,cc-by-nc
195856846,2023-10-18,43.271,-79.906,54795,colored,research,False,cc-by-nc
248623866,2023-10-18,39.148,-76.639,48098,green,research,False,cc-by-nc
188152677,2023-10-19,43.083,-79.071,52543,colored,research,False,cc-by-nc
188179500,2023-10-19,38.79,-77.068,54763,green,research,False,cc-by-nc
188196094,2023-10-19,44.215,-69.143,52543,green,research,False,cc0
188222262,2023-10-19,40.672,-74.399,48098,colored,research,False,cc-by-nc
188282543,2023-10-19,44.369,-68.212,48098,colored,research,False,cc-by-nc
188741286,2023-10-19,43.973,-71.282,52543,colored,research,False,cc-by-nc
196992921,2023-10-19,43.412,-72.251,48098,colored,research,False,cc-by
199616815,2023-10-19,40.601,-80.001,48098,colored,research,False,cc-by-nc
188249684,2023-10-20,44.112,-72.669,49202,colored,needs_id,False,cc-by-nc
188272578,2023-10-20,46.341,-79.497,48098,colored,research,False,cc-by-nc
188295866,2023-10-20,45.141,-75.593,48098,colored,research,False,cc-by-nc
188385219,2023-10-20,42.478,-76.452,48098,colored,research,False,cc-by-nc
188387819,2023-10-20,42.478,-76.452,48098,colored,research,False,cc-by-nc
188883189,2023-10-20,39.07,-76.035,49202,green,research,False,cc-by-nc
192288803,2023-10-20,39.044,-80.462,54763,colored,needs_id,False,cc-by-nc
188377367,2023-10-21,44.39,-71.632,49202,colored,research,False,cc-by-nc
188396717,2023-10-21,44.391,-71.64,48098,colored,research,False,cc-by-nc
188399854,2023-10-21,41.342,-74.597,48098,colored,needs_id,False,cc-by-nc
188423954,2023-10-21,39.688,-76.279,48098,green,research,False,cc-by-nc
188442568,2023-10-21,42.76,-72.14,48098,colored,research,False,cc-by-nc
188535672,2023-10-21,43.994,-71.351,48098,colored,research,False,cc0
188535677,2023-10-21,43.994,-71.351,49202,colored,research,False,cc0
188555942,2023-10-21,43.993,-71.35,49202,colored,research,False,cc0
188720215,2023-10-21,41.021,-74.797,48098,colored,research,False,cc-by-nc
189308754,2023-10-21,44.216,-71.409,48098,colored,research,False,cc0
189310958,2023-10-21,44.217,-71.408,49202,colored,research,False,cc0
189408505,2023-10-21,44.216,-71.405,49202,colored,research,False,cc0
189408682,2023-10-21,44.205,-71.391,48098,colored,research,False,cc0
188528299,2023-10-22,38.577,-76.915,49202,green,research,False,cc-by-nc
188540478,2023-10-22,42.817,-72.011,49202,colored,research,False,cc-by-nc
188541634,2023-10-22,42.375,-71.1,48098,colored,research,False,cc-by-nc
188542354,2023-10-22,40.67,-73.971,48098,green,research,False,cc-by-nc
188560203,2023-10-22,42.363,-71.026,48098,colored,research,False,cc-by-nc
188567099,2023-10-22,38.889,-76.798,49202,green,research,False,cc-by-nc
188592436,2023-10-22,45.663,-73.533,52543,colored,research,False,cc-by-nc
188592863,2023-10-22,45.663,-73.533,49005,colored,research,False,cc-by-nc
188593805,2023-10-22,45.663,-73.533,52543,colored,research,False,cc-by-nc
188594295,2023-10-22,45.662,-73.533,52543,colored,research,False,cc-by-nc
188595317,2023-10-22,45.658,-73.54,49005,colored,research,False,cc-by-nc
188595650,2023-10-22,45.658,-73.54,52543,colored,research,False,cc-by-nc
188603303,2023-10-22,42.475,-70.902,54802,colored,research,False,cc-by-nc
188612704,2023-10-22,42.668,-72.323,49202,colored,research,False,cc-by-nc
188619898,2023-10-22,42.446,-71.121,48098,colored,research,False,cc-by-nc
192949263,2023-10-22,38.984,-76.302,49658,colored,research,False,cc-by-nc
193983508,2023-10-22,39.501,-74.608,48098,colored,research,False,cc-by-nc
206722061,2023-10-22,40.556,-74.213,54795,colored,research,False,cc-by-nc
188676257,2023-10-23,40.479,-74.431,48098,colored,research,False,cc-by
188689080,2023-10-23,45.39,-75.737,52543,colored,research,False,cc-by-nc
188706105,2023-10-23,41.894,-70.542,54763,green,research,False,cc-by
188718105,2023-10-23,42.625,-72.563,48098,colored,research,False,cc-by
263077805,2023-10-23,43.508,-72.097,48098,colored,research,False,cc-by
263077839,2023-10-23,43.512,-72.095,52543,bare,needs_id,False,cc-by
263077848,2023-10-23,43.511,-72.096,49005,colored,research,False,cc-by
188768690,2023-10-24,39.941,-75.277,52543,colored,research,False,cc-by-nc
188782309,2023-10-24,42.212,-73.83,54763,green,research,False,cc-by-nc
188787935,2023-10-24,41.351,-72.186,54763,green,research,False,cc-by-nc
188804660,2023-10-24,42.538,-72.539,49202,colored,research,False,cc-by-nc
188816159,2023-10-24,40.917,-73.117,48098,colored,research,False,cc-by-nc
188821633,2023-10-24,44.437,-74.253,54763,colored,research,False,cc-by-nc
188830053,2023-10-24,39.223,-76.883,49658,colored,research,False,cc-by-nc
188831690,2023-10-24,41.574,-73.619,52543,colored,needs_id,False,cc-by-nc
188838566,2023-10-24,42.677,-72.324,49202,colored,research,False,cc-by-nc
188838744,2023-10-24,42.677,-72.324,49202,colored,research,False,cc-by-nc
188945250,2023-10-24,42.574,-70.757,48098,colored,research,False,cc-by-nc
188946321,2023-10-24,42.573,-70.762,54763,green,research,False,cc-by-nc
188978995,2023-10-24,43.562,-79.682,49005,colored,research,False,cc-by-nc
189478364,2023-10-24,42.45,-76.374,48098,colored,research,False,cc-by-nc
263077857,2023-10-24,43.508,-72.094,48098,colored,research,False,cc-by
188915555,2023-10-25,38.91,-77.076,49202,green,research,False,cc-by-nc
188930192,2023-10-25,44.494,-73.15,54763,green,research,False,cc-by
188934719,2023-10-25,43.726,-69.995,54763,green,research,False,cc-by-nc
188936080,2023-10-25,45.327,-75.804,52543,colored,research,False,cc-by-nc
188942629,2023-10-25,41.893,-70.538,54763,green,research,False,cc-by
189375519,2023-10-25,41.969,-72.607,54763,colored,research,False,cc-by-nc
199615663,2023-10-25,40.588,-79.986,48098,colored,research,False,cc-by-nc
216664201,2023-10-25,45.347,-76.031,54763,colored,research,False,cc-by-nc
189001092,2023-10-26,40.094,-75.19,48098,green,research,False,cc-by-nc
189003740,2023-10-26,38.909,-77.078,49202,green,research,False,cc-by-nc
189004217,2023-10-26,38.909,-77.079,49202,green,research,False,cc-by-nc
189011735,2023-10-26,42.267,-72.642,49202,colored,research,False,cc-by-nc
189034856,2023-10-26,42.103,-72.584,54763,colored,research,False,cc-by-nc
189036834,2023-10-26,40.418,-74.478,48098,colored,research,False,cc-by-nc
189040915,2023-10-26,38.899,-77.113,52543,colored,research,False,cc-by-nc
189135368,2023-10-26,39.109,-76.95,49658,colored,research,False,cc-by-nc
199615669,2023-10-26,40.588,-79.986,48098,colored,research,False,cc-by-nc
189151616,2023-10-27,44.39,-69.976,54763,green,research,False,cc-by-nc
189152135,2023-10-27,38.925,-77.097,54802,colored,research,False,cc0
189156828,2023-10-27,42.895,-72.13,49202,colored,research,False,cc-by
189164677,2023-10-27,42.903,-72.13,48098,colored,research,False,cc-by
189671976,2023-10-27,41.217,-74.115,54795,colored,research,False,cc-by-nc
189222094,2023-10-28,38.818,-77.071,49202,green,research,False,cc-by-nc
189235124,2023-10-28,42.684,-71.971,49202,colored,research,False,cc-by-nc
189247192,2023-10-28,41.967,-70.683,54763,green,research,False,cc-by
189247209,2023-10-28,41.971,-70.677,54763,green,research,False,cc-by
189253617,2023-10-28,41.972,-70.676,54763,colored,research,False,cc-by
189253661,2023-10-28,41.974,-70.677,54763,green,research,False,cc-by
189281221,2023-10-28,40.424,-80.021,54763,colored,research,False,cc-by
189286112,2023-10-28,43.192,-77.513,52543,colored,research,False,cc-by
189287810,2023-10-28,42.677,-72.331,49202,colored,research,False,cc-by-nc
189294954,2023-10-28,45.667,-73.517,52543,colored,research,False,cc-by-nc
189295936,2023-10-28,45.668,-73.516,52543,colored,research,False,cc-by-nc
189296108,2023-10-28,45.668,-73.517,54763,green,research,False,cc-by-nc
189299662,2023-10-28,41.892,-70.539,54763,colored,research,False,cc-by
189519125,2023-10-28,42.677,-72.331,49202,colored,research,False,cc-by-nc
190503826,2023-10-28,45.321,-75.78,52543,colored,needs_id,False,cc-by-nc
231057062,2023-10-28,43.861,-79.211,49202,colored,research,False,cc-by-nc
189392760,2023-10-29,38.766,-76.693,49658,colored,research,False,cc-by-nc
189406843,2023-10-29,39.499,-76.594,52543,colored,needs_id,False,cc-by-nc
189630682,2023-10-29,41.73,-70.111,49202,green,research,False,cc-by-nc
263079137,2023-10-29,43.501,-72.098,49005,colored,research,False,cc-by
263338231,2023-10-29,45.458,-76.223,52543,bare,research,False,cc-by-nc
263339492,2023-10-29,45.458,-76.222,52543,bare,research,False,cc-by-nc
189477139,2023-10-30,42.369,-71.258,54763,green,needs_id,False,cc-by-nc
189490576,2023-10-30,40.773,-77.592,48098,colored,research,False,cc-by-nc
189495614,2023-10-30,42.369,-71.26,48098,colored,research,False,cc-by-nc
189497328,2023-10-30,42.368,-71.262,54763,green,research,False,cc-by-nc
189593845,2023-10-31,42.383,-72.453,49005,colored,research,False,cc-by-nc
189621787,2023-10-31,42.675,-72.325,48098,bare,research,False,cc-by-nc
189621843,2023-10-31,42.675,-72.325,49202,colored,research,False,cc-by-nc
189622220,2023-10-31,42.677,-72.321,49202,colored,research,False,cc-by-nc
189622562,2023-10-31,42.68,-72.324,49202,colored,research,False,cc-by-nc
191200509,2023-10-31,39.099,-80.47,54763,colored,research,False,cc-by-nc
189689705,2023-11-01,41.839,-71.432,54763,green,research,False,cc-by-nc
217507001,2023-11-01,45.401,-75.754,52543,colored,needs_id,False,cc-by-nc
189763738,2023-11-02,40.101,-75.241,48098,colored,research,False,cc-by-nc
189763908,2023-11-02,39.88,-74.533,48098,bare,research,False,cc-by-nc
189784123,2023-11-02,44.281,-71.757,48098,colored,research,False,cc-by-nc
189799230,2023-11-02,42.672,-72.324,49202,colored,research,False,cc-by-nc
189799295,2023-11-02,42.672,-72.324,49202,bare,research,False,cc-by-nc
189800694,2023-11-02,42.672,-72.324,49202,colored,research,False,cc-by-nc
189812997,2023-11-02,44.279,-71.757,49202,colored,research,False,cc-by-nc
189882969,2023-11-03,38.894,-77.062,49202,green,research,False,cc-by-nc
189883073,2023-11-03,38.894,-77.062,49202,green,research,False,cc-by-nc
189884603,2023-11-03,38.896,-77.062,49202,green,research,False,cc-by-nc
189885122,2023-11-03,40.69,-74.016,54763,green,research,False,cc-by-nc
189890640,2023-11-03,40.814,-77.837,54802,bare,research,False,cc0
189893370,2023-11-03,39.142,-76.887,54802,green,needs_id,False,cc-by-nc
189897434,2023-11-03,38.553,-78.324,54795,green,research,False,cc-by-nc
189898042,2023-11-03,38.553,-78.329,48098,green,research,False,cc-by-nc
189912200,2023-11-03,39.019,-76.997,48098,colored,research,False,cc-by-nc
189938845,2023-11-03,42.618,-71.275,54763,green,research,False,cc-by-nc
189979406,2023-11-04,44.072,-71.169,49202,colored,research,False,cc-by-nc
190012692,2023-11-04,42.662,-72.323,48098,bare,research,False,cc-by-nc
190097533,2023-11-04,42.371,-71.252,49005,colored,needs_id,False,cc-by-nc
190099838,2023-11-04,42.37,-71.253,54763,green,research,False,cc-by-nc
190100117,2023-11-04,42.37,-71.253,54763,green,needs_id,False,cc-by-nc
190447235,2023-11-04,42.127,-79.975,48098,green,research,False,cc-by
263351576,2023-11-04,45.599,-77.096,52543,bare,research,False,cc-by-nc
263352037,2023-11-04,45.599,-77.096,48098,colored,research,False,cc-by-nc
263352359,2023-11-04,45.599,-77.096,52543,bare,research,False,cc-by-nc
190078285,2023-11-05,45.419,-75.643,54763,colored,research,False,cc-by-nc
190130468,2023-11-05,41.814,-70.555,54763,green,research,False,cc-by
190157509,2023-11-05,45.374,-75.794,52543,colored,research,False,cc-by-nc
190172803,2023-11-05,43.567,-79.669,49005,colored,research,False,cc-by-nc
190396894,2023-11-05,40.516,-74.221,48098,colored,research,False,cc-by-nc
190239007,2023-11-06,44.513,-73.162,49202,colored,research,False,cc-by-nc
190262945,2023-11-06,40.666,-73.956,54763,green,research,False,cc-by-nc
190330940,2023-11-07,38.899,-77.113,48098,colored,research,False,cc-by-nc
190340647,2023-11-07,40.947,-73.835,54763,green,research,False,cc-by-nc
190340651,2023-11-07,40.947,-73.835,54763,green,research,False,cc-by-nc
190361561,2023-11-07,38.75,-77.106,49658,colored,research,False,cc-by-nc
190520193,2023-11-07,39.905,-75.064,48098,colored,research,False,cc-by-nc
190404265,2023-11-08,42.268,-72.198,54763,colored,research,False,cc-by-nc
190428486,2023-11-08,43.084,-77.671,49202,colored,research,False,cc-by-nc
190899224,2023-11-08,40.682,-74.548,48098,bare,research,False,cc-by-nc
191681279,2023-11-08,39.868,-79.496,48098,colored,research,False,cc-by-nc
200529735,2023-11-08,39.948,-75.452,48098,colored,research,False,cc-by-nc
190492937,2023-11-09,44.034,-71.15,49202,bare,research,False,cc-by-nc
190501542,2023-11-09,38.997,-76.945,49202,colored,research,False,cc-by-nc
190510874,2023-11-09,41.325,-72.908,54763,colored,research,False,cc-by-nc
190556239,2023-11-09,39.899,-74.892,48098,colored,research,False,cc-by-nc
190579217,2023-11-10,42.454,-71.198,49202,colored,research,False,cc-by-nc
190580758,2023-11-10,42.453,-71.198,54763,colored,research,False,cc-by-nc
190582028,2023-11-10,40.6,-74.409,48098,colored,research,False,cc-by-nc
190614111,2023-11-10,40.665,-73.968,54763,colored,research,False,cc-by-nc
190628036,2023-11-10,45.392,-75.703,48098,green,research,False,cc-by-nc
214807695,2023-11-10,44.133,-70.885,49202,colored,research,False,cc-by-nc
190686920,2023-11-11,38.912,-76.973,49202,colored,research,False,cc-by-nc
190693143,2023-11-11,39.023,-76.781,49202,colored,research,False,cc-by-nc
190707651,2023-11-11,39.017,-76.807,49202,colored,research,False,cc-by-nc
190711228,2023-11-11,42.542,-73.873,54763,colored,research,False,cc-by-nc
190711261,2023-11-11,41.29,-72.96,54763,green,research,False,cc-by-nc
190713569,2023-11-11,42.326,-72.649,48098,colored,research,False,cc-by-nc
190718268,2023-11-11,41.815,-72.246,54763,green,research,False,cc-by-nc
190862003,2023-11-11,39.037,-79.459,49202,bare,research,False,cc-by-nc
190841110,2023-11-12,45.681,-73.511,49005,colored,research,False,cc-by-nc
190841472,2023-11-12,45.683,-73.513,48098,colored,research,False,cc-by-nc
190844543,2023-11-12,45.682,-73.512,48098,colored,research,False,cc-by-nc
190844740,2023-11-12,45.68,-73.511,49005,bare,research,False,cc-by-nc
190844884,2023-11-12,45.679,-73.511,49005,bare,research,False,cc-by-nc
190845192,2023-11-12,45.678,-73.513,49202,bare,research,False,cc-by-nc
190911968,2023-11-13,38.868,-76.848,48098,colored,research,False,cc-by-nc
190949943,2023-11-13,40.611,-74.437,48098,colored,research,False,cc-by-nc
190949949,2023-11-13,40.611,-74.437,48098,colored,research,False,cc-by-nc
191021098,2023-11-13,41.695,-69.989,48098,colored,research,False,cc-by-nc
191025040,2023-11-14,39.709,-75.114,48098,colored,research,False,cc-by-nc
192215493,2023-11-14,39.709,-75.116,48098,colored,research,False,cc-by-nc
191102831,2023-11-15,39.02,-76.796,49202,colored,research,False,cc-by-nc
191110614,2023-11-15,44.477,-73.186,54763,colored,research,False,cc-by-nc
191133662,2023-11-15,41.952,-70.665,54763,colored,research,False,cc-by
191233912,2023-11-15,42.607,-72.494,49005,bare,research,False,cc-by-nc
191179812,2023-11-16,41.382,-72.107,54763,colored,research,False,cc-by-nc
191191757,2023-11-16,42.297,-71.825,54763,colored,research,False,cc-by-nc
191191985,2023-11-16,42.297,-71.825,49005,colored,research,False,cc-by-nc
191192626,2023-11-16,42.297,-71.826,49005,bare,research,False,cc-by-nc
191194247,2023-11-16,42.297,-71.826,49005,bare,research,False,cc-by-nc
191200171,2023-11-16,42.361,-71.257,54763,green,research,False,cc-by-nc
191202026,2023-11-16,40.891,-73.901,54795,green,research,False,cc-by
191222363,2023-11-16,44.492,-73.179,54763,colored,research,False,cc-by-nc
191229561,2023-11-16,42.472,-71.351,54763,colored,research,False,cc-by-nc
191234735,2023-11-16,42.673,-72.322,48098,colored,research,False,cc-by-nc
191234899,2023-11-16,42.673,-72.325,49202,bare,research,False,cc-by-nc
191234930,2023-11-16,42.673,-72.325,49202,bare,research,False,cc-by-nc
191432526,2023-11-16,40.794,-73.954,48098,colored,research,False,cc-by-nc
191302877,2023-11-17,39.085,-76.688,49658,colored,research,False,cc-by-nc
191303112,2023-11-17,39.085,-76.688,49202,colored,research,False,cc-by-nc
191381035,2023-11-18,45.324,-75.732,52543,colored,research,False,cc-by-nc
191385144,2023-11-18,38.784,-76.702,49202,colored,research,False,cc0
191387086,2023-11-18,42.031,-73.441,54763,colored,research,False,cc-by-nc
191400680,2023-11-18,38.805,-77.004,49658,colored,research,False,cc-by-nc
191401820,2023-11-18,40.795,-72.886,49005,colored,needs_id,False,cc-by-nc
191420703,2023-11-18,39.154,-76.679,48098,colored,research,False,cc-by-nc
191509289,2023-11-18,43.055,-78.788,48098,bare,research,False,cc-by-nc
193621672,2023-11-18,45.109,-75.784,52543,bare,research,False,cc-by-nc
193621677,2023-11-18,45.108,-75.785,52543,bare,research,False,cc-by-nc
191495905,2023-11-19,42.104,-72.16,54802,bare,research,False,cc0
191513593,2023-11-19,41.725,-72.218,54763,colored,research,False,cc-by-nc
191527949,2023-11-19,38.791,-77.071,48098,colored,research,False,cc-by-nc
193981223,2023-11-19,38.879,-77.052,48098,colored,research,False,cc-by-nc
197786233,2023-11-19,38.773,-77.051,49658,bare,research,False,cc-by
197786238,2023-11-19,38.778,-77.05,49658,colored,research,False,cc-by
191769608,2023-11-22,38.707,-76.616,49202,colored,research,False,cc-by-nc
191771199,2023-11-22,39.006,-76.868,49202,colored,research,False,cc-by-nc
191793889,2023-11-22,39.049,-76.515,49658,colored,research,False,cc-by-nc
191865067,2023-11-23,41.679,-72.755,54763,colored,research,False,cc-by-nc
191869874,2023-11-23,38.685,-76.546,49202,colored,research,False,cc-by-nc
191967773,2023-11-23,39.107,-76.532,49658,colored,research,False,cc-by-nc
192364609,2023-11-23,44.196,-71.736,49202,colored,research,False,cc-by-nc
191969127,2023-11-24,39.138,-76.257,49658,colored,research,False,cc-by-nc
191979709,2023-11-24,40.315,-79.978,49658,colored,research,False,cc-by-nc
191980904,2023-11-24,38.51,-76.637,49658,colored,research,False,cc-by-nc
263805889,2023-11-24,43.513,-72.096,49202,bare,research,False,cc-by
192126612,2023-11-25,40.928,-75.2,49202,bare,research,False,cc-by
192130713,2023-11-25,42.676,-72.319,48098,bare,research,False,cc-by-nc
192131371,2023-11-25,42.681,-72.326,49202,bare,research,False,cc-by-nc
192156133,2023-11-25,39.116,-76.152,49658,colored,research,False,cc-by-nc
192413179,2023-11-25,39.102,-76.944,48098,bare,research,False,cc-by-nc
192235682,2023-11-26,38.925,-76.935,49658,colored,research,False,cc-by-nc
192461884,2023-11-26,42.378,-72.477,49202,bare,research,False,cc-by-nc
194237241,2023-11-26,45.338,-75.697,52543,bare,research,False,cc-by-nc
192370849,2023-11-27,44.478,-73.186,54763,colored,research,False,cc-by-nc
263807547,2023-11-27,43.503,-72.106,49202,bare,research,False,cc-by
193527376,2023-11-29,40.593,-74.544,48098,bare,research,False,cc-by-nc
192649221,2023-11-30,41.718,-72.219,54763,colored,research,False,cc-by-nc
239216127,2024-09-01,38.75,-77.104,49658,green,research,False,cc0
239217137,2024-09-01,41.492,-71.281,54763,green,research,False,cc-by-nc
239222128,2024-09-01,41.857,-72.863,49202,green,research,False,cc-by
239227304,2024-09-01,40.246,-76.468,49202,green,research,False,cc-by-nc
239268924,2024-09-01,45.485,-78.761,48098,colored,research,False,cc-by-nc
239277015,2024-09-01,41.267,-72.939,54795,green,research,False,cc0
239321223,2024-09-01,41.506,-76.937,49202,green,research,False,cc-by-nc
239365536,2024-09-01,45.086,-67.327,48098,green,research,False,cc0
239877611,2024-09-01,39.022,-77.598,49202,green,research,False,cc-by-nc
246243649,2024-09-01,45.395,-72.746,52543,green,needs_id,False,cc-by-nc
246243653,2024-09-01,45.395,-72.746,52543,green,needs_id,False,cc-by-nc
252512733,2024-09-01,44.823,-68.699,49005,green,research,False,cc-by-nc
239378558,2024-09-02,41.618,-73.97,52543,green,needs_id,False,cc-by-nc
239385393,2024-09-02,42.173,-70.729,48098,green,research,False,cc-by-nc
239386970,2024-09-02,41.802,-72.746,54802,green,needs_id,False,cc-by-nc
239393388,2024-09-02,40.349,-74.564,49202,green,research,False,cc-by-nc
239409446,2024-09-02,42.678,-78.505,48098,green,research,False,cc-by
239433191,2024-09-02,42.504,-70.911,48098,colored,research,False,cc-by-nc
239436107,2024-09-02,45.028,-75.678,49202,green,research,False,cc-by-nc
239437296,2024-09-02,40.521,-80.471,54795,green,research,False,cc-by-nc
239439387,2024-09-02,40.52,-80.467,54802,colored,needs_id,False,cc-by-nc
239457451,2024-09-02,45.853,-72.43,48098,green,research,False,cc-by-nc
239457601,2024-09-02,43.072,-77.29,54763,green,research,False,cc-by-nc-sa
239458534,2024-09-02,42.228,-71.255,49202,green,research,False,cc-by-nc
239469093,2024-09-02,41.43,-73.957,54795,green,research,False,cc-by-nc
239482001,2024-09-02,42.228,-71.256,54795,colored,research,False,cc-by-nc
239505756,2024-09-02,39.681,-76.492,48098,green,research,False,cc-by-nc
239513176,2024-09-02,39.7,-76.535,48098,green,research,False,cc-by-nc
239513184,2024-09-02,39.7,-76.535,52543,green,research,False,cc-by-nc
239513197,2024-09-02,39.7,-76.535,54795,green,research,False,cc-by-nc
239513254,2024-09-02,39.7,-76.535,54802,green,research,False,cc-by-nc
239513426,2024-09-02,39.473,-76.218,49658,green,research,False,cc-by-nc
239513453,2024-09-02,39.472,-76.218,48098,green,research,False,cc-by-nc
239513462,2024-09-02,39.472,-76.217,54802,green,research,False,cc-by-nc
239513509,2024-09-02,39.492,-76.215,49658,green,research,False,cc-by-nc
239513510,2024-09-02,39.492,-76.215,49202,green,research,False,cc-by-nc
239513512,2024-09-02,39.492,-76.215,49005,green,research,False,cc-by-nc
239513518,2024-09-02,39.491,-76.214,49658,green,research,False,cc-by-nc
239513537,2024-09-02,39.491,-76.213,49005,green,research,False,cc-by-nc
239533457,2024-09-02,40.309,-74.365,48098,green,research,False,cc-by
239656823,2024-09-02,38.762,-77.304,49202,green,research,False,cc-by-nc
239725288,2024-09-02,41.378,-74.626,54795,green,research,False,cc-by-nc
239870781,2024-09-02,45.655,-73.366,48098,green,research,False,cc-by-nc
240377716,2024-09-02,40.192,-75.277,54763,green,research,False,cc-by
240696621,2024-09-02,38.959,-77.197,49202,green,research,False,cc-by-nc
240834498,2024-09-02,43.976,-71.363,49202,green,research,False,cc-by-nc
241387072,2024-09-02,39.415,-76.835,48098,green,research,False,cc-by-nc
241956762,2024-09-02,43.74,-79.566,48098,colored,needs_id,False,cc-by-nc
243104007,2024-09-02,44.523,-74.049,52543,green,needs_id,False,cc-by-nc
246200904,2024-09-02,42.432,-71.105,54763,green,research,False,cc-by-nc
246247505,2024-09-02,45.343,-72.774,48098,green,research,False,cc-by-nc
246247514,2024-09-02,45.343,-72.774,52543,green,research,False,cc-by-nc
246247557,2024-09-02,45.343,-72.774,49005,green,research,False,cc-by-nc
246247581,2024-09-02,45.343,-72.774,48098,green,needs_id,False,cc-by-nc
239590623,2024-09-03,38.909,-77.049,54763,green,research,False,cc0
239593053,2024-09-03,42.285,-71.232,54795,green,research,False,cc-by-nc
239593087,2024-09-03,42.285,-71.232,54795,green,research,False,cc-by-nc
239593092,2024-09-03,42.285,-71.232,54795,green,research,False,cc-by-nc
239593140,2024-09-03,42.285,-71.232,54795,green,research,False,cc-by-nc
239593165,2024-09-03,42.285,-71.232,54795,green,research,False,cc-by-nc
239593180,2024-09-03,42.285,-71.232,54795,green,research,False,cc-by-nc
239593205,2024-09-03,42.285,-71.232,54795,green,research,False,cc-by-nc
239593244,2024-09-03,42.285,-71.232,54795,green,research,False,cc-by-nc
239593249,2024-09-03,42.285,-71.232,54795,green,research,False,cc-by-nc
239593252,2024-09-03,42.285,-71.232,54795,green,research,False,cc-by-nc
239593283,2024-09-03,42.285,-71.232,54795,green,research,False,cc-by-nc
239593293,2024-09-03,42.285,-71.232,54795,green,research,False,cc-by-nc
239593471,2024-09-03,42.285,-71.232,54795,green,research,False,cc-by-nc
239593551,2024-09-03,42.285,-71.232,54763,green,research,False,cc-by-nc
239593748,2024-09-03,42.285,-71.232,54763,green,research,False,cc-by-nc
239593815,2024-09-03,42.285,-71.232,54763,green,research,False,cc-by-nc
239593858,2024-09-03,42.285,-71.233,54763,green,research,False,cc-by-nc
239593925,2024-09-03,42.285,-71.232,54763,green,research,False,cc-by-nc
239593936,2024-09-03,42.285,-71.232,54763,green,research,False,cc-by-nc
239593948,2024-09-03,42.285,-71.233,54763,green,research,False,cc-by-nc
239593965,2024-09-03,42.285,-71.232,54763,green,research,False,cc-by-nc
239594001,2024-09-03,42.285,-71.232,54763,green,research,False,cc-by-nc
239594043,2024-09-03,42.285,-71.232,54763,green,research,False,cc-by-nc
239599347,2024-09-03,43.129,-70.94,48098,green,research,False,cc-by-nc
239599498,2024-09-03,43.129,-70.94,49202,green,research,False,cc-by-nc
239599502,2024-09-03,43.129,-70.941,49202,green,research,False,cc-by-nc
239599526,2024-09-03,43.129,-70.94,49202,green,research,False,cc-by-nc
239599788,2024-09-03,43.129,-70.94,48098,green,research,False,cc-by-nc
239599817,2024-09-03,43.129,-70.94,49202,green,research,False,cc-by-nc
239599956,2024-09-03,43.129,-70.94,49202,green,research,False,cc-by-nc
239600220,2024-09-03,43.129,-70.941,49202,green,research,False,cc-by-nc
239600441,2024-09-03,43.129,-70.94,49202,green,research,False,cc-by-nc
239600689,2024-09-03,43.129,-70.941,49202,green,research,False,cc-by-nc
239600863,2024-09-03,43.129,-70.941,49202,green,research,False,cc-by-nc
239601120,2024-09-03,43.129,-70.941,52543,green,needs_id,False,cc-by-nc
239601577,2024-09-03,43.129,-70.941,49202,green,research,False,cc-by-nc
239610497,2024-09-03,40.35,-74.565,49658,green,research,False,cc-by-nc
239611128,2024-09-03,42.28,-71.783,49202,green,research,False,cc-by-nc
239615079,2024-09-03,40.35,-74.56,48098,green,research,False,cc-by-nc
239633720,2024-09-03,43.13,-70.94,49202,green,research,False,cc-by-nc
239642907,2024-09-03,43.133,-70.936,49202,green,research,False,cc-by-nc
239655595,2024-09-03,43.763,-73.045,49005,green,needs_id,False,cc-by-nc
239655691,2024-09-03,43.763,-73.045,48098,green,research,False,cc-by-nc
239659495,2024-09-03,40.194,-75.46,54795,green,research,False,cc-by-nc
239669526,2024-09-03,43.132,-70.942,49202,green,research,False,cc-by-nc
239670016,2024-09-03,43.132,-70.943,49202,green,research,False,cc-by-nc
239670060,2024-09-03,43.132,-70.943,49202,green,research,False,cc-by-nc
239670263,2024-09-03,43.132,-70.943,49202,green,research,False,cc-by-nc
239670519,2024-09-03,43.132,-70.943,49202,green,research,False,cc-by-nc
239670801,2024-09-03,43.132,-70.943,49202,green,research,False,cc-by-nc
239671146,2024-09-03,43.132,-70.943,49202,green,research,False,cc-by-nc
239671464,2024-09-03,43.132,-70.943,48098,green,research,False,cc-by-nc
239671903,2024-09-03,43.131,-70.944,49202,green,research,False,cc-by-nc
239677703,2024-09-03,41.051,-73.705,54795,green,research,False,cc-by-nc
239679046,2024-09-03,41.046,-73.701,54763,green,needs_id,False,cc-by-nc
239679308,2024-09-03,41.052,-73.705,54763,green,research,False,cc-by-nc
239686851,2024-09-03,41.044,-73.7,54795,green,research,False,cc-by-nc
239693656,2024-09-03,43.133,-70.945,49202,green,research,False,cc-by-nc
239700213,2024-09-03,40.35,-74.566,49202,green,research,False,cc-by-nc
239702189,2024-09-03,41.152,-78.848,49202,green,research,False,cc-by-nc
239704877,2024-09-03,44.23,-68.535,54763,green,research,False,cc-by-nc
239710482,2024-09-03,38.796,-76.697,49202,green,research,False,cc-by-nc
239723090,2024-09-03,43.132,-70.945,49202,green,research,False,cc-by-nc
239836801,2024-09-03,42.692,-72.357,49202,green,research,False,cc-by-nc
239905319,2024-09-03,38.585,-77.259,54795,colored,research,False,cc0
240019600,2024-09-03,46.11,-75.693,49005,colored,research,False,cc-by-nc
240247437,2024-09-03,43.684,-71.009,49202,green,research,False,cc-by-nc
240337929,2024-09-03,42.336,-79.606,49202,green,research,False,cc-by-nc
242899976,2024-09-03,39.002,-76.953,54795,green,research,False,cc-by-nc
245869398,2024-09-03,43.333,-70.547,54763,green,research,False,cc-by
239781534,2024-09-04,42.582,-70.873,54763,green,research,False,cc-by
239781647,2024-09-04,42.285,-71.233,54763,green,research,False,cc-by-nc
239781674,2024-09-04,42.285,-71.233,54763,green,research,False,cc-by-nc
239781817,2024-09-04,42.285,-71.232,54763,green,research,False,cc-by-nc
239781840,2024-09-04,42.285,-71.232,54763,green,research,False,cc-by-nc
239781863,2024-09-04,42.285,-71.232,54763,green,research,False,cc-by-nc
239781987,2024-09-04,42.285,-71.233,54763,green,research,False,cc-by-nc
239782228,2024-09-04,42.285,-71.233,54763,green,research,False,cc-by-nc
239782234,2024-09-04,42.285,-71.232,54763,green,research,False,cc-by-nc
239783997,2024-09-04,41.548,-71.437,54763,green,research,False,cc-by-nc
239786437,2024-09-04,38.916,-77.059,49202,green,research,False,cc0
239793913,2024-09-04,43.133,-70.945,49202,green,research,False,cc-by-nc
239794117,2024-09-04,43.133,-70.945,49202,green,research,False,cc-by-nc
239794420,2024-09-04,43.131,-70.945,49202,green,research,False,cc-by-nc
239794566,2024-09-04,43.132,-70.945,49202,green,research,False,cc-by-nc
239794638,2024-09-04,43.132,-70.945,49202,green,research,False,cc-by-nc
239794856,2024-09-04,43.132,-70.945,49202,green,research,False,cc-by-nc
239795565,2024-09-04,43.132,-70.944,49202,green,research,False,cc-by-nc
239795674,2024-09-04,43.132,-70.945,49202,green,research,False,cc-by-nc
239795719,2024-09-04,43.132,-70.945,54763,green,research,False,cc-by-nc
239796095,2024-09-04,43.132,-70.944,49202,green,research,False,cc-by-nc
239797056,2024-09-04,43.132,-70.945,49202,green,research,False,cc-by-nc
239797153,2024-09-04,43.132,-70.944,49202,green,research,False,cc-by-nc
239797394,2024-09-04,43.132,-70.944,49202,green,research,False,cc-by-nc
239798205,2024-09-04,43.132,-70.945,48098,green,research,False,cc-by-nc
239799470,2024-09-04,43.133,-70.945,49202,green,research,False,cc-by-nc
239800694,2024-09-04,42.285,-71.232,54763,green,research,False,cc-by-nc
239800701,2024-09-04,42.285,-71.232,54763,green,research,False,cc-by-nc
239800733,2024-09-04,42.285,-71.232,54763,green,research,False,cc-by-nc
239800899,2024-09-04,42.285,-71.232,54763,green,research,False,cc-by-nc
239800926,2024-09-04,42.285,-71.232,54763,green,research,False,cc-by-nc
239800940,2024-09-04,42.285,-71.232,54763,green,research,False,cc-by-nc
239800976,2024-09-04,42.285,-71.232,54763,green,research,False,cc-by-nc
239801117,2024-09-04,42.285,-71.232,54763,green,research,False,cc-by-nc
239805723,2024-09-04,40.78,-74.433,49202,green,research,False,cc-by-nc
239809709,2024-09-04,39.516,-76.618,54795,green,research,False,cc-by-nc
239813549,2024-09-04,42.834,-77.808,52543,green,needs_id,False,cc-by-nc
239832050,2024-09-04,39.38,-74.565,48098,green,research,False,cc-by-nc
239832670,2024-09-04,43.132,-70.943,49202,green,research,False,cc-by-nc
239832775,2024-09-04,43.132,-70.944,49202,green,research,False,cc-by-nc
239833110,2024-09-04,43.132,-70.944,49202,green,research,False,cc-by-nc
239833268,2024-09-04,43.132,-70.944,48098,green,research,False,cc-by-nc
239833381,2024-09-04,43.638,-79.465,48098,green,research,False,cc-by-nc
239833526,2024-09-04,43.132,-70.944,48098,green,research,False,cc-by-nc
239833890,2024-09-04,43.132,-70.944,49202,green,research,False,cc-by-nc
239834425,2024-09-04,40.393,-74.637,48098,green,research,False,cc-by-nc-sa
239834431,2024-09-04,43.132,-70.945,49202,green,research,False,cc-by-nc
239835536,2024-09-04,40.393,-74.636,49658,green,research,False,cc-by-nc-sa
239836184,2024-09-04,43.132,-70.943,49202,green,research,False,cc-by-nc
239836266,2024-09-04,43.132,-70.943,49202,green,research,False,cc-by-nc
239837001,2024-09-04,43.132,-70.944,49202,green,research,False,cc-by-nc
239837089,2024-09-04,43.682,-72.827,49202,green,research,False,cc-by-nc
239839922,2024-09-04,43.132,-70.944,49202,green,research,False,cc-by-nc
239840586,2024-09-04,42.299,-71.313,54763,green,research,False,cc-by-nc
239852306,2024-09-04,38.883,-76.801,49202,green,research,False,cc-by-nc
239859923,2024-09-04,43.137,-70.93,54763,green,needs_id,False,cc-by-nc
239861974,2024-09-04,45.459,-73.639,49005,green,research,False,cc-by
239862024,2024-09-04,45.459,-73.639,54763,green,research,False,cc-by
239863803,2024-09-04,43.132,-70.945,49202,green,research,False,cc-by-nc
239864185,2024-09-04,43.132,-70.945,49202,green,research,False,cc-by-nc
239864327,2024-09-04,43.131,-70.945,49202,green,research,False,cc-by-nc
239876359,2024-09-04,43.015,-71.586,54763,green,research,False,cc-by-nc
239890208,2024-09-04,42.067,-71.258,49202,green,research,False,cc-by-nc
239894067,2024-09-04,42.072,-71.259,54763,green,research,False,cc-by-nc
239894400,2024-09-04,43.132,-70.944,49202,green,research,False,cc-by-nc
239897473,2024-09-04,43.132,-70.945,54763,green,research,False,cc-by-nc
239898106,2024-09-04,43.132,-70.946,49202,green,research,False,cc-by-nc
239919993,2024-09-04,42.285,-71.232,54763,green,research,False,cc-by-nc
240179948,2024-09-04,42.285,-71.233,54763,green,research,False,cc-by-nc
240180451,2024-09-04,42.285,-71.233,54763,green,research,False,cc-by-nc
239954255,2024-09-05,38.913,-77.074,54795,green,research,False,cc0
239957982,2024-09-05,43.13,-70.94,49202,green,research,False,cc-by-nc
239958313,2024-09-05,43.13,-70.94,49202,green,research,False,cc-by-nc
239958338,2024-09-05,43.13,-70.94,49202,green,research,False,cc-by-nc
239958652,2024-09-05,42.054,-71.918,54795,green,research,False,cc-by-nc
239960577,2024-09-05,43.13,-70.94,49202,green,research,False,cc-by-nc
239969958,2024-09-05,40.77,-73.242,54802,green,research,False,cc-by
239974967,2024-09-05,42.549,-76.598,54802,green,research,False,cc-by-nc
239975078,2024-09-05,42.547,-76.599,54763,green,research,False,cc-by-nc
239980231,2024-09-05,42.101,-80.052,49202,green,research,False,cc-by-nc
239985619,2024-09-05,43.119,-77.515,52543,green,needs_id,False,cc-by-nc
240001186,2024-09-05,41.122,-73.487,52543,green,research,False,cc-by-nc
240011275,2024-09-05,42.99,-76.132,49202,green,research,False,cc-by-nc
240011691,2024-09-05,38.849,-77.068,54802,green,needs_id,False,cc-by-nc
240012144,2024-09-05,43.749,-72.885,48098,green,research,False,cc-by-nc
240013710,2024-09-05,43.744,-72.896,52543,green,research,False,cc-by-nc
240015962,2024-09-05,43.131,-70.948,49202,green,research,False,cc-by-nc
240016677,2024-09-05,42.254,-72.569,49202,green,needs_id,False,cc-by-nc
240019213,2024-09-05,43.13,-70.947,49202,green,research,False,cc-by-nc
240020611,2024-09-05,43.131,-70.948,52543,green,research,False,cc-by-nc
240034278,2024-09-05,45.553,-78.625,48098,colored,research,False,cc-by-nc
240042368,2024-09-05,43.132,-70.948,49202,green,research,False,cc-by-nc
240043330,2024-09-05,43.132,-70.948,52543,green,research,False,cc-by-nc
240045933,2024-09-05,45.589,-73.537,54763,green,research,False,cc-by
240046806,2024-09-05,41.222,-78.634,49202,green,research,False,cc-by-nc
240048017,2024-09-05,43.132,-70.949,49202,green,research,False,cc-by-nc
240048258,2024-09-05,43.127,-70.938,49202,green,research,False,cc-by-nc
240070128,2024-09-05,45.637,-73.61,48098,colored,research,False,cc-by-nc
240072501,2024-09-05,38.783,-76.059,49658,green,research,False,cc-by-nc
240077450,2024-09-05,43.136,-70.947,49202,green,research,False,cc-by-nc
240175928,2024-09-05,43.132,-70.948,49202,green,research,False,cc-by-nc
240524092,2024-09-05,45.761,-69.17,49202,green,research,False,cc-by
240546653,2024-09-05,40.77,-73.241,49658,green,research,False,cc-by-nc
240656985,2024-09-05,43.135,-70.944,48098,green,research,False,cc-by-nc
244950620,2024-09-05,42.996,-71.262,49202,green,research,False,cc-by
245207942,2024-09-05,42.987,-71.272,49202,green,research,False,cc-by
245395490,2024-09-05,42.988,-71.271,52543,green,research,False,cc-by
240117599,2024-09-06,41.548,-71.44,54763,green,research,False,cc-by-nc
240119278,2024-09-06,43.134,-70.931,54763,green,research,False,cc-by-nc
240125432,2024-09-06,43.137,-70.93,54763,green,research,False,cc-by-nc
240133583,2024-09-06,38.997,-76.979,49202,green,research,False,cc-by-nc
240137953,2024-09-06,43.134,-70.946,49202,green,research,False,cc-by-nc
240137965,2024-09-06,43.134,-70.946,49202,green,research,False,cc-by-nc
240138341,2024-09-06,43.136,-70.94,49202,green,research,False,cc-by-nc
240138446,2024-09-06,43.133,-70.946,49202,green,research,False,cc-by-nc
240138623,2024-09-06,43.133,-70.946,49202,green,research,False,cc-by-nc
240138664,2024-09-06,43.136,-70.941,49202,green,research,False,cc-by-nc
240138690,2024-09-06,43.137,-70.941,49202,green,research,False,cc-by-nc
240139772,2024-09-06,43.134,-70.943,49202,green,research,False,cc-by-nc
240140547,2024-09-06,38.913,-77.074,54795,green,research,False,cc0
240141015,2024-09-06,43.134,-70.943,54763,green,research,False,cc-by-nc
240141916,2024-09-06,40.373,-76.771,49202,green,research,False,cc-by-nc
240142099,2024-09-06,43.134,-70.947,49202,green,research,False,cc-by-nc
240142182,2024-09-06,41.121,-73.487,54763,green,research,False,cc-by-nc
240143991,2024-09-06,43.134,-70.943,48098,green,research,False,cc-by-nc
240144713,2024-09-06,43.134,-70.947,49202,green,research,False,cc-by-nc
240145016,2024-09-06,43.134,-70.943,49202,green,research,False,cc-by-nc
240154526,2024-09-06,43.134,-70.947,49202,green,research,False,cc-by-nc
240157436,2024-09-06,43.826,-70.482,49202,green,research,False,cc-by-nc
240166982,2024-09-06,40.379,-76.766,49202,green,research,False,cc-by-nc
240193825,2024-09-06,43.133,-70.95,49202,green,research,False,cc-by-nc
240195864,2024-09-06,41.041,-73.692,49202,green,research,False,cc-by-nc
240200199,2024-09-06,40.246,-76.468,49202,green,research,False,cc-by-nc
240216950,2024-09-06,41.395,-78.758,49202,green,research,False,cc-by-nc
240602901,2024-09-06,44.006,-69.807,49202,green,research,False,cc-by
240755384,2024-09-06,43.941,-69.576,49202,green,research,False,cc-by-nc
246334551,2024-09-06,42.937,-71.253,49202,green,research,False,cc-by
240331261,2024-09-07,39.015,-77.754,54795,green,research,False,cc-by-nc
240346659,2024-09-07,41.054,-73.703,54763,green,research,False,cc-by-nc
240354271,2024-09-07,43.816,-71.434,49202,green,research,False,cc-by-nc
240370507,2024-09-07,38.984,-79.04,54795,green,research,False,cc-by-nc
240374080,2024-09-07,42.337,-71.427,54763,green,research,False,cc-by-nc
240377697,2024-09-07,42.447,-71.082,54795,green,research,False,cc-by-nc-nd
240381320,2024-09-07,40.424,-80.014,54763,green,needs_id,False,cc-by
240381566,2024-09-07,40.425,-80.016,49005,green,needs_id,False,cc-by
240381878,2024-09-07,40.426,-80.016,52543,green,needs_id,False,cc-by
240392802,2024-09-07,42.642,-74.478,48098,green,research,False,cc-by-nc
240405204,2024-09-07,45.176,-66.914,49202,green,research,False,cc-by-nc
240410904,2024-09-07,45.4,-75.756,54763,green,research,False,cc-by
240411438,2024-09-07,40.349,-74.563,48098,green,research,False,cc-by-nc
240413451,2024-09-07,40.352,-74.569,49202,green,research,False,cc-by-nc
240416517,2024-09-07,43.295,-75.181,49202,green,research,False,cc-by-nc
240423570,2024-09-07,42.644,-78.624,49202,green,research,False,cc-by-nc
240430014,2024-09-07,40.6,-75.37,48098,green,research,False,cc-by
240432348,2024-09-07,38.984,-77.149,49202,green,research,False,cc-by-nc
240434327,2024-09-07,40.6,-75.37,54795,green,research,False,cc-by
240457665,2024-09-07,42.481,-71.343,54763,green,research,False,cc-by-nc
240626911,2024-09-07,44.247,-72.248,49005,green,research,False,cc0
240664745,2024-09-07,38.782,-75.089,49658,green,research,False,cc-by-nc
240668191,2024-09-07,39.662,-79.914,48098,green,research,False,cc-by-nc
240842559,2024-09-07,39.116,-76.866,49202,green,research,False,cc-by-nc
241214759,2024-09-07,40.721,-73.863,54763,green,research,False,cc-by-nc
241354017,2024-09-07,42.703,-80.461,48098,green,research,False,cc-by-nc
241458189,2024-09-07,42.04,-73.446,54795,green,research,False,cc-by-nc
242067091,2024-09-07,38.808,-77.626,54795,green,research,False,cc-by-nc
246251442,2024-09-07,45.262,-72.117,48098,green,research,False,cc-by-nc
258189461,2024-09-07,43.814,-69.79,54802,colored,research,False,cc-by-nc
258786105,2024-09-07,44.406,-72.138,52543,green,research,False,cc-by-nc
240587935,2024-09-08,42.381,-71.258,54795,green,research,False,cc-by-nc
240598179,2024-09-08,45.4,-75.756,54763,green,research,False,cc-by
240601344,2024-09-08,38.917,-77.076,49202,green,research,False,cc-by-nc
240625195,2024-09-08,38.799,-76.696,49202,green,research,False,cc-by-nc
240631019,2024-09-08,40.653,-73.999,54763,green,research,False,cc-by-nc
240636015,2024-09-08,38.83,-77.71,49202,green,research,False,cc-by-nc
240649582,2024-09-08,44.901,-68.669,48098,green,research,False,cc-by-nc
240651138,2024-09-08,44.901,-68.668,52543,colored,needs_id,False,cc-by-nc
240652655,2024-09-08,41.32,-74.666,48098,green,research,False,cc-by-nc
240666566,2024-09-08,38.768,-77.027,48098,green,research,False,cc-by-nc
240666583,2024-09-08,38.77,-77.029,49658,green,research,False,cc-by-nc
240666607,2024-09-08,38.768,-77.029,49202,green,research,False,cc-by-nc
240671250,2024-09-08,42.367,-71.254,54763,green,research,False,cc-by-nc
240678901,2024-09-08,41.322,-74.661,48098,green,research,False,cc-by-nc
240912905,2024-09-08,39.481,-74.523,54795,green,research,False,cc0
241187844,2024-09-08,42.343,-71.134,54763,green,needs_id,False,cc-by-nc-nd
331757446,2024-09-08,41.712,-72.066,52543,green,needs_id,False,cc-by-nc
331848723,2024-09-08,41.71,-72.077,48098,green,needs_id,False,cc-by-nc
240746080,2024-09-09,44.108,-70.204,48098,green,research,False,cc-by-nc
240746314,2024-09-09,42.285,-71.242,54763,green,research,False,cc-by-nc
240747181,2024-09-09,42.286,-71.241,54763,green,research,False,cc-by-nc
240758031,2024-09-09,42.286,-71.238,54763,green,research,False,cc-by-nc
240758077,2024-09-09,42.286,-71.238,54763,green,research,False,cc-by-nc
240758104,2024-09-09,42.287,-71.239,52543,green,needs_id,False,cc-by-nc
240761263,2024-09-09,41.68,-74.936,48098,green,research,False,cc-by-nc
240763635,2024-09-09,43.133,-70.937,52543,green,research,False,cc-by-nc
240765920,2024-09-09,41.68,-74.936,48098,green,research,False,cc-by-nc
240772171,2024-09-09,43.228,-73.8,49202,green,research,False,cc-by-nc
240778708,2024-09-09,39.634,-74.696,54763,green,research,False,cc-by-nc
240779979,2024-09-09,40.679,-74.235,48098,green,research,False,cc-by-nc
240795777,2024-09-09,43.132,-70.941,49202,green,research,False,cc-by-nc
240796499,2024-09-09,43.133,-70.948,49202,green,research,False,cc-by-nc
240797033,2024-09-09,43.133,-70.948,49202,green,research,False,cc-by-nc
240797067,2024-09-09,45.315,-80.019,48098,green,needs_id,False,cc-by-nc
240798435,2024-09-09,43.134,-70.948,49202,green,research,False,cc-by-nc
240799466,2024-09-09,43.132,-70.941,49202,green,research,False,cc-by-nc
240800284,2024-09-09,43.133,-70.948,49202,green,research,False,cc-by-nc
240800810,2024-09-09,43.133,-70.948,49202,green,research,False,cc-by-nc
240804675,2024-09-09,41.965,-71.183,48098,green,research,False,cc-by-nc
240804828,2024-09-09,41.965,-71.183,48098,green,research,False,cc-by-nc
240813768,2024-09-09,41.647,-72.635,52543,green,research,False,cc-by-nc
240820530,2024-09-09,41.965,-71.183,49005,green,research,False,cc-by-nc
240820691,2024-09-09,45.733,-73.294,48098,green,research,False,cc-by-nc
240822003,2024-09-09,41.965,-71.181,54763,green,research,False,cc-by-nc
240825727,2024-09-09,43.131,-70.941,49202,green,research,False,cc-by-nc
240826114,2024-09-09,43.131,-70.941,49202,green,research,False,cc-by-nc
240826178,2024-09-09,43.131,-70.941,49202,green,research,False,cc-by-nc
240826186,2024-09-09,43.131,-70.941,48098,green,needs_id,False,cc-by-nc
240826539,2024-09-09,41.053,-73.7,54763,green,research,False,cc-by-nc
240826767,2024-09-09,43.131,-70.941,49202,green,research,False,cc-by-nc
240827215,2024-09-09,43.13,-70.94,49202,green,research,False,cc-by-nc
240827439,2024-09-09,43.131,-70.94,49202,green,research,False,cc-by-nc
240828131,2024-09-09,43.131,-70.94,49202,green,research,False,cc-by-nc
240829401,2024-09-09,41.054,-73.701,49202,green,research,False,cc-by-nc
240830297,2024-09-09,43.132,-70.944,49202,green,research,False,cc-by-nc
240830338,2024-09-09,43.132,-70.944,49202,green,research,False,cc-by-nc
240830495,2024-09-09,43.13,-70.94,49202,green,research,False,cc-by-nc
240831303,2024-09-09,43.13,-70.94,49202,green,research,False,cc-by-nc
240831462,2024-09-09,43.131,-70.943,49202,green,research,False,cc-by-nc
240832226,2024-09-09,41.046,-73.7,52543,green,research,False,cc-by-nc
240835347,2024-09-09,45.73,-73.289,52543,green,research,False,cc-by-nc
240835709,2024-09-09,45.726,-73.288,49202,green,research,False,cc-by-nc
240836702,2024-09-09,40.175,-74.038,54802,green,needs_id,False,cc-by-nc
240839035,2024-09-09,45.726,-73.284,49005,green,research,False,cc-by-nc
240845990,2024-09-09,45.726,-73.287,48098,green,research,False,cc-by-nc
240859421,2024-09-09,42.745,-70.849,54795,green,research,False,cc-by
240863382,2024-09-09,45.587,-73.537,54763,green,research,False,cc-by
240882981,2024-09-09,39.846,-75.083,49202,green,research,False,cc-by-nc
240948243,2024-09-09,42.374,-71.11,54763,green,research,False,cc-by-nc
241011928,2024-09-09,45.73,-73.292,52543,green,research,False,cc-by-nc
241014273,2024-09-09,45.73,-73.292,49005,green,research,False,cc-by-nc
241017156,2024-09-09,45.73,-73.293,52543,green,research,False,cc-by-nc
258790543,2024-09-09,44.836,-73.067,52543,green,research,False,cc-by-nc
240920108,2024-09-10,42.107,-80.053,54795,green,research,False,cc-by-nc
240962304,2024-09-10,44.929,-68.656,54763,green,research,False,cc-by-nc
240965712,2024-09-10,41.562,-75.781,49202,green,research,False,cc-by-nc
240970117,2024-09-10,42.369,-71.257,54763,green,research,False,cc-by-nc
240972657,2024-09-10,40.934,-73.835,49202,green,research,False,cc-by-nc
240980127,2024-09-10,41.051,-73.704,54763,green,research,False,cc-by-nc
240990655,2024-09-10,41.054,-73.701,49202,green,research,False,cc-by-nc
240991545,2024-09-10,42.368,-71.121,48098,colored,research,False,cc-by-nc
240994929,2024-09-10,43.668,-72.855,48098,green,research,False,cc-by-nc
240998399,2024-09-10,44.633,-72.817,49202,green,research,False,cc0
240998640,2024-09-10,44.631,-72.816,48098,colored,research,False,cc0
241001130,2024-09-10,44.634,-72.817,52543,green,research,False,cc0
241020936,2024-09-10,44.9,-68.658,49005,green,research,False,cc-by-nc
241045068,2024-09-10,45.585,-73.529,54763,green,research,False,cc-by
241049903,2024-09-10,43.221,-77.442,52543,colored,research,False,cc-by
241087099,2024-09-10,41.08,-73.752,48098,green,research,False,cc-by-nc
241093775,2024-09-10,41.3,-73.851,48098,green,research,False,cc-by-nc
241168397,2024-09-10,41.574,-71.785,49202,green,research,False,cc-by-nc
241185711,2024-09-10,45.686,-73.341,52543,green,research,False,cc-by-nc
241186881,2024-09-10,45.686,-73.341,52543,green,research,False,cc-by-nc
241211964,2024-09-10,45.685,-73.338,49202,green,research,False,cc-by-nc
241212251,2024-09-10,45.685,-73.337,52543,green,research,False,cc-by-nc
241213141,2024-09-10,45.684,-73.336,49202,green,research,False,cc-by-nc
241214454,2024-09-10,45.683,-73.336,49202,green,research,False,cc-by-nc
241214763,2024-09-10,45.684,-73.337,52543,green,research,False,cc-by-nc
241215928,2024-09-10,45.684,-73.336,48098,green,research,False,cc-by-nc
241237083,2024-09-10,44.837,-79.986,48098,green,needs_id,False,cc-by-nc
241254225,2024-09-10,43.779,-79.377,54763,green,needs_id,False,cc-by-nc
241264466,2024-09-10,43.677,-79.293,54795,green,research,False,cc-by-nc
242492543,2024-09-10,42.123,-73.508,54795,green,research,False,cc-by-nc
242492755,2024-09-10,42.123,-73.508,48098,green,research,False,cc-by-nc
244171310,2024-09-10,40.17,-75.205,49202,green,research,False,cc-by-nc
254450047,2024-09-10,39.634,-74.673,48098,green,research,False,cc-by-nc
258791085,2024-09-10,44.904,-72.965,49202,green,research,False,cc-by-nc
332225894,2024-09-10,42.465,-75.061,54763,green,research,False,cc-by
241091621,2024-09-11,38.916,-77.059,49202,green,research,False,cc0
241103600,2024-09-11,44.897,-68.665,54763,green,research,False,cc-by-nc
241104217,2024-09-11,44.905,-68.665,52543,green,needs_id,False,cc-by-nc
241106260,2024-09-11,44.904,-68.661,49005,green,research,False,cc-by-nc
241106676,2024-09-11,44.905,-68.661,49202,green,research,False,cc-by-nc
241107754,2024-09-11,42.286,-71.238,52543,green,research,False,cc-by-nc
241107789,2024-09-11,42.287,-71.238,52543,green,research,False,cc-by-nc
241107790,2024-09-11,44.905,-68.661,49202,green,research,False,cc-by-nc
241113735,2024-09-11,44.915,-68.685,52543,green,research,False,cc-by-nc
241122443,2024-09-11,39.77,-74.194,48098,green,research,False,cc-by-nc
241133145,2024-09-11,44.883,-68.675,54763,green,research,False,cc-by-nc
241136890,2024-09-11,42.368,-71.259,48098,green,research,False,cc-by-nc
241156481,2024-09-11,43.04,-70.892,54763,green,research,False,cc-by-nc
241163204,2024-09-11,44.815,-72.202,48098,colored,needs_id,False,cc0
241171230,2024-09-11,41.49,-71.524,54763,green,research,False,cc-by-nc
241173920,2024-09-11,40.918,-73.127,48098,green,research,False,cc-by-nc
241193961,2024-09-11,43.565,-70.379,49005,green,research,False,cc-by-nc
241197128,2024-09-11,38.92,-77.055,49202,green,research,False,cc0
241197162,2024-09-11,38.92,-77.055,49202,green,research,False,cc0
241207000,2024-09-11,41.024,-77.065,54795,green,research,False,cc-by-nc
241218464,2024-09-11,40.446,-74.456,49202,green,research,False,cc-by-nc
241365012,2024-09-11,44.906,-68.658,49202,green,research,False,cc-by-nc
241532943,2024-09-11,41.674,-70.56,48098,green,research,False,cc-by-nc
241616335,2024-09-11,39.292,-77.728,54795,green,research,False,cc-by-nc
242380355,2024-09-11,42.056,-73.569,52543,green,research,False,cc-by-nc
243914880,2024-09-11,39.722,-80.113,49202,green,research,False,cc-by-nc
245278014,2024-09-11,42.991,-71.254,49202,green,research,False,cc-by-nc
245304808,2024-09-11,40.887,-73.874,54795,green,research,False,cc-by-nc
246710594,2024-09-11,42.991,-71.253,49202,green,research,False,cc-by
258840231,2024-09-11,44.916,-73.126,49005,green,research,False,cc-by-nc
241271032,2024-09-12,42.287,-71.239,52543,green,needs_id,False,cc-by-nc
241271098,2024-09-12,42.286,-71.238,52543,green,needs_id,False,cc-by-nc
241271103,2024-09-12,42.286,-71.238,52543,green,needs_id,False,cc-by-nc
241282999,2024-09-12,40.615,-74.462,48098,green,research,False,cc-by-nc
241285984,2024-09-12,40.691,-74.383,48098,green,research,False,cc-by-nc
241287771,2024-09-12,38.976,-76.955,48098,green,research,False,cc-by-nc
241289990,2024-09-12,44.9,-68.671,49202,green,research,False,cc-by-nc
241292393,2024-09-12,42.108,-71.321,48098,green,research,False,cc-by
241295558,2024-09-12,44.073,-73.348,49005,green,needs_id,False,cc-by-nc
241298808,2024-09-12,44.906,-68.667,48098,green,research,False,cc-by-nc
241307404,2024-09-12,44.896,-68.669,54763,green,research,False,cc-by-nc
241309548,2024-09-12,44.908,-68.661,49202,green,research,False,cc-by-nc
241324170,2024-09-12,38.868,-76.953,49202,green,research,False,cc-by-nc
241341024,2024-09-12,42.31,-71.31,52543,green,research,False,cc-by-nc
241342416,2024-09-12,39.003,-76.94,49202,green,research,False,cc0
241354112,2024-09-12,44.916,-72.706,49202,green,research,False,cc-by-nc
241356018,2024-09-12,44.862,-68.737,48098,green,research,False,cc-by-nc
241356825,2024-09-12,44.864,-68.737,48098,colored,research,False,cc-by-nc
241357193,2024-09-12,44.864,-68.737,48098,green,research,False,cc-by-nc
241357335,2024-09-12,44.865,-68.737,48098,green,research,False,cc-by-nc
241358451,2024-09-12,44.866,-68.736,48098,green,research,False,cc-by-nc
241360148,2024-09-12,44.866,-68.729,49202,green,research,False,cc-by-nc
241365191,2024-09-12,42.278,-71.207,54763,green,research,False,cc-by-nc
241365573,2024-09-12,43.871,-79.043,48098,green,needs_id,False,cc-by-nc
241367698,2024-09-12,43.173,-73.76,49202,green,research,False,cc-by-nc
241382190,2024-09-12,44.909,-68.664,49202,green,research,False,cc-by-nc
241387630,2024-09-12,44.891,-68.657,48098,green,research,False,cc-by-nc
241459664,2024-09-12,44.891,-68.657,48098,green,research,False,cc-by-nc
241645225,2024-09-12,44.794,-68.769,54763,green,research,False,cc-by-nc
242337722,2024-09-12,39.003,-76.941,49658,green,research,False,cc-by-nc
242799307,2024-09-12,44.708,-77.243,48098,colored,research,False,cc-by-nc
241435944,2024-09-13,44.105,-70.2,49202,green,research,False,cc-by-nc
241448631,2024-09-13,44.899,-68.67,54763,green,research,False,cc-by-nc
241450026,2024-09-13,44.896,-68.669,54763,green,research,False,cc-by-nc
241453125,2024-09-13,40.425,-80.016,49005,green,research,False,cc-by
241453962,2024-09-13,45.273,-75.735,52543,green,needs_id,False,cc-by-nc
241458141,2024-09-13,45.273,-75.733,52543,colored,needs_id,False,cc-by-nc
241460146,2024-09-13,42.287,-71.237,54763,green,research,False,cc-by-nc
241460179,2024-09-13,42.287,-71.237,54763,green,research,False,cc-by-nc
241460239,2024-09-13,42.287,-71.237,54763,green,research,False,cc-by-nc
241460278,2024-09-13,42.287,-71.237,54763,green,research,False,cc-by-nc
241460287,2024-09-13,42.287,-71.237,54763,green,research,False,cc-by-nc
241460299,2024-09-13,42.287,-71.237,54763,green,research,False,cc-by-nc
241460506,2024-09-13,42.287,-71.237,54763,green,research,False,cc-by-nc
241460624,2024-09-13,42.287,-71.237,54763,green,research,False,cc-by-nc
241461110,2024-09-13,38.71,-76.588,54795,green,research,False,cc-by-nc
241465839,2024-09-13,44.897,-68.668,54763,green,research,False,cc-by-nc
241479600,2024-09-13,43.659,-70.256,54763,green,research,False,cc-by-nc
241480162,2024-09-13,40.029,-75.576,49202,green,research,False,cc-by-nc
241485555,2024-09-13,39.952,-75.542,49202,green,research,False,cc-by-nc
241486114,2024-09-13,39.954,-75.543,49202,green,research,False,cc-by-nc
241486690,2024-09-13,39.951,-75.542,49202,green,research,False,cc-by-nc
241487197,2024-09-13,40.365,-76.805,49202,green,research,False,cc-by-nc
241502863,2024-09-13,43.759,-72.902,49202,green,research,False,cc-by-nc
241503176,2024-09-13,43.764,-72.898,48098,green,needs_id,False,cc-by-nc
241504136,2024-09-13,43.765,-72.897,48098,colored,needs_id,False,cc-by-nc
241504235,2024-09-13,43.766,-72.897,48098,green,research,False,cc-by-nc
241504662,2024-09-13,43.766,-72.898,49202,green,research,False,cc-by-nc
241506048,2024-09-13,39.951,-75.542,49202,green,research,False,cc-by-nc
241511686,2024-09-13,44.897,-68.669,48098,green,research,False,cc-by-nc
241513721,2024-09-13,44.883,-68.674,54763,green,research,False,cc-by-nc
241518022,2024-09-13,42.806,-73.79,49202,green,research,False,cc-by-nc
241522595,2024-09-13,44.939,-68.649,54763,green,research,False,cc-by-nc
241525669,2024-09-13,44.037,-79.041,48098,green,needs_id,False,cc-by-nc
241527210,2024-09-13,39.45,-76.269,54795,colored,research,False,cc-by-nc
241531753,2024-09-13,38.909,-77.078,49202,green,needs_id,False,cc-by-nc
241536783,2024-09-13,42.318,-71.221,54763,green,research,False,cc-by-nc
241547537,2024-09-13,45.388,-75.686,54763,green,research,False,cc-by-nc
241550303,2024-09-13,38.92,-77.054,49202,green,research,False,cc0
241558592,2024-09-13,42.468,-73.314,48098,green,research,False,cc-by-nc
241582856,2024-09-13,45.371,-76.906,52543,green,research,False,cc-by-nc
241586189,2024-09-13,45.37,-76.906,49005,green,research,False,cc-by-nc
241587542,2024-09-13,45.37,-76.906,52543,green,research,False,cc-by-nc
241656489,2024-09-13,39.953,-75.541,49202,green,research,False,cc-by-nc
241718840,2024-09-13,45.568,-73.544,54763,green,research,False,cc-by
241770076,2024-09-13,45.572,-73.55,54763,green,research,False,cc-by
242309501,2024-09-13,43.117,-76.39,49202,green,research,False,cc-by
241643009,2024-09-14,38.956,-77.049,49202,green,research,False,cc0
241643101,2024-09-14,38.957,-77.05,49202,green,research,False,cc0
241643126,2024-09-14,38.957,-77.05,49202,green,research,False,cc0
241643586,2024-09-14,38.959,-77.051,49202,green,research,False,cc0
241644485,2024-09-14,38.951,-77.051,49202,green,research,False,cc0
241644499,2024-09-14,38.951,-77.051,49202,green,research,False,cc0
241644522,2024-09-14,38.951,-77.051,49202,green,research,False,cc0
241648056,2024-09-14,40.712,-74.488,48098,colored,research,False,cc-by-nc
241661055,2024-09-14,42.25,-71.823,54763,green,research,False,cc-by-nc
241661953,2024-09-14,43.554,-71.463,54763,green,research,False,cc-by-nc
241666428,2024-09-14,44.905,-68.721,48098,colored,research,False,cc-by
241669852,2024-09-14,41.756,-72.391,49202,green,research,False,cc-by-nc
241688340,2024-09-14,38.561,-78.306,48098,colored,research,False,cc-by-nc
241689181,2024-09-14,43.647,-79.52,54763,green,research,False,cc-by-nc
241689595,2024-09-14,38.865,-77.122,54802,green,research,False,cc-by
241692675,2024-09-14,40.121,-75.223,54795,green,research,False,cc-by-nc
241712601,2024-09-14,43.091,-77.064,49202,green,research,False,cc-by-nc
241715570,2024-09-14,40.903,-73.893,52543,green,research,False,cc-by-nc
241717320,2024-09-14,40.89,-73.893,54763,green,research,False,cc-by-nc
241717570,2024-09-14,40.949,-74.28,54795,green,research,False,cc-by-nc
241717665,2024-09-14,40.949,-74.28,54795,green,research,False,cc-by-nc
241718653,2024-09-14,40.89,-73.892,54795,green,research,False,cc-by-nc
241718752,2024-09-14,40.889,-73.892,54795,green,research,False,cc-by-nc
241718874,2024-09-14,40.89,-73.892,54795,green,research,False,cc-by-nc
241723377,2024-09-14,40.904,-73.893,54763,green,research,False,cc-by-nc
241724985,2024-09-14,43.177,-74.229,49202,green,research,False,cc-by-nc
241729636,2024-09-14,39.288,-77.732,49202,green,research,False,cc0
241733628,2024-09-14,40.7,-73.86,54763,green,research,False,cc-by
241739446,2024-09-14,40.701,-73.855,54795,green,research,False,cc-by
241747863,2024-09-14,40.89,-73.892,54795,green,research,False,cc-by-nc
241747919,2024-09-14,40.89,-73.892,54795,green,research,False,cc-by-nc
241755030,2024-09-14,45.42,-72.606,48098,green,research,False,cc-by
241757406,2024-09-14,39.292,-77.732,49202,green,research,False,cc0
241759174,2024-09-14,39.288,-77.732,49202,green,research,False,cc0
241759424,2024-09-14,44.428,-72.468,48098,colored,research,False,cc0
241760441,2024-09-14,45.599,-73.47,48098,colored,research,False,cc-by-nc
241763298,2024-09-14,44.438,-72.459,48098,colored,research,False,cc0
241764961,2024-09-14,38.995,-77.24,54802,green,needs_id,False,cc-by
241769158,2024-09-14,44.446,-72.452,52543,colored,research,False,cc0
241773451,2024-09-14,44.89,-72.172,48098,colored,research,False,cc0
241777941,2024-09-14,45.357,-75.619,54763,green,research,False,cc-by-nc
241784279,2024-09-14,39.459,-80.14,52543,green,research,False,cc-by-nc
241787995,2024-09-14,45.982,-71.374,49005,green,research,False,cc0
241800863,2024-09-14,45.987,-71.372,49005,colored,research,False,cc0
241801188,2024-09-14,45.988,-71.373,49005,green,research,False,cc0
241801366,2024-09-14,45.988,-71.373,52543,green,research,False,cc0
241801871,2024-09-14,45.988,-71.374,49202,green,research,False,cc0
241859695,2024-09-14,47.238,-79.505,48098,colored,research,False,cc-by
241859700,2024-09-14,47.238,-79.505,49005,green,research,False,cc-by
241974377,2024-09-14,45.371,-76.905,49005,green,research,False,cc-by-nc
242002680,2024-09-14,38.806,-77.314,49202,green,research,False,cc0
242162724,2024-09-14,45.606,-75.04,52543,green,research,False,cc-by-nc
242268148,2024-09-14,38.665,-80.347,49005,green,needs_id,False,cc-by-nc
242403686,2024-09-14,45.294,-79.588,48098,green,research,False,cc-by-nc
242410724,2024-09-14,45.276,-79.585,48098,colored,needs_id,False,cc-by-nc
242414891,2024-09-14,45.27,-79.581,49005,green,research,False,cc-by-nc
242422092,2024-09-14,44.336,-78.691,54763,green,research,False,cc-by-nc
243951026,2024-09-14,39.459,-80.14,48098,colored,research,False,cc-by-nc
259566756,2024-09-14,43.485,-80.076,48098,green,needs_id,False,cc-by-nc
263006492,2024-09-14,44.737,-77.243,48098,green,research,False,cc-by-nc
349308285,2024-09-14,45.092,-74.527,52543,green,research,False,cc-by-nc
241870282,2024-09-15,40.889,-73.892,54763,green,research,False,cc-by-nc
241905031,2024-09-15,43.302,-80.398,48098,green,research,False,cc0
241912840,2024-09-15,41.555,-71.088,48098,green,research,False,cc0
241916975,2024-09-15,43.279,-79.914,54795,green,research,False,cc-by-nc
241918260,2024-09-15,38.985,-75.545,48098,green,research,False,cc-by-nc
241918950,2024-09-15,43.384,-80.141,54763,green,research,False,cc-by-nc
241926455,2024-09-15,43.667,-72.828,49202,green,research,False,cc-by-nc
241931207,2024-09-15,45.244,-78.588,48098,colored,research,False,cc-by-nc
241939465,2024-09-15,38.909,-77.078,49202,green,research,False,cc-by-nc
241939765,2024-09-15,40.666,-74.443,54795,green,research,False,cc-by-nc
241941705,2024-09-15,40.351,-74.568,49202,green,research,False,cc-by-nc
241942923,2024-09-15,42.159,-72.126,52543,green,research,False,cc-by-nc
241955230,2024-09-15,43.096,-77.06,49202,green,research,False,cc-by-nc
241981270,2024-09-15,43.545,-79.699,52543,green,research,False,cc-by-nc
241982608,2024-09-15,46.809,-71.204,54763,green,research,False,cc0
242011352,2024-09-15,40.002,-74.824,49202,green,research,False,cc-by-nc
242013604,2024-09-15,45.013,-78.284,52543,green,needs_id,False,cc-by-nc
242018072,2024-09-15,46.89,-71.148,52543,colored,research,False,cc0
242023681,2024-09-15,42.376,-71.116,54763,green,research,False,cc-by-nc
242023683,2024-09-15,42.376,-71.116,54763,green,research,False,cc-by-nc
242096585,2024-09-15,42.803,-75.177,48098,green,research,False,cc-by-nc
242110252,2024-09-15,42.641,-72.225,49005,green,research,False,cc-by-nc
242114437,2024-09-15,42.907,-71.103,54763,green,research,False,cc-by-nc
242387501,2024-09-15,41.424,-72.37,49202,green,research,False,cc-by-nc
242403680,2024-09-15,45.294,-79.588,49005,green,research,False,cc-by-nc
242409004,2024-09-15,45.294,-79.587,48098,green,research,False,cc-by-nc
242409067,2024-09-15,45.294,-79.587,49005,green,needs_id,False,cc-by-nc
242849163,2024-09-15,41.446,-75.435,49202,green,research,False,cc-by-nc
242984854,2024-09-15,40.778,-73.306,48098,green,research,False,cc-by-nc
242985137,2024-09-15,40.778,-73.307,49658,green,research,False,cc-by-nc
271607789,2024-09-15,42.577,-72.891,48098,colored,research,False,cc-by-nc
271608678,2024-09-15,42.576,-72.891,48098,colored,research,False,cc-by-nc
271609752,2024-09-15,42.576,-72.891,48098,colored,research,False,cc-by-nc
331871815,2024-09-15,41.521,-72.593,54795,green,research,False,cc-by-nc
331872862,2024-09-15,41.523,-72.591,49005,green,needs_id,False,cc-by-nc
242097133,2024-09-16,43.682,-72.827,49202,green,research,False,cc-by-nc
242101309,2024-09-16,42.662,-71.136,54763,green,research,False,cc-by-nc
242103676,2024-09-16,38.913,-77.074,54795,green,research,False,cc-by-nc
242111361,2024-09-16,39.322,-74.599,48098,green,research,False,cc-by-nc
242125309,2024-09-16,45.37,-75.796,52543,green,research,False,cc-by-nc
242126853,2024-09-16,41.038,-74.546,52543,green,research,False,cc-by-nc
242131058,2024-09-16,44.332,-79.731,49202,green,research,False,cc-by-nc
242134314,2024-09-16,43.434,-72.441,48098,colored,research,False,cc0
242139093,2024-09-16,38.821,-77.24,49202,green,research,False,cc-by-nc
242143676,2024-09-16,40.596,-74.149,49202,green,research,False,cc-by-nc
242148703,2024-09-16,45.501,-73.586,54763,green,research,False,cc-by
242155939,2024-09-16,41.965,-71.18,52543,green,research,False,cc-by-nc
242172608,2024-09-16,44.508,-78.474,48098,colored,research,False,cc-by-nc
242174682,2024-09-16,42.12,-71.165,54763,green,research,False,cc-by-nc
242175807,2024-09-16,42.121,-71.165,52543,green,research,False,cc-by-nc
242176963,2024-09-16,41.965,-71.18,52543,green,research,False,cc-by-nc
242177109,2024-09-16,41.965,-71.18,52543,green,research,False,cc-by-nc
242185266,2024-09-16,43.468,-71.94,52543,green,research,False,cc-by-nc
242186019,2024-09-16,41.549,-72.656,54763,green,research,False,cc-by-nc
242196603,2024-09-16,42.121,-71.163,52543,green,research,False,cc-by-nc
242196750,2024-09-16,42.121,-71.163,54763,green,research,False,cc-by-nc
242207611,2024-09-16,43.717,-70.264,49005,green,needs_id,False,cc-by
242209333,2024-09-16,45.973,-71.146,48098,colored,needs_id,False,cc0
242210703,2024-09-16,45.986,-71.23,48098,colored,research,False,cc0
242210788,2024-09-16,45.784,-71.392,48098,colored,research,False,cc0
242216325,2024-09-16,43.269,-79.909,49202,green,research,False,cc0
242250684,2024-09-16,40.801,-77.868,52543,green,research,False,cc-by-nc
242414917,2024-09-16,38.714,-76.533,49202,green,research,False,cc-by-nc
245565493,2024-09-16,45.435,-72.77,48098,green,research,False,cc-by-nc
249534784,2024-09-16,42.346,-71.111,52543,green,needs_id,False,cc-by-nc
254201916,2024-09-16,42.189,-72.599,54763,green,research,False,cc-by-nc
281815336,2024-09-16,40.745,-74.552,49202,green,research,False,cc-by-nc
242282503,2024-09-17,42.259,-71.83,54763,green,research,False,cc-by-nc
242285824,2024-09-17,40.426,-80.018,52543,green,needs_id,False,cc-by
242313513,2024-09-17,40.801,-77.868,48098,green,research,False,cc-by-nc
242319243,2024-09-17,41.55,-72.659,48098,green,research,False,cc-by-nc
242330364,2024-09-17,42.998,-78.722,48098,colored,research,False,cc-by-nc
242333031,2024-09-17,40.345,-74.653,49202,green,research,False,cc-by-nc
242340936,2024-09-17,42.08,-75.962,49202,green,research,False,cc-by-nc
242347869,2024-09-17,43.528,-80.228,48098,green,research,False,cc-by-nc
242356490,2024-09-17,46.154,-69.042,48098,colored,research,False,cc-by-nc
242357347,2024-09-17,44.541,-72.727,52543,colored,research,False,cc0
242358136,2024-09-17,44.544,-72.724,48098,colored,research,False,cc0
242358700,2024-09-17,44.485,-72.585,48098,colored,research,False,cc0
242362078,2024-09-17,43.133,-70.931,54763,green,research,False,cc-by-nc
242369011,2024-09-17,40.264,-75.488,54763,green,research,False,cc-by
242369021,2024-09-17,41.965,-71.18,52543,green,needs_id,False,cc-by-nc
242369146,2024-09-17,41.962,-71.18,52543,green,needs_id,False,cc-by-nc
242369486,2024-09-17,41.965,-71.18,54763,green,research,False,cc-by-nc
242370807,2024-09-17,41.965,-71.18,52543,green,research,False,cc-by-nc
242404225,2024-09-17,39.284,-79.541,54795,colored,research,False,cc-by-nc
242486392,2024-09-17,42.499,-71.265,48098,green,research,False,cc-by
242669239,2024-09-17,44.404,-70.004,54763,green,research,False,cc-by-nc
242783476,2024-09-17,44.394,-69.35,48098,green,research,False,cc-by-nc
242784348,2024-09-17,44.12,-71.683,49202,green,research,False,cc-by-nc
243315792,2024-09-17,40.329,-74.675,49202,green,research,False,cc-by-nc
245813659,2024-09-17,42.51,-72.682,49202,green,research,False,cc-by-nc
247988767,2024-09-17,44.602,-69.334,52543,green,needs_id,False,cc-by-nc
242477928,2024-09-18,41.66,-70.317,49202,green,research,False,cc-by-nc
242490060,2024-09-18,38.92,-77.054,49202,green,research,False,cc0
242494335,2024-09-18,40.899,-73.875,49658,green,research,False,cc-by-nc
242495559,2024-09-18,42.092,-75.968,49005,green,needs_id,False,cc-by-nc
242520081,2024-09-18,43.099,-73.785,49202,green,research,False,cc-by-nc
242537469,2024-09-18,45.348,-76.142,52543,colored,research,False,cc-by-nc
242540572,2024-09-18,41.963,-71.18,54795,green,research,False,cc-by-nc
242540641,2024-09-18,41.965,-71.18,48098,green,research,False,cc-by-nc
242541637,2024-09-18,41.963,-71.18,54795,green,research,False,cc-by-nc
242542202,2024-09-18,41.736,-74.029,54795,green,research,False,cc-by-nc
242542289,2024-09-18,41.736,-74.029,54795,green,research,False,cc-by-nc
242544994,2024-09-18,46.106,-68.557,54763,green,research,False,cc-by-nc
242562794,2024-09-18,44.266,-71.417,48098,colored,research,False,cc-by-nc
242567344,2024-09-18,41.965,-71.18,52543,green,research,False,cc-by-nc
242567816,2024-09-18,41.964,-71.181,52543,green,research,False,cc-by-nc
242567867,2024-09-18,41.965,-71.18,48098,green,research,False,cc-by-nc
242569941,2024-09-18,43.062,-70.744,54763,green,research,False,cc-by-nc
242570146,2024-09-18,43.062,-70.744,54763,green,research,False,cc-by-nc
242585493,2024-09-18,42.198,-73.949,54795,green,research,False,cc-by-nc
242599233,2024-09-18,38.776,-75.14,49658,green,research,False,cc-by-nc
242688106,2024-09-18,43.892,-69.824,49202,green,research,False,cc-by-nc
242774424,2024-09-18,42.89,-72.527,49202,green,research,False,cc0
243668067,2024-09-18,41.737,-74.085,48098,green,research,False,cc-by-nc
243797250,2024-09-18,41.659,-70.317,49202,green,research,False,cc-by-nc
244199227,2024-09-18,44.386,-74.297,48098,colored,research,False,cc-by-nc
245149208,2024-09-18,43.537,-80.216,49202,green,research,False,cc-by-nc
245378032,2024-09-18,39.295,-80.014,52543,green,research,False,cc-by-nc
249700867,2024-09-18,38.993,-76.935,49658,green,research,False,cc-by-nc
242661931,2024-09-19,45.606,-77.593,48098,green,research,False,cc-by-nc
242665580,2024-09-19,42.309,-71.267,52543,green,research,False,cc-by-nc
242669327,2024-09-19,44.401,-70.004,49202,green,research,False,cc-by-nc
242675361,2024-09-19,44.191,-77.396,49202,green,research,False,cc-by-nc
242698314,2024-09-19,40.044,-75.343,49202,green,research,False,cc-by-nc
242698920,2024-09-19,40.043,-75.343,49202,green,research,False,cc-by-nc
242711262,2024-09-19,38.981,-76.991,49202,green,research,False,cc-by-nc
242717097,2024-09-19,40.664,-79.956,54795,green,research,False,cc-by-nc
242717402,2024-09-19,40.339,-74.655,49202,green,research,False,cc-by-nc
242717547,2024-09-19,40.338,-74.655,49202,green,research,False,cc-by-nc
242724305,2024-09-19,45.611,-77.586,48098,green,research,False,cc-by-nc
242737222,2024-09-19,42.369,-71.257,54763,green,research,False,cc-by-nc
242742663,2024-09-19,45.611,-77.584,48098,green,research,False,cc-by-nc
242745719,2024-09-19,43.841,-73.079,48098,colored,research,False,cc-by-nc
242757393,2024-09-19,42.411,-71.165,54795,green,research,False,cc-by-nc
242765625,2024-09-19,42.077,-71.267,48098,green,research,False,cc-by
242767450,2024-09-19,41.88,-72.83,54763,green,research,False,cc-by-nc
242768140,2024-09-19,44.917,-69.687,52543,green,research,False,cc-by-nc
242771237,2024-09-19,46.158,-68.838,49202,green,research,False,cc-by-nc
242777810,2024-09-19,38.789,-75.438,49658,green,research,False,cc-by-nc
243212177,2024-09-19,41.338,-79.214,49202,green,research,False,cc-by
246642757,2024-09-19,42.329,-71.379,54763,green,research,False,cc-by
251720045,2024-09-19,42.706,-73.215,49202,green,research,False,cc0
263416578,2024-09-19,42.035,-73.495,49202,green,research,False,cc-by
242858207,2024-09-20,38.92,-77.055,49202,green,research,False,cc0
242858653,2024-09-20,38.916,-77.059,49202,green,research,False,cc0
242887857,2024-09-20,43.548,-75.939,49202,green,research,False,cc-by-nc
242888510,2024-09-20,41.426,-73.953,48098,green,research,False,cc-by-nc
242890143,2024-09-20,45.573,-78.449,48098,green,research,False,cc-by-nc
242892091,2024-09-20,38.806,-77.288,52543,green,needs_id,False,cc-by-nc
242900712,2024-09-20,41.033,-73.672,54763,green,research,False,cc-by-nc
242904824,2024-09-20,40.266,-74.775,54795,green,research,False,cc-by-nc
242916059,2024-09-20,42.459,-72.168,49202,green,research,False,cc-by-nc
242925046,2024-09-20,41.161,-75.263,54795,green,research,False,cc0
242932558,2024-09-20,40.742,-74.291,52543,green,needs_id,False,cc-by-nc
242939646,2024-09-20,42.454,-71.259,49202,green,research,False,cc-by-nc
242955132,2024-09-20,43.458,-80.452,54763,green,research,False,cc-by-nc
242957496,2024-09-20,43.193,-76.297,48098,green,research,False,cc-by-nc
242963522,2024-09-20,40.12,-75.226,49005,green,research,False,cc-by
242971335,2024-09-20,45.505,-73.586,54763,green,research,False,cc-by
242979871,2024-09-20,38.92,-77.055,49202,green,research,False,cc0
242986586,2024-09-20,41.084,-74.819,49202,green,research,False,cc-by-nc
243065022,2024-09-20,43.229,-72.767,52543,green,research,False,cc-by-nc
243065396,2024-09-20,38.63,-79.919,49202,green,research,False,cc-by-nc
243451369,2024-09-20,41.1,-73.862,48098,colored,research,False,cc-by-nc
243451810,2024-09-20,41.1,-73.862,54795,colored,research,False,cc-by-nc
243719117,2024-09-20,41.072,-74.855,49202,green,research,False,cc-by-nc
244229700,2024-09-20,41.072,-74.851,49202,green,research,False,cc-by-nc
258102417,2024-09-20,41.41,-75.581,48098,colored,research,False,cc-by-nc
243071936,2024-09-21,39.846,-74.899,49202,green,research,False,cc-by-nc
243084600,2024-09-21,39.861,-75.489,49202,green,research,False,cc-by-nc
243085159,2024-09-21,39.86,-75.486,49202,green,research,False,cc-by-nc
243093942,2024-09-21,40.339,-76.513,49202,green,research,False,cc-by-nc
243101182,2024-09-21,39.041,-77.064,54795,green,research,False,cc-by-nc
243103117,2024-09-21,40.902,-74.705,48098,green,research,False,cc-by-nc
243104551,2024-09-21,38.956,-77.05,49202,green,research,False,cc0
243107249,2024-09-21,43.673,-71.422,49202,green,research,False,cc-by-nc
243111587,2024-09-21,43.031,-76.138,54795,green,research,False,cc-by-nc
243112548,2024-09-21,45.578,-72.009,49202,green,research,False,cc-by-nc
243113506,2024-09-21,39.841,-74.897,54795,green,research,False,cc-by-nc
243113808,2024-09-21,42.407,-71.216,52543,green,research,False,cc-by-nc
243141935,2024-09-21,42.712,-80.338,48098,green,research,False,cc-by-nc
243147054,2024-09-21,38.99,-76.998,54763,green,research,False,cc-by-nc
243181825,2024-09-21,45.265,-75.885,52543,colored,needs_id,False,cc-by-nc
243196308,2024-09-21,45.357,-69.941,48098,colored,research,False,cc-by-nc
243213500,2024-09-21,40.407,-74.502,49202,green,research,False,cc-by-nc
243213502,2024-09-21,40.407,-74.502,49202,green,research,False,cc-by-nc
243213507,2024-09-21,40.407,-74.502,49202,green,research,False,cc-by-nc
243221289,2024-09-21,42.664,-80.483,54802,green,research,False,cc-by-nc
243222540,2024-09-21,41.971,-72.84,49202,green,research,False,cc-by-nc
243226906,2024-09-21,41.821,-72.446,54795,green,research,False,cc-by-nc
243472061,2024-09-21,43.044,-75.978,49202,green,research,False,cc-by-nc
243793213,2024-09-21,45.583,-73.33,54763,green,research,False,cc-by
244972408,2024-09-21,39.887,-75.255,48098,colored,research,False,cc-by-nc
246016604,2024-09-21,45.376,-72.578,48098,green,research,False,cc-by-nc
246016605,2024-09-21,45.376,-72.578,52543,green,research,False,cc-by-nc
331991543,2024-09-21,41.533,-72.604,54795,green,research,False,cc-by-nc
243325829,2024-09-22,40.901,-73.875,48098,green,research,False,cc-by
243338959,2024-09-22,38.91,-77.112,49202,green,research,False,cc-by-nc
243340756,2024-09-22,40.33,-74.667,48098,green,research,False,cc-by-nc
243343351,2024-09-22,38.911,-77.112,49202,green,research,False,cc-by-nc
243362993,2024-09-22,40.938,-75.184,54795,green,research,False,cc-by-nc
243364414,2024-09-22,39.745,-75.16,49202,green,research,False,cc-by-nc
243364583,2024-09-22,39.745,-75.16,54795,green,research,False,cc-by-nc
243388364,2024-09-22,42.383,-71.031,54763,green,research,False,cc-by-nc
243391167,2024-09-22,43.03,-71.356,49202,green,research,False,cc-by-nc
243444093,2024-09-22,41.203,-73.64,49658,green,research,False,cc-by-nc
243445019,2024-09-22,42.617,-71.732,49202,green,research,False,cc-by-nc
243450853,2024-09-22,42.316,-71.172,49202,green,research,False,cc-by-nc
243452384,2024-09-22,42.31,-71.178,54763,green,research,False,cc-by-nc
243454488,2024-09-22,42.081,-71.264,49202,green,research,False,cc-by
243455246,2024-09-22,38.911,-77.08,49202,green,research,False,cc0
243455298,2024-09-22,38.912,-77.08,49202,green,research,False,cc0
243455792,2024-09-22,42.499,-71.276,54763,green,research,False,cc-by
243463940,2024-09-22,40.902,-72.766,49202,green,research,False,cc-by
243475123,2024-09-22,42.368,-71.26,48098,colored,research,False,cc-by-nc
243500076,2024-09-22,42.637,-71.137,54763,green,research,False,cc-by-nc
243501575,2024-09-22,43.159,-73.041,52543,colored,research,False,cc-by-nc
243507634,2024-09-22,39.561,-77.023,49202,green,research,False,cc-by-nc-sa
243737927,2024-09-22,39.662,-78.755,54795,green,research,False,cc-by-nc
244313420,2024-09-22,40.0,-76.565,49202,green,research,False,cc-by-nc
244420483,2024-09-22,40.595,-74.57,49202,green,research,False,cc-by-nc
244420497,2024-09-22,40.595,-74.57,49202,green,research,False,cc-by-nc
245399962,2024-09-22,42.87,-71.954,49202,green,research,False,cc-by-nc
256846656,2024-09-22,45.354,-75.674,52543,green,research,False,cc-by-nc
256849607,2024-09-22,45.356,-75.673,52543,green,research,False,cc-by-nc
243565329,2024-09-23,42.631,-76.696,49202,green,research,False,cc-by-nc
243575261,2024-09-23,42.298,-71.264,48098,green,research,False,cc-by-nc
243589056,2024-09-23,40.695,-74.521,52543,green,research,False,cc-by-nc
243590823,2024-09-23,44.404,-70.004,49202,green,research,False,cc-by-nc
243594537,2024-09-23,41.498,-73.982,54763,green,needs_id,False,cc-by-nc
243600498,2024-09-23,41.478,-71.811,48098,bare,needs_id,False,cc-by-nc
243606362,2024-09-23,41.341,-72.189,54795,green,research,False,cc-by-nc
243610410,2024-09-23,40.893,-73.891,54763,green,research,False,cc-by-nc
243610914,2024-09-23,42.459,-71.253,49202,green,research,False,cc-by-nc
243629302,2024-09-23,42.286,-71.232,54795,green,research,False,cc-by-nc
243634891,2024-09-23,43.613,-71.661,49202,colored,research,False,cc-by-nc
243639246,2024-09-23,42.365,-71.261,54763,green,research,False,cc-by-nc
243641588,2024-09-23,42.49,-72.519,54795,green,research,False,cc-by-nc
243645894,2024-09-23,41.963,-71.179,54795,green,research,False,cc-by-nc
243651292,2024-09-23,42.109,-71.32,49202,green,research,False,cc-by-nc
243655309,2024-09-23,42.109,-71.32,49202,green,research,False,cc-by-nc
243655942,2024-09-23,42.111,-71.318,49202,green,research,False,cc-by-nc
243656799,2024-09-23,42.109,-71.32,49202,green,research,False,cc-by-nc
243668588,2024-09-23,43.677,-72.426,49005,green,research,False,cc0
243671435,2024-09-23,43.689,-72.81,49202,green,research,False,cc-by-nc
243671532,2024-09-23,43.688,-72.81,52543,green,research,False,cc-by-nc
243671560,2024-09-23,43.688,-72.81,52543,green,needs_id,False,cc-by-nc
243671820,2024-09-23,43.687,-72.812,48098,green,research,False,cc-by-nc
243672191,2024-09-23,39.277,-76.089,49658,green,research,False,cc-by-nc
243672287,2024-09-23,39.03,-76.114,49658,green,research,False,cc-by-nc
243676989,2024-09-23,38.901,-77.058,49202,green,research,False,cc-by-nc
243682597,2024-09-23,40.9,-74.421,48098,green,research,False,cc-by-nc
243690114,2024-09-23,42.389,-70.998,54763,green,research,False,cc0
243878225,2024-09-23,45.013,-78.284,49005,green,research,False,cc-by-nc
244039122,2024-09-23,40.57,-74.556,49202,green,research,False,cc-by-nc
244903261,2024-09-23,43.778,-79.37,52543,green,research,False,cc-by-nc
258951455,2024-09-23,44.566,-72.605,49005,green,research,False,cc-by-nc
243784649,2024-09-24,43.135,-70.932,54763,green,research,False,cc-by-nc
243784916,2024-09-24,43.135,-70.933,54763,green,research,False,cc-by-nc
243787057,2024-09-24,43.135,-70.932,54763,green,research,False,cc-by-nc
243803198,2024-09-24,39.417,-76.562,49202,green,research,False,cc-by-nc
243807141,2024-09-24,44.479,-77.302,49202,green,research,False,cc-by-nc
243820443,2024-09-24,42.84,-76.243,48098,green,research,False,cc-by-nc
243821520,2024-09-24,41.89,-71.427,54795,green,research,False,cc0
243821566,2024-09-24,41.894,-71.426,49202,green,research,False,cc0
243846378,2024-09-24,39.154,-79.389,49202,green,research,False,cc-by-nc
243851316,2024-09-24,43.479,-72.755,48098,colored,research,False,cc0
243851900,2024-09-24,43.484,-72.727,49202,green,research,False,cc0
243852318,2024-09-24,43.636,-72.614,52543,green,research,False,cc0
243868816,2024-09-24,41.964,-71.18,54763,green,research,False,cc-by-nc
243869130,2024-09-24,41.964,-71.18,52543,green,research,False,cc-by-nc
243869175,2024-09-24,41.964,-71.179,54763,green,research,False,cc-by-nc
243869581,2024-09-24,41.903,-71.433,49202,colored,research,False,cc0
243871008,2024-09-24,45.236,-75.473,54763,green,research,False,cc-by-nc
243871705,2024-09-24,42.633,-71.395,54763,green,research,False,cc-by-nc
243876859,2024-09-24,45.148,-75.6,54763,green,research,False,cc-by-nc
243903486,2024-09-24,39.154,-79.389,49202,green,research,False,cc-by-nc
244148232,2024-09-24,44.794,-76.204,49202,green,research,False,cc-by-nc
247186732,2024-09-24,44.83,-76.579,52543,green,research,False,cc-by-nc
252556528,2024-09-24,44.758,-68.857,49202,green,research,False,cc-by-nc
253794879,2024-09-24,38.85,-77.715,54795,colored,research,False,cc-by-nc
243958110,2024-09-25,42.286,-71.232,54795,colored,research,False,cc-by-nc
244003266,2024-09-25,42.33,-76.417,49005,green,needs_id,False,cc-by-nc
244005921,2024-09-25,42.331,-76.418,48098,green,research,False,cc-by-nc
244011283,2024-09-25,39.312,-74.611,48098,green,research,False,cc-by-nc
244013455,2024-09-25,41.963,-71.18,48098,green,research,False,cc-by-nc
244014586,2024-09-25,41.963,-71.18,49202,green,research,False,cc-by-nc
244018233,2024-09-25,42.718,-73.202,54802,green,research,False,cc-by-nc
244037263,2024-09-25,43.137,-70.94,49202,green,research,False,cc-by-nc
244064062,2024-09-25,44.446,-73.22,54763,green,research,False,cc-by-nc
244118899,2024-09-25,44.31,-68.32,49202,green,research,False,cc-by-nc
244285806,2024-09-25,43.518,-72.433,52543,colored,research,False,cc0
244285986,2024-09-25,43.445,-72.523,49005,green,research,False,cc0
244286158,2024-09-25,43.42,-72.538,48098,colored,research,False,cc0
244286189,2024-09-25,43.42,-72.546,48098,colored,research,False,cc0
244286259,2024-09-25,43.396,-72.568,48098,colored,research,False,cc0
244286268,2024-09-25,43.402,-72.515,48098,colored,research,False,cc0
244738566,2024-09-25,42.329,-71.174,48098,green,research,False,cc-by-nc
245808907,2024-09-25,40.119,-75.026,54795,green,research,False,cc-by-nc
244121612,2024-09-26,44.404,-70.004,49202,green,research,False,cc-by-nc
244121974,2024-09-26,44.404,-70.004,49202,green,research,False,cc-by-nc
244126207,2024-09-26,43.134,-70.931,54763,green,research,False,cc-by-nc
244127305,2024-09-26,43.134,-70.931,54763,green,research,False,cc-by-nc
244145497,2024-09-26,41.964,-71.181,48098,green,research,False,cc-by-nc
244149401,2024-09-26,44.217,-73.064,48098,green,research,False,cc-by
244178161,2024-09-26,41.964,-71.181,54795,colored,research,False,cc-by-nc
244178863,2024-09-26,41.963,-71.181,54795,colored,research,False,cc-by-nc
244179875,2024-09-26,41.963,-71.181,54795,colored,research,False,cc-by-nc
244182448,2024-09-26,40.271,-74.776,49202,green,research,False,cc-by-nc
244185493,2024-09-26,41.305,-73.016,48098,green,research,False,cc-by-nc
244188207,2024-09-26,40.036,-75.155,49202,green,research,False,cc-by-nc
244195064,2024-09-26,41.041,-73.845,48098,green,research,False,cc-by-nc
244195708,2024-09-26,44.136,-78.014,48098,green,research,False,cc-by
244197263,2024-09-26,43.958,-80.058,48098,green,research,False,cc-by-nc
244211078,2024-09-26,44.6,-79.792,49202,green,research,False,cc-by-nc
244211428,2024-09-26,41.87,-72.449,54763,green,research,False,cc-by-nc
244214465,2024-09-26,42.317,-76.482,49202,green,research,False,cc-by
244214883,2024-09-26,38.916,-77.059,49202,green,research,False,cc0
244229145,2024-09-26,40.87,-74.69,48098,bare,research,False,cc-by-nc
244237650,2024-09-26,38.628,-77.332,48098,green,research,False,cc-by-nc
244411105,2024-09-26,44.6,-79.792,49202,green,research,False,cc-by-nc
244596071,2024-09-26,41.01,-74.735,48098,green,research,False,cc-by-nc
244605649,2024-09-26,40.803,-74.697,48098,green,research,False,cc-by-nc
244292358,2024-09-27,38.916,-77.059,49202,green,research,False,cc0
244301246,2024-09-27,42.477,-73.207,54763,green,research,False,cc-by-nc
244301431,2024-09-27,42.551,-72.603,54763,green,research,False,cc-by-nc
244345150,2024-09-27,39.991,-75.219,49005,green,research,False,cc0
244357909,2024-09-27,41.425,-73.954,54795,green,research,False,cc-by-nc
244362695,2024-09-27,41.983,-73.521,48098,colored,research,False,cc-by-nc
244366650,2024-09-27,42.336,-71.163,54763,green,research,False,cc-by-nc
244371782,2024-09-27,42.367,-71.259,48098,green,needs_id,False,cc-by-nc
244373178,2024-09-27,42.368,-71.121,48098,green,needs_id,False,cc-by-nc
244374622,2024-09-27,42.313,-71.307,48098,green,research,False,cc-by-nc
244391128,2024-09-27,42.464,-77.222,49202,green,research,False,cc-by-nc
244405099,2024-09-27,41.985,-70.924,49202,green,research,False,cc-by-nc
244512991,2024-09-27,41.975,-70.899,54763,green,research,False,cc-by-nc
244566088,2024-09-27,42.325,-71.173,48098,green,research,False,cc-by-nc
247517804,2024-09-27,42.997,-71.265,49202,green,research,False,cc-by
247634919,2024-09-27,42.985,-71.249,49202,green,research,False,cc-by
248165756,2024-09-27,40.44,-74.272,49658,green,research,False,cc-by-nc
271613840,2024-09-27,43.004,-72.596,48098,colored,research,False,cc-by-nc
331008445,2024-09-27,40.817,-77.89,54795,colored,research,False,cc-by-nc
244487980,2024-09-28,43.985,-74.235,49202,green,research,False,cc-by-nc
244488535,2024-09-28,42.953,-70.86,49202,green,research,False,cc-by-nc
244488982,2024-09-28,42.954,-70.86,52543,green,research,False,cc-by-nc
244493115,2024-09-28,38.916,-77.059,49202,green,research,False,cc0
244494114,2024-09-28,38.915,-77.065,49202,green,research,False,cc0
244497393,2024-09-28,40.846,-73.876,49658,green,research,False,cc-by-nc
244499343,2024-09-28,42.368,-71.121,48098,green,research,False,cc-by-nc
244503115,2024-09-28,43.252,-80.225,48098,green,research,False,cc-by-nc
244510730,2024-09-28,44.346,-73.701,49202,green,research,False,cc-by
244515932,2024-09-28,38.881,-76.956,49658,colored,research,False,cc-by-nc
244518579,2024-09-28,40.848,-73.879,54763,green,research,False,cc-by-nc
244534466,2024-09-28,44.455,-68.882,48098,green,research,False,cc-by-nc-sa
244537566,2024-09-28,45.356,-69.94,49202,green,research,False,cc-by
244544303,2024-09-28,41.966,-71.24,48098,green,research,False,cc-by-nc
244544537,2024-09-28,42.388,-71.225,49202,green,needs_id,False,cc-by-nc
244544971,2024-09-28,42.387,-71.225,49202,green,needs_id,False,cc-by-nc
244557022,2024-09-28,38.915,-77.082,49202,green,research,False,cc0
244557063,2024-09-28,38.915,-77.081,49202,green,research,False,cc0
244567538,2024-09-28,39.129,-77.573,48098,green,research,False,cc0
244577552,2024-09-28,41.74,-70.137,49202,green,research,False,cc-by-nc
244578868,2024-09-28,41.864,-77.791,49202,green,research,False,cc-by-nc
244581802,2024-09-28,40.215,-74.936,49202,green,research,False,cc-by-nc
244583091,2024-09-28,44.863,-68.754,49005,green,research,False,cc-by-nc
244586075,2024-09-28,42.344,-71.195,54763,green,research,False,cc-by-nc
244598392,2024-09-28,42.744,-70.796,54802,green,needs_id,False,cc-by-nc
244624791,2024-09-28,45.499,-73.778,52543,green,research,False,cc-by-nc
244675983,2024-09-28,44.763,-78.194,48098,green,research,False,cc-by
245113362,2024-09-28,42.222,-71.573,49202,green,research,False,cc0
245175518,2024-09-28,40.507,-74.823,54763,green,research,False,cc-by-nc
245766965,2024-09-28,38.936,-76.08,49202,green,research,False,cc-by-nc
245799974,2024-09-28,42.211,-72.427,48098,colored,research,False,cc0
249203768,2024-09-28,39.023,-77.159,54795,green,research,False,cc-by-nc
253072689,2024-09-28,44.55,-69.893,48098,colored,research,False,cc-by-nc
332674488,2024-09-28,41.438,-72.182,48098,green,needs_id,False,cc-by-nc
332675669,2024-09-28,41.438,-72.182,49005,green,needs_id,False,cc-by-nc
332675692,2024-09-28,41.438,-72.181,52543,colored,needs_id,False,cc-by-nc
337808607,2024-09-28,39.96,-74.667,49658,colored,research,False,cc-by-nc
387228601,2024-09-28,46.307,-74.527,49202,colored,needs_id,False,cc-by-nc
244690875,2024-09-29,44.9,-68.658,49202,green,research,False,cc-by-nc
244695364,2024-09-29,42.207,-71.099,54795,colored,research,False,cc-by-nc
244707845,2024-09-29,42.41,-71.164,54763,green,research,False,cc-by-nc
244725743,2024-09-29,42.389,-71.625,48098,green,research,False,cc-by-nc
244729889,2024-09-29,41.644,-73.076,54795,green,research,False,cc-by-nc
244745536,2024-09-29,40.468,-79.747,54795,colored,research,False,cc-by-nc
244755276,2024-09-29,45.002,-71.598,52543,colored,research,False,cc-by-nc
244757222,2024-09-29,38.925,-77.045,49202,green,research,False,cc0
244770269,2024-09-29,42.423,-71.144,54763,green,research,False,cc-by-nc
244783765,2024-09-29,40.339,-74.654,49202,green,research,False,cc-by-nc
244786629,2024-09-29,42.368,-71.255,54763,green,research,False,cc-by-nc
244786978,2024-09-29,45.456,-75.481,48098,colored,research,False,cc-by-nc
244827713,2024-09-29,42.411,-71.164,54795,green,research,False,cc-by-nc
244830734,2024-09-29,45.843,-68.932,49202,green,research,False,cc-by-nc
244882668,2024-09-29,44.308,-78.301,52543,green,research,False,cc-by
245168369,2024-09-29,45.591,-78.34,48098,colored,research,False,cc-by-nc
245222829,2024-09-29,40.907,-72.732,54795,colored,research,False,cc-by-nc
245276774,2024-09-29,44.943,-75.718,48098,colored,research,False,cc-by-nc
247140428,2024-09-29,45.671,-73.518,49005,green,research,False,cc-by-nc
249391952,2024-09-29,43.959,-79.552,52543,green,research,False,cc-by-nc
269111775,2024-09-29,45.289,-72.212,49005,green,research,False,cc-by-nc
269112746,2024-09-29,45.289,-72.212,48098,green,research,False,cc-by-nc
244936951,2024-09-30,43.981,-69.729,49202,green,research,False,cc-by-nc
244937429,2024-09-30,42.558,-71.373,48098,colored,research,False,cc-by-nc
244938190,2024-09-30,41.72,-74.165,48098,colored,research,False,cc-by-nc
244942930,2024-09-30,40.597,-74.152,54763,green,research,False,cc-by-nc
244949478,2024-09-30,38.91,-77.067,48098,green,research,False,cc-by-nc
244953240,2024-09-30,41.656,-73.927,54763,green,needs_id,False,cc-by-nc
244962321,2024-09-30,43.255,-79.815,54763,green,research,False,cc-by
244963585,2024-09-30,44.815,-68.805,54763,green,research,False,cc-by-nc
244969794,2024-09-30,42.337,-71.164,54763,green,research,False,cc-by-nc
244972512,2024-09-30,42.746,-72.497,48098,colored,research,False,cc0
244972548,2024-09-30,42.787,-72.55,48098,colored,research,False,cc0
244974373,2024-09-30,42.316,-71.308,54763,green,research,False,cc-by-nc
244979767,2024-09-30,45.827,-77.122,48098,green,research,False,cc-by-nc
244995296,2024-09-30,45.902,-79.375,49202,green,research,False,cc-by-nc
245001376,2024-09-30,39.746,-75.157,49202,green,research,False,cc-by-nc
245002548,2024-09-30,39.746,-75.154,48098,green,research,False,cc-by-nc
245124782,2024-09-30,44.136,-71.675,49202,green,research,False,cc0
245156213,2024-09-30,45.585,-78.413,48098,colored,research,False,cc-by-nc
245235032,2024-09-30,43.592,-79.513,54763,green,research,False,cc-by-nc
245746056,2024-09-30,42.387,-71.146,54802,green,research,False,cc-by-nc
245886903,2024-09-30,40.77,-73.241,49658,green,research,False,cc-by-nc
247205309,2024-09-30,44.477,-73.184,54763,green,research,False,cc-by-nc
247207005,2024-09-30,43.724,-79.61,52543,green,research,False,cc-by-nc
248892470,2024-09-30,40.349,-74.562,49658,colored,research,False,cc-by-nc
258621431,2024-09-30,42.645,-73.194,48098,bare,research,False,cc-by-nc
258621435,2024-09-30,42.644,-73.194,48098,colored,research,False,cc-by-nc
328767153,2024-09-30,41.841,-74.087,48098,green,research,False,cc-by-nc
245060659,2024-10-01,38.92,-77.055,49202,green,research,False,cc0
245078785,2024-10-01,41.156,-73.502,54763,green,research,False,cc-by-nc
245080637,2024-10-01,42.951,-71.077,48098,colored,research,False,cc-by-nc
245112302,2024-10-01,40.344,-78.96,52543,colored,research,False,cc-by-nc
245118583,2024-10-01,39.222,-77.798,48098,green,research,False,cc-by-nc
245139697,2024-10-01,44.997,-72.181,48098,colored,research,False,cc0
245139727,2024-10-01,44.996,-72.18,52543,colored,research,False,cc0
245139811,2024-10-01,44.906,-72.194,48098,colored,research,False,cc0
245140216,2024-10-01,44.895,-72.183,48098,colored,research,False,cc0
245140237,2024-10-01,44.894,-72.183,48098,colored,research,False,cc0
245140375,2024-10-01,44.66,-72.168,48098,colored,research,False,cc0
245140511,2024-10-01,44.65,-72.164,48098,colored,research,False,cc0
245140568,2024-10-01,44.64,-72.156,52543,colored,research,False,cc0
245140741,2024-10-01,44.589,-72.135,52543,colored,research,False,cc0
245140751,2024-10-01,44.575,-72.135,49005,green,research,False,cc0
245145906,2024-10-01,44.472,-77.314,49005,green,research,False,cc-by-nc
245166761,2024-10-01,43.997,-73.822,49202,colored,research,False,cc-by-nc
245384605,2024-10-01,43.013,-72.938,48098,colored,research,False,cc-by-nc
245441670,2024-10-01,42.343,-71.197,52543,green,research,False,cc-by-nc
245726941,2024-10-01,41.641,-71.734,54795,green,research,False,cc-by-nc
245215115,2024-10-02,40.657,-73.844,48098,green,research,False,cc-by-nc
245226090,2024-10-02,42.116,-73.416,52543,colored,needs_id,False,cc-by-nc
245226110,2024-10-02,42.116,-73.416,52543,colored,needs_id,False,cc-by-nc
245252603,2024-10-02,40.725,-74.368,54763,green,needs_id,False,cc-by-nc
245257719,2024-10-02,42.55,-70.875,54763,green,research,False,cc-by-nc
245257939,2024-10-02,42.55,-70.875,54763,green,research,False,cc-by-nc
245260839,2024-10-02,42.091,-73.716,48098,green,research,False,cc-by-nc
245270701,2024-10-02,42.526,-71.271,49202,green,research,False,cc-by-nc
245273021,2024-10-02,41.312,-72.941,54763,green,research,False,cc-by-nc
245279196,2024-10-02,45.386,-78.902,48098,colored,research,False,cc-by-nc
245306631,2024-10-02,38.92,-77.054,49202,green,research,False,cc0
245307663,2024-10-02,43.0,-77.571,49202,green,research,False,cc-by-nc
245326116,2024-10-02,40.347,-74.564,49202,green,research,False,cc-by-nc
245327280,2024-10-02,42.774,-80.267,48098,green,research,False,cc-by
245327320,2024-10-02,42.774,-80.266,49202,green,research,False,cc-by
245338989,2024-10-02,41.051,-73.703,48098,colored,research,False,cc-by-nc
245381932,2024-10-02,42.664,-80.472,52543,green,research,False,cc-by
247887585,2024-10-02,42.959,-71.253,49202,green,research,False,cc-by
265198272,2024-10-02,40.33,-74.669,54795,colored,research,False,cc-by-nc
245381750,2024-10-03,44.509,-73.26,48098,colored,research,False,cc-by-nc
245403222,2024-10-03,41.422,-72.428,49202,green,research,False,cc-by-nc
245417981,2024-10-03,40.776,-73.24,52543,green,research,False,cc-by
245429688,2024-10-03,42.06,-70.175,54795,green,research,False,cc-by-nc
245442235,2024-10-03,39.172,-76.952,49202,green,research,False,cc-by-nc
245466531,2024-10-03,42.61,-73.854,48098,green,research,False,cc-by-nc
245470257,2024-10-03,38.975,-77.57,48098,green,research,False,cc-by-nc
245471705,2024-10-03,42.364,-71.26,49005,colored,needs_id,False,cc-by-nc
245489683,2024-10-03,42.095,-76.013,48098,green,research,False,cc-by-nc
245499811,2024-10-03,44.328,-68.179,48098,green,research,False,cc-by-nc
245502178,2024-10-03,43.218,-77.444,48098,colored,research,False,cc-by
245651319,2024-10-03,42.668,-80.493,52543,green,research,False,cc-by
246151923,2024-10-03,40.851,-74.188,54763,green,research,False,cc-by-sa
246869615,2024-10-03,42.195,-72.935,54763,green,research,False,cc-by-nc
259005690,2024-10-03,44.297,-72.295,48098,colored,research,False,cc-by-nc
245559746,2024-10-04,42.116,-73.415,52543,green,research,False,cc-by-nc
245559748,2024-10-04,42.116,-73.416,52543,green,needs_id,False,cc-by-nc
245571477,2024-10-04,41.057,-73.545,48098,green,needs_id,False,cc-by-nc
245576819,2024-10-04,42.366,-71.26,49005,colored,research,False,cc-by-nc
245577364,2024-10-04,42.367,-71.26,48098,green,research,False,cc-by-nc
245579184,2024-10-04,45.424,-75.694,54763,green,research,False,cc-by-nc
245580219,2024-10-04,41.034,-74.127,48098,green,research,False,cc0
245582610,2024-10-04,43.03,-76.133,52543,colored,research,False,cc-by-nc
245584408,2024-10-04,41.122,-73.805,49202,green,research,False,cc-by-nc
245587766,2024-10-04,47.035,-68.594,49202,green,research,False,cc-by-nc
245591388,2024-10-04,41.533,-73.098,54763,green,research,False,cc-by-nc
245592507,2024-10-04,42.703,-78.902,49202,green,research,False,cc-by-nc
245596331,2024-10-04,42.507,-71.893,49202,green,research,False,cc-by-nc
245597745,2024-10-04,43.266,-76.356,49202,green,research,False,cc-by-nc
245601949,2024-10-04,44.032,-73.084,49005,green,research,False,cc-by-nc
245601965,2024-10-04,45.314,-75.873,52543,green,research,False,cc-by-nc
245602018,2024-10-04,44.034,-73.078,49005,green,research,False,cc-by-nc
245602139,2024-10-04,44.034,-73.076,49202,green,research,False,cc-by-nc
245602804,2024-10-04,44.034,-73.061,48098,green,research,False,cc-by-nc
245604333,2024-10-04,44.033,-73.061,48098,colored,research,False,cc-by-nc
245604561,2024-10-04,44.032,-73.058,49202,green,research,False,cc-by-nc
245615248,2024-10-04,43.543,-80.261,54763,green,research,False,cc-by-nc
245616465,2024-10-04,43.543,-80.262,54763,green,research,False,cc-by-nc
245616589,2024-10-04,38.865,-77.226,49202,green,research,False,cc-by-nc
245626017,2024-10-04,45.327,-75.785,49202,green,research,False,cc0
245631473,2024-10-04,44.027,-79.52,54763,green,research,False,cc-by
245631657,2024-10-04,41.948,-71.282,54763,colored,research,False,cc-by-nc
245631864,2024-10-04,45.337,-75.927,49202,green,research,False,cc-by-nc
245644641,2024-10-04,38.935,-74.958,48098,green,research,False,cc-by-nc
245671683,2024-10-04,39.811,-79.489,54802,colored,needs_id,False,cc-by-nc
245677629,2024-10-04,40.084,-75.233,49202,green,research,False,cc-by-nc
245842320,2024-10-04,38.963,-77.317,54795,green,research,False,cc-by
245843371,2024-10-04,40.845,-74.386,49202,green,research,False,cc-by-nc
245850269,2024-10-04,46.027,-68.943,48098,colored,research,False,cc-by-nc
245858374,2024-10-04,39.8,-79.457,49202,green,research,False,cc-by-nc
246171981,2024-10-04,45.582,-73.528,54763,green,research,False,cc-by
247902064,2024-10-04,45.427,-72.618,48098,green,research,False,cc-by-nc
247902074,2024-10-04,45.427,-72.617,48098,colored,research,False,cc-by-nc
247905676,2024-10-04,45.418,-72.63,48098,green,research,False,cc-by-nc
290460754,2024-10-04,44.352,-68.191,48098,colored,research,False,cc-by-nc
290460819,2024-10-04,44.352,-68.191,48098,colored,research,False,cc-by-nc
245731253,2024-10-05,42.532,-78.128,49202,green,research,False,cc-by-nc
245746854,2024-10-05,39.143,-77.574,49202,green,research,False,cc-by-nc
245746956,2024-10-05,39.143,-77.574,49202,green,research,False,cc-by-nc
245766547,2024-10-05,46.02,-73.685,52543,colored,research,False,cc-by-nc
245769287,2024-10-05,46.019,-73.682,49202,green,research,False,cc-by-nc
245770019,2024-10-05,39.141,-77.576,49202,green,research,False,cc-by-nc
245772366,2024-10-05,46.026,-73.681,48098,colored,research,False,cc-by-nc
245774360,2024-10-05,46.027,-73.681,49005,colored,research,False,cc-by-nc
245777106,2024-10-05,46.029,-73.681,48098,colored,research,False,cc-by-nc
245784718,2024-10-05,46.03,-73.685,49202,green,research,False,cc-by-nc
245793437,2024-10-05,39.143,-77.574,49202,green,research,False,cc0
245794336,2024-10-05,41.96,-72.42,52543,green,research,False,cc-by-nc
245795643,2024-10-05,42.218,-74.129,49202,green,research,False,cc-by-nc
245797992,2024-10-05,39.446,-74.728,48098,green,research,False,cc-by-nc
245800809,2024-10-05,40.327,-74.66,48098,green,research,False,cc-by-nc
245804762,2024-10-05,41.834,-73.026,48098,colored,needs_id,False,cc-by-nc
245810076,2024-10-05,44.46,-72.697,49202,green,research,False,cc-by-nc
245810193,2024-10-05,44.468,-72.694,49202,green,research,False,cc-by-nc
245810246,2024-10-05,44.468,-72.694,48098,colored,research,False,cc-by-nc
245815024,2024-10-05,45.354,-72.262,49202,colored,research,False,cc-by-nc
245825043,2024-10-05,40.616,-80.008,49202,green,research,False,cc-by-nc
245829788,2024-10-05,40.141,-75.343,54795,colored,research,False,cc-by-nc
245848517,2024-10-05,42.973,-71.584,54763,green,research,False,cc-by
245848876,2024-10-05,39.143,-77.574,49202,green,research,False,cc-by-nc
245849017,2024-10-05,39.142,-77.573,49202,green,research,False,cc-by-nc
245952480,2024-10-05,44.421,-72.292,52543,colored,research,False,cc0
245960902,2024-10-05,43.709,-74.371,48098,colored,needs_id,False,cc-by-nc
245961022,2024-10-05,43.709,-74.371,48098,colored,research,False,cc-by-nc
245961618,2024-10-05,43.705,-74.378,49202,colored,research,False,cc-by-nc
245963780,2024-10-05,40.74,-77.847,54802,colored,research,False,cc-by-nc
245966369,2024-10-05,43.711,-74.362,49202,green,research,False,cc-by-nc
246042825,2024-10-05,41.326,-78.393,49202,green,research,False,cc-by-nc
246065493,2024-10-05,47.246,-68.594,54763,green,research,False,cc-by
246354820,2024-10-05,39.143,-77.574,49202,green,research,False,cc0
246355118,2024-10-05,39.143,-77.574,49202,green,research,False,cc0
246400355,2024-10-05,42.414,-76.491,49202,green,research,False,cc-by-nc
246404123,2024-10-05,42.418,-76.497,48098,green,research,False,cc-by-nc
246411580,2024-10-05,43.978,-79.984,52543,green,research,False,cc-by-nc
247229079,2024-10-05,42.374,-71.716,48098,green,research,False,cc0
247229121,2024-10-05,42.378,-71.716,49202,green,research,False,cc0
249010914,2024-10-05,40.619,-74.602,48098,green,research,False,cc-by-nc
253105735,2024-10-05,41.49,-73.987,54763,green,needs_id,False,cc-by
254472378,2024-10-05,42.276,-71.631,48098,colored,research,False,cc-by-nc-sa
290463036,2024-10-05,43.899,-70.179,48098,colored,needs_id,False,cc-by-nc
245940482,2024-10-06,40.778,-73.975,49005,green,needs_id,False,cc-by-nc
245949774,2024-10-06,45.447,-75.663,49202,green,research,False,cc-by-nc
245952477,2024-10-06,40.325,-74.669,49202,green,research,False,cc-by-nc
245960900,2024-10-06,44.162,-69.159,49202,green,research,False,cc-by-nc
245971092,2024-10-06,42.368,-71.258,48098,green,research,False,cc-by-nc
245984902,2024-10-06,39.268,-76.874,49202,green,research,False,cc-by-nc
246003790,2024-10-06,40.423,-80.01,54763,green,needs_id,False,cc-by
246007671,2024-10-06,45.63,-73.572,52543,green,research,False,cc-by-nc
246009132,2024-10-06,45.63,-73.572,52543,green,research,False,cc-by-nc
246013309,2024-10-06,41.211,-73.827,54795,colored,research,False,cc0
246015005,2024-10-06,39.334,-76.623,49202,green,research,False,cc-by-nc
246026164,2024-10-06,41.533,-73.099,54763,green,research,False,cc-by-nc
246029409,2024-10-06,38.942,-76.608,49202,green,research,False,cc-by-nc
246032959,2024-10-06,42.287,-71.863,54763,green,research,False,cc-by-nc
246071888,2024-10-06,43.976,-79.807,54763,green,research,False,cc-by
246076098,2024-10-06,39.195,-77.101,49658,green,research,False,cc-by-nc
246081770,2024-10-06,42.118,-74.099,49202,green,research,False,cc-by-nc
246087180,2024-10-06,45.449,-75.657,49202,green,research,False,cc-by-nc
246166813,2024-10-06,45.434,-73.946,52543,colored,needs_id,False,cc-by-nc
246171271,2024-10-06,45.432,-73.949,49005,green,research,False,cc-by-nc
246362311,2024-10-06,46.063,-75.718,49202,green,research,False,cc-by-nc
247871952,2024-10-06,44.394,-68.224,49005,colored,research,False,cc-by-nc
252615620,2024-10-06,39.122,-76.48,48098,green,research,False,cc-by-nc
255820200,2024-10-06,40.07,-75.382,48098,green,research,False,cc-by-nc
258421114,2024-10-06,45.808,-74.236,48098,colored,research,False,cc-by-nc
246146487,2024-10-07,38.92,-77.054,49202,green,research,False,cc0
246146493,2024-10-07,38.92,-77.055,49202,green,research,False,cc0
246149736,2024-10-07,38.915,-77.061,49202,green,research,False,cc0
246157590,2024-10-07,43.669,-72.831,49202,colored,research,False,cc-by-nc
246212678,2024-10-07,42.369,-71.257,49005,colored,needs_id,False,cc-by-nc
246218937,2024-10-07,39.628,-79.939,49658,green,research,False,cc-by-nc
246219340,2024-10-07,39.627,-79.939,54795,green,research,False,cc-by-nc
246219665,2024-10-07,39.627,-79.939,48098,green,research,False,cc-by-nc
246220907,2024-10-07,43.193,-77.513,54795,colored,research,False,cc-by
246221332,2024-10-07,39.627,-79.938,49202,green,research,False,cc-by-nc
246221841,2024-10-07,42.183,-76.466,49202,green,research,False,cc-by-nc
246226623,2024-10-07,38.758,-78.434,48098,green,research,False,cc-by-nc
246229451,2024-10-07,38.92,-77.055,49202,green,research,False,cc0
246229545,2024-10-07,43.978,-77.019,49202,green,research,False,cc-by-nc
246234140,2024-10-07,42.434,-71.108,54795,green,research,False,cc0
246307067,2024-10-07,39.163,-77.314,49202,green,research,False,cc-by
246342491,2024-10-07,41.498,-73.982,54763,green,research,False,cc-by-nc
246410383,2024-10-07,42.643,-72.223,52543,colored,research,False,cc-by-nc
246666815,2024-10-07,44.492,-73.178,54763,green,research,False,cc-by-nc
247095911,2024-10-07,44.184,-72.838,52543,colored,research,False,cc-by
247936802,2024-10-07,45.458,-72.727,48098,colored,needs_id,False,cc-by-nc
254030197,2024-10-07,41.291,-72.96,54763,green,research,False,cc-by-nc
246323386,2024-10-08,42.674,-72.043,49202,green,research,False,cc-by-nc
246326993,2024-10-08,42.114,-73.416,52543,colored,needs_id,False,cc-by-nc
246335643,2024-10-08,43.913,-78.677,49202,green,research,False,cc-by-nc
246343200,2024-10-08,43.07,-70.798,49202,green,research,False,cc-by-nc
246347204,2024-10-08,42.205,-71.444,54763,green,research,False,cc-by-nc
246348992,2024-10-08,42.37,-71.259,49005,colored,needs_id,False,cc-by-nc
246365295,2024-10-08,38.935,-77.041,49202,green,research,False,cc-by-nc
246365898,2024-10-08,44.527,-76.669,49202,green,research,False,cc-by-nc
246366659,2024-10-08,44.104,-71.674,49202,green,research,False,cc-by-nc
246367319,2024-10-08,43.106,-77.511,48098,green,research,False,cc-by-nc
246367449,2024-10-08,43.106,-77.511,48098,green,research,False,cc-by-nc
246367533,2024-10-08,43.106,-77.511,48098,green,research,False,cc-by-nc
246368354,2024-10-08,43.106,-77.511,48098,green,research,False,cc-by-nc
246368427,2024-10-08,43.106,-77.511,48098,colored,research,False,cc-by-nc
246369630,2024-10-08,42.369,-71.257,54795,green,research,False,cc-by-nc
246370707,2024-10-08,42.166,-71.362,54763,green,research,False,cc-by-nc
246371028,2024-10-08,42.165,-71.362,54763,green,research,False,cc-by-nc
246371799,2024-10-08,44.151,-72.356,52543,colored,research,False,cc0
246372013,2024-10-08,44.151,-72.356,48098,colored,research,False,cc0
246377953,2024-10-08,41.006,-74.589,49202,green,research,False,cc-by-nc
246380056,2024-10-08,40.743,-73.743,54795,green,research,False,cc-by-nc
246388833,2024-10-08,40.398,-76.945,54795,green,research,False,cc-by-nc
246389513,2024-10-08,39.136,-77.764,49202,green,research,False,cc-by-nc
246393238,2024-10-08,41.835,-69.969,54763,green,research,False,cc-by
246394312,2024-10-08,45.355,-75.592,54763,green,research,False,cc-by-nc
246402205,2024-10-08,42.944,-71.481,48098,colored,needs_id,False,cc-by
246402208,2024-10-08,42.944,-71.481,49005,green,research,False,cc-by
246408540,2024-10-08,43.219,-77.445,48098,colored,research,False,cc-by
246410264,2024-10-08,40.028,-75.307,49202,green,research,False,cc-by-nc
246411648,2024-10-08,38.652,-78.312,54795,green,research,False,cc-by-nc
246413946,2024-10-08,45.416,-75.406,48098,colored,research,False,cc-by-nc
246486756,2024-10-08,44.477,-73.186,48098,green,research,False,cc-by-nc
246514383,2024-10-08,41.468,-71.58,49202,green,research,False,cc-by-nc
246619863,2024-10-08,43.105,-77.511,54763,green,research,False,cc-by-nc
246619893,2024-10-08,43.105,-77.513,48098,green,research,False,cc-by-nc
247354419,2024-10-08,44.451,-73.194,48098,colored,research,False,cc-by-nc
247363737,2024-10-08,42.463,-71.105,54763,green,research,False,cc-by-nc
251353240,2024-10-08,41.964,-71.179,48098,green,research,False,cc-by-nc
252712603,2024-10-08,44.871,-68.638,48098,colored,research,False,cc-by-nc
253055417,2024-10-08,44.833,-68.478,48098,colored,research,False,cc-by-nc
253057135,2024-10-08,44.832,-68.463,49005,colored,research,False,cc-by-nc
246477720,2024-10-09,41.806,-69.958,54763,green,research,False,cc-by-nc
246490468,2024-10-09,43.861,-69.602,48098,green,research,False,cc-by-nc
246497594,2024-10-09,42.39,-76.375,52543,colored,research,False,cc-by-nc
246504321,2024-10-09,41.037,-74.547,48098,green,research,False,cc-by-nc
246511796,2024-10-09,39.039,-77.151,49005,green,research,False,cc-by
246511971,2024-10-09,39.039,-77.149,48098,green,research,False,cc-by
246519863,2024-10-09,44.042,-73.05,49202,colored,research,False,cc-by-nc
246520035,2024-10-09,44.044,-73.048,48098,colored,research,False,cc-by-nc
246520084,2024-10-09,44.046,-73.048,52543,colored,research,False,cc-by-nc
246520089,2024-10-09,44.477,-73.187,54763,green,research,False,cc-by-nc
246520158,2024-10-09,44.059,-73.026,48098,colored,research,False,cc-by-nc
246540223,2024-10-09,42.024,-71.215,54763,green,research,False,cc-by
246540921,2024-10-09,41.468,-71.58,49202,green,research,False,cc-by-nc
246549470,2024-10-09,42.719,-71.401,54763,green,research,False,cc-by-nc
246565917,2024-10-09,42.676,-72.326,52543,colored,research,False,cc-by-nc
246714635,2024-10-09,44.024,-71.492,52543,colored,needs_id,False,cc-by-nc
246829369,2024-10-09,38.781,-78.196,48098,colored,research,False,cc-by-nc
247939806,2024-10-09,45.463,-72.728,52543,colored,research,False,cc-by-nc
246621653,2024-10-10,42.205,-71.444,54763,green,research,False,cc-by-nc
246623472,2024-10-10,38.923,-77.051,54763,green,research,False,cc0
246624197,2024-10-10,38.916,-77.059,49202,green,research,False,cc0
246630626,2024-10-10,42.071,-72.585,48098,green,needs_id,False,cc-by-nc
246634038,2024-10-10,40.347,-74.656,49202,green,research,False,cc-by-nc
246637295,2024-10-10,39.134,-77.023,49202,green,research,False,cc-by-nc
246639401,2024-10-10,42.071,-72.582,49202,green,research,False,cc-by-nc
246644286,2024-10-10,39.133,-77.024,49202,green,research,False,cc-by-nc
246649828,2024-10-10,42.366,-71.259,54763,green,research,False,cc-by-nc
246650044,2024-10-10,42.365,-71.259,54763,green,research,False,cc-by-nc
246650134,2024-10-10,42.365,-71.259,54763,green,research,False,cc-by-nc
246650625,2024-10-10,42.365,-71.259,54763,green,research,False,cc-by-nc
246650723,2024-10-10,42.365,-71.259,54763,green,research,False,cc-by-nc
246650854,2024-10-10,42.365,-71.259,54763,green,research,False,cc-by-nc
246651807,2024-10-10,42.365,-71.258,54763,green,needs_id,False,cc-by-nc
246651873,2024-10-10,42.365,-71.258,54763,green,needs_id,False,cc-by-nc
246663845,2024-10-10,39.743,-79.981,49202,green,research,False,cc-by-nc
246664007,2024-10-10,45.789,-77.165,49202,green,research,False,cc-by-nc
246665788,2024-10-10,45.789,-77.165,49202,green,research,False,cc-by-nc
246667365,2024-10-10,42.099,-71.323,49202,green,research,False,cc-by-nc
246673983,2024-10-10,44.477,-73.187,54763,colored,research,False,cc-by-nc
246683237,2024-10-10,45.631,-73.571,52543,colored,research,False,cc-by-nc
246695159,2024-10-10,42.242,-72.623,54763,green,research,False,cc0
246695161,2024-10-10,43.914,-73.005,48098,colored,research,False,cc-by-nc
246695287,2024-10-10,43.914,-73.005,48098,colored,research,False,cc-by-nc
246695305,2024-10-10,43.913,-73.005,49202,colored,research,False,cc-by-nc
246695705,2024-10-10,43.94,-73.021,49202,colored,research,False,cc-by-nc
246705193,2024-10-10,40.321,-76.119,49202,green,research,False,cc-by-nc
246706098,2024-10-10,43.767,-69.972,54763,green,research,False,cc-by-nc
246715961,2024-10-10,45.543,-73.157,49202,green,research,False,cc-by-nc
246844441,2024-10-10,42.306,-71.252,52543,colored,research,False,cc-by-nc
247013525,2024-10-10,41.671,-71.691,49202,green,research,False,cc-by-nc
247020264,2024-10-10,41.67,-71.69,49202,green,research,False,cc-by-nc
247025200,2024-10-10,43.689,-79.969,54763,green,research,False,cc-by
247122895,2024-10-10,45.57,-78.694,48098,colored,research,False,cc-by-nc
247486113,2024-10-10,44.518,-76.487,48098,colored,research,False,cc-by
247708889,2024-10-10,44.308,-72.28,48098,colored,research,False,cc-by-nc
253374950,2024-10-10,40.894,-73.899,54763,green,research,False,cc-by-nc
246763452,2024-10-11,38.92,-77.055,49202,green,research,False,cc0
246771179,2024-10-11,43.153,-79.364,49202,green,research,False,cc-by-nc
246776932,2024-10-11,42.376,-72.549,54763,green,research,False,cc-by-nc
246813476,2024-10-11,41.377,-72.11,49202,green,research,False,cc-by-nc
246825965,2024-10-11,44.487,-73.19,52543,green,research,False,cc-by-nc
246830980,2024-10-11,44.487,-73.19,52543,green,research,False,cc-by-nc
246843975,2024-10-11,38.92,-77.054,49202,green,research,False,cc0
246846526,2024-10-11,44.487,-73.19,52543,green,research,False,cc-by-nc
246857460,2024-10-11,39.889,-79.379,54795,colored,research,False,cc-by-nc
246859885,2024-10-11,42.582,-78.044,52543,colored,research,False,cc-by
246861319,2024-10-11,39.889,-79.379,48098,colored,research,False,cc-by-nc
246867374,2024-10-11,38.918,-77.092,49202,green,research,False,cc-by-nc
246933899,2024-10-11,43.856,-70.105,48098,colored,needs_id,False,cc-by-nc
246940848,2024-10-11,43.82,-69.934,49202,green,research,False,cc-by-nc
246957984,2024-10-11,43.817,-79.074,49005,green,research,False,cc-by-nc
247023325,2024-10-11,43.553,-76.213,49202,green,research,False,cc-by-nc
247024406,2024-10-11,39.878,-79.389,49005,colored,research,False,cc-by-nc
247024474,2024-10-11,39.879,-79.394,49202,colored,research,False,cc-by-nc
247108411,2024-10-11,43.474,-72.153,48098,colored,research,False,cc-by-nc
247108416,2024-10-11,43.474,-72.153,52543,colored,research,False,cc-by-nc
247110080,2024-10-11,39.871,-79.403,52543,colored,needs_id,False,cc-by-nc
247204399,2024-10-11,39.892,-79.376,54802,colored,needs_id,False,cc-by-nc
247305804,2024-10-11,44.335,-71.224,49202,green,research,False,cc-by-nc
247341380,2024-10-11,42.456,-71.124,49202,green,research,False,cc-by-nc
247408029,2024-10-11,44.718,-76.611,52543,green,research,False,cc-by
247506878,2024-10-11,45.931,-68.766,49202,colored,research,False,cc-by-nc
247618708,2024-10-11,44.727,-76.628,48098,green,research,False,cc-by
247618932,2024-10-11,44.728,-76.627,48098,colored,research,False,cc-by
248101067,2024-10-11,43.506,-80.223,48098,colored,needs_id,False,cc-by-nc
249694918,2024-10-11,41.35,-72.304,54795,colored,research,False,cc-by-nc
255342264,2024-10-11,43.506,-80.21,52543,colored,research,False,cc-by-nc
246926202,2024-10-12,39.044,-77.481,48098,green,research,False,cc-by-nc
246937814,2024-10-12,44.489,-73.188,54763,green,research,False,cc-by-nc
246944817,2024-10-12,44.478,-73.186,54763,green,research,False,cc-by-nc
246945019,2024-10-12,45.974,-73.758,52543,colored,research,False,cc-by-nc
246946692,2024-10-12,45.975,-73.758,48098,colored,research,False,cc-by-nc
246948621,2024-10-12,45.975,-73.758,49005,colored,research,False,cc-by-nc
246951155,2024-10-12,45.976,-73.758,48098,colored,research,False,cc-by-nc
246957869,2024-10-12,45.978,-73.758,49202,colored,research,False,cc-by-nc
246968309,2024-10-12,40.692,-77.861,49202,green,research,False,cc-by
246971084,2024-10-12,41.848,-70.773,54763,colored,research,False,cc-by-nc
246974818,2024-10-12,43.027,-77.552,54795,colored,research,False,cc-by-nc
246986207,2024-10-12,44.438,-70.839,49202,colored,research,False,cc-by-nc
246991748,2024-10-12,45.978,-73.76,48098,colored,research,False,cc-by-nc
246992677,2024-10-12,45.978,-73.761,49005,colored,research,False,cc-by-nc
246997639,2024-10-12,45.283,-75.825,52543,colored,needs_id,False,cc-by-nc
246998273,2024-10-12,42.642,-73.163,48098,colored,research,False,cc0
246999867,2024-10-12,45.98,-73.766,52543,colored,research,False,cc-by-nc
247000052,2024-10-12,45.981,-73.765,49202,colored,research,False,cc-by-nc
247000413,2024-10-12,41.231,-74.889,52543,green,research,False,cc-by
247000764,2024-10-12,45.624,-73.379,52543,colored,research,False,cc-by-nc
247000773,2024-10-12,45.981,-73.759,49005,colored,research,False,cc-by-nc
247001369,2024-10-12,45.958,-73.747,48098,colored,research,False,cc-by-nc
247001862,2024-10-12,45.957,-73.748,52543,colored,research,False,cc-by-nc
247001920,2024-10-12,45.625,-73.379,49202,green,research,False,cc-by-nc
247002186,2024-10-12,45.958,-73.751,49005,colored,research,False,cc-by-nc
247002433,2024-10-12,45.956,-73.749,52543,colored,research,False,cc-by-nc
247002534,2024-10-12,45.956,-73.749,48098,colored,research,False,cc-by-nc
247002968,2024-10-12,42.097,-71.379,49202,green,research,False,cc-by-nc
247004929,2024-10-12,45.624,-73.378,52543,green,research,False,cc-by-nc
247006858,2024-10-12,45.625,-73.378,49202,green,research,False,cc-by-nc
247010085,2024-10-12,45.624,-73.377,49005,green,research,False,cc-by-nc
247017534,2024-10-12,45.625,-73.377,49202,green,research,False,cc-by-nc
247018894,2024-10-12,45.625,-73.377,52543,green,research,False,cc-by-nc
247019589,2024-10-12,43.991,-79.793,49202,colored,research,False,cc-by
247022132,2024-10-12,44.577,-77.822,48098,colored,research,False,cc-by-nc
247022135,2024-10-12,45.626,-73.378,48098,colored,research,False,cc-by-nc
247024409,2024-10-12,43.213,-79.749,54763,green,research,False,cc-by
247025043,2024-10-12,43.989,-79.791,49202,green,research,False,cc-by
247028786,2024-10-12,46.342,-79.481,48098,colored,research,False,cc0
247030133,2024-10-12,43.99,-79.795,49202,colored,research,False,cc-by
247034946,2024-10-12,43.229,-77.562,54795,colored,research,False,cc-by
247043100,2024-10-12,45.435,-75.516,48098,colored,research,False,cc-by-nc
247046187,2024-10-12,43.139,-79.311,49005,green,research,False,cc-by-nc
247046194,2024-10-12,43.139,-79.311,49202,green,research,False,cc-by-nc
247119456,2024-10-12,42.294,-76.494,49202,green,research,False,cc-by
247128028,2024-10-12,45.575,-78.534,49202,green,research,False,cc-by-nc
247145247,2024-10-12,38.981,-76.997,49202,green,research,False,cc-by-nc-sa
247225374,2024-10-12,43.707,-74.107,49202,colored,research,False,cc-by-nc
247230807,2024-10-12,39.277,-77.737,54795,green,research,False,cc-by-nc
247306453,2024-10-12,44.381,-71.52,49202,colored,research,False,cc-by-nc
247342691,2024-10-12,39.829,-77.209,54795,green,research,False,cc-by-nc
247383243,2024-10-12,42.454,-76.711,48098,colored,research,False,cc-by-nc
247388472,2024-10-12,42.287,-76.812,48098,colored,research,False,cc-by-nc
247395031,2024-10-12,45.293,-75.714,52543,colored,research,False,cc-by-sa
247818043,2024-10-12,45.369,-75.795,48098,colored,research,False,cc-by-nc
247931444,2024-10-12,45.132,-78.725,49202,green,research,False,cc-by-nc
254063883,2024-10-12,45.118,-78.723,49005,green,research,False,cc-by-nc
263528978,2024-10-12,44.915,-78.061,48098,colored,research,False,cc-by-nc
263529004,2024-10-12,44.895,-78.04,48098,colored,research,False,cc-by-nc
276603396,2024-10-12,43.9,-70.179,48098,green,research,False,cc0
305825433,2024-10-12,44.121,-71.685,49202,colored,research,False,cc-by-nc
334644488,2024-10-12,41.313,-72.925,54763,colored,research,False,cc-by-nc
247120068,2024-10-13,44.578,-77.82,49202,colored,research,False,cc-by-nc
247127053,2024-10-13,40.981,-74.135,48098,colored,research,False,cc-by-nc
247132298,2024-10-13,43.708,-79.327,49202,green,research,False,cc-by
247137586,2024-10-13,44.477,-73.19,54763,green,research,False,cc-by-nc
247146852,2024-10-13,42.218,-70.922,54763,green,research,False,cc-by-nc
247152649,2024-10-13,44.321,-71.814,48098,colored,research,False,cc0
247156807,2024-10-13,41.529,-72.846,49202,green,research,False,cc-by-nc
247159578,2024-10-13,44.477,-73.186,49202,green,research,False,cc-by-nc
247164945,2024-10-13,41.529,-72.846,49202,green,research,False,cc-by-nc
247168352,2024-10-13,45.626,-73.61,49005,green,research,False,cc-by-nc
247170139,2024-10-13,45.625,-73.608,49005,colored,research,False,cc-by-nc
247172841,2024-10-13,44.486,-73.189,54763,green,research,False,cc-by-nc
247172978,2024-10-13,40.081,-76.272,49202,green,research,False,cc-by-nc
247178925,2024-10-13,41.019,-74.316,49202,green,research,False,cc-by-nc
247182464,2024-10-13,42.688,-70.777,52543,colored,research,False,cc-by-nc
247183285,2024-10-13,40.081,-76.273,49005,colored,needs_id,False,cc-by-nc
247183393,2024-10-13,41.415,-73.952,48098,colored,research,False,cc0
247185414,2024-10-13,40.778,-73.97,49658,green,research,False,cc-by-nc
247191967,2024-10-13,39.777,-76.921,54795,colored,research,False,cc-by-nc
247196188,2024-10-13,43.624,-72.508,52543,colored,research,False,cc0
247208047,2024-10-13,39.48,-74.488,54802,green,research,False,cc0
247213748,2024-10-13,44.464,-73.186,54763,green,research,False,cc-by-nc
247228797,2024-10-13,43.193,-77.514,48098,colored,research,False,cc-by
247249976,2024-10-13,42.45,-72.564,54763,green,research,False,cc-by-nc
247295825,2024-10-13,39.494,-76.692,48098,colored,research,False,cc-by-nc
247304471,2024-10-13,46.106,-74.091,49202,colored,research,False,cc-by-nc
247377792,2024-10-13,44.487,-73.189,54763,green,research,False,cc-by-nc
247569167,2024-10-13,44.384,-68.23,48098,colored,research,False,cc-by
248362202,2024-10-13,43.631,-72.518,49202,colored,research,False,cc-by-nc
248441009,2024-10-13,44.574,-78.354,48098,colored,research,False,cc-by-nc
248691669,2024-10-13,40.287,-75.185,49202,green,research,False,cc-by-nc
248694289,2024-10-13,40.289,-75.183,54763,green,research,False,cc-by-nc
249914749,2024-10-13,45.098,-78.732,49005,colored,research,False,cc-by-nc
253548872,2024-10-13,45.117,-78.723,52543,green,research,False,cc-by-nc
253548912,2024-10-13,45.116,-78.723,48098,colored,research,False,cc-by-nc
305704294,2024-10-13,44.185,-71.683,48098,colored,research,False,cc-by-nc
305824035,2024-10-13,44.186,-71.682,48098,colored,research,False,cc-by-nc
344770470,2024-10-13,44.204,-74.588,48098,colored,research,False,cc-by-nc
377283517,2024-10-13,41.316,-74.044,54795,colored,research,False,cc-by
247313321,2024-10-14,43.676,-79.317,54763,green,research,False,cc-by-nc
247316210,2024-10-14,44.477,-73.186,49202,green,research,False,cc-by-nc
247316527,2024-10-14,44.478,-73.186,48098,green,research,False,cc-by-nc
247323293,2024-10-14,44.478,-73.186,54763,green,research,False,cc-by-nc
247326390,2024-10-14,42.601,-71.922,49202,colored,research,False,cc-by-nc
247327895,2024-10-14,45.623,-73.607,52543,green,research,False,cc-by-nc
247328403,2024-10-14,40.862,-74.198,48098,green,research,False,cc-by-nc
247329491,2024-10-14,45.624,-73.608,49005,colored,research,False,cc-by-nc
247330564,2024-10-14,45.624,-73.608,52543,colored,research,False,cc-by-nc
247331003,2024-10-14,45.624,-73.608,52543,colored,research,False,cc-by-nc
247333141,2024-10-14,45.625,-73.608,52543,colored,research,False,cc-by-nc
247333357,2024-10-14,45.625,-73.609,52543,colored,research,False,cc-by-nc
247335776,2024-10-14,45.625,-73.609,52543,colored,research,False,cc-by-nc
247345902,2024-10-14,40.848,-74.213,54795,colored,research,False,cc-by-nc
247357511,2024-10-14,43.751,-79.238,49202,green,research,False,cc-by-nc
247359012,2024-10-14,45.626,-73.61,52543,colored,research,False,cc-by-nc
247359917,2024-10-14,45.626,-73.609,52543,colored,research,False,cc-by-nc
247360389,2024-10-14,45.625,-73.609,49005,colored,research,False,cc-by-nc
247360467,2024-10-14,40.848,-74.214,48098,colored,research,False,cc-by-nc
247360736,2024-10-14,45.625,-73.609,49005,colored,research,False,cc-by-nc
247360943,2024-10-14,45.625,-73.608,49005,colored,research,False,cc-by-nc
247363677,2024-10-14,45.623,-73.608,49202,green,research,False,cc-by-nc
247366445,2024-10-14,40.85,-74.212,48098,colored,research,False,cc-by-nc
247373323,2024-10-14,43.138,-77.645,48098,colored,research,False,cc-by-nc
247377323,2024-10-14,44.534,-76.518,48098,colored,needs_id,False,cc-by-nc
247377393,2024-10-14,44.527,-76.533,49005,colored,research,False,cc-by-nc
247378646,2024-10-14,42.217,-70.862,54763,green,research,False,cc-by-nc
247380909,2024-10-14,44.477,-73.186,54763,green,research,False,cc-by-nc
247384148,2024-10-14,38.951,-76.472,54795,green,research,False,cc-by-nc
247384648,2024-10-14,44.476,-73.186,54763,green,research,False,cc-by-nc
247389582,2024-10-14,45.466,-75.508,54763,green,research,False,cc-by-nc
247389831,2024-10-14,44.477,-73.186,48098,colored,research,False,cc-by-nc
247394555,2024-10-14,44.476,-73.188,54763,green,research,False,cc-by-nc
247415159,2024-10-14,38.839,-76.903,49658,colored,research,False,cc0
247529233,2024-10-14,38.836,-78.194,48098,colored,research,False,cc-by-nc
247550849,2024-10-14,40.667,-73.653,52543,green,research,False,cc-by-nc
247553359,2024-10-14,39.499,-77.483,49202,green,research,False,cc-by-nc
247553378,2024-10-14,39.492,-77.484,49202,green,research,False,cc-by-nc
247553417,2024-10-14,39.491,-77.483,49202,green,research,False,cc-by-nc
247995190,2024-10-14,39.813,-79.589,49202,green,research,False,cc-by-nc
248160826,2024-10-14,47.255,-68.593,54763,green,research,False,cc-by
249697133,2024-10-14,39.798,-75.154,49202,colored,research,False,cc-by-nc
251838914,2024-10-14,38.541,-78.352,49202,green,research,False,cc-by-nc
251838941,2024-10-14,38.563,-78.363,48098,colored,research,False,cc-by-nc
255084079,2024-10-14,44.248,-78.552,49005,green,research,False,cc-by-nc
258677562,2024-10-14,43.794,-69.951,48098,bare,research,False,cc-by-nc
247460211,2024-10-15,40.789,-77.857,54763,green,needs_id,False,cc-by-nc
247481050,2024-10-15,45.251,-79.639,48098,colored,research,False,cc-by-nc
247484237,2024-10-15,40.713,-74.007,49658,colored,research,False,cc-by-nc
247484570,2024-10-15,43.744,-73.051,48098,green,needs_id,False,cc-by-nc
247490443,2024-10-15,38.761,-77.302,49202,green,research,False,cc-by-nc
247496356,2024-10-15,41.922,-71.348,49202,green,research,False,cc-by-nc
247506056,2024-10-15,41.922,-71.348,48098,colored,research,False,cc-by-nc
247515440,2024-10-15,41.693,-72.781,49202,green,research,False,cc-by-nc
247518146,2024-10-15,45.416,-75.423,52543,colored,research,False,cc-by-nc
247548472,2024-10-15,45.489,-75.519,54763,green,research,False,cc-by
247562969,2024-10-15,43.236,-77.492,54795,colored,research,False,cc-by
247606178,2024-10-15,40.201,-79.19,52543,colored,research,False,cc-by-nc-nd
247609033,2024-10-15,40.98,-75.499,54795,colored,research,False,cc0
247760814,2024-10-15,45.221,-78.65,48098,green,research,False,cc-by-nc
247993173,2024-10-15,41.896,-71.564,49202,colored,research,False,cc-by-nc
249675641,2024-10-15,44.36,-68.2,49005,green,research,False,cc0
249715453,2024-10-15,41.343,-72.189,49005,green,research,False,cc-by-nc
249715605,2024-10-15,41.342,-72.19,49005,green,research,False,cc-by-nc
249823436,2024-10-15,41.341,-72.192,48098,colored,research,False,cc-by-nc
249823453,2024-10-15,41.341,-72.192,54795,green,research,False,cc-by-nc
249917527,2024-10-15,44.095,-71.7,49202,colored,research,False,cc-by-nc
253431753,2024-10-15,45.507,-73.587,52543,colored,research,False,cc-by-nc
305824068,2024-10-15,44.147,-71.371,48098,colored,research,False,cc-by-nc
305824122,2024-10-15,44.148,-71.382,52543,colored,research,False,cc-by-nc
305824177,2024-10-15,44.148,-71.382,52543,colored,research,False,cc-by-nc
305824211,2024-10-15,44.149,-71.383,52543,colored,research,False,cc-by-nc
305824287,2024-10-15,44.148,-71.392,48098,colored,research,False,cc-by-nc
305824478,2024-10-15,44.154,-71.373,48098,colored,research,False,cc-by-nc
305824574,2024-10-15,44.153,-71.373,48098,colored,research,False,cc-by-nc
305824850,2024-10-15,44.155,-71.366,49202,colored,research,False,cc-by-nc
305825166,2024-10-15,44.15,-71.392,49202,colored,research,False,cc-by-nc
247635313,2024-10-16,41.041,-74.262,54795,colored,research,False,cc-by-nc
247636318,2024-10-16,39.512,-79.302,49202,colored,research,False,cc-by-nc
247639241,2024-10-16,42.364,-71.259,52543,colored,research,False,cc-by-nc
247639440,2024-10-16,39.512,-76.549,54795,colored,research,False,cc-by-nc
247639873,2024-10-16,44.311,-71.795,49202,colored,research,False,cc0
247651832,2024-10-16,44.476,-73.188,54763,green,research,False,cc-by-nc
247655937,2024-10-16,42.705,-80.334,54795,colored,research,False,cc-by-nc
247662365,2024-10-16,45.408,-75.569,52543,colored,research,False,cc-by-nc
247668851,2024-10-16,41.489,-71.524,54763,green,research,False,cc-by-nc
247676571,2024-10-16,43.786,-72.975,49202,colored,research,False,cc-by-nc
247677400,2024-10-16,42.832,-72.632,48098,colored,research,False,cc-by-nc
247677571,2024-10-16,43.813,-72.975,49202,colored,needs_id,False,cc-by-nc
247677626,2024-10-16,43.823,-72.981,49202,colored,research,False,cc-by-nc
247677681,2024-10-16,43.821,-72.98,49202,green,research,False,cc-by-nc
247678134,2024-10-16,43.822,-72.982,49202,colored,research,False,cc-by-nc
247678278,2024-10-16,43.814,-72.977,49202,colored,research,False,cc-by-nc
247678380,2024-10-16,43.813,-72.976,49202,colored,research,False,cc-by-nc
247678489,2024-10-16,42.368,-71.256,54763,green,research,False,cc-by-nc
247678511,2024-10-16,43.802,-72.968,49202,green,research,False,cc-by-nc
247678585,2024-10-16,43.771,-72.971,49202,colored,research,False,cc-by-nc
247682332,2024-10-16,42.018,-70.95,54795,colored,research,False,cc-by-nc
247685567,2024-10-16,45.624,-73.379,52543,colored,research,False,cc-by-nc
247686691,2024-10-16,45.624,-73.378,49202,green,research,False,cc-by-nc
247687942,2024-10-16,45.624,-73.378,52543,colored,research,False,cc-by-nc
247688320,2024-10-16,45.624,-73.378,52543,colored,research,False,cc-by-nc
247693027,2024-10-16,43.028,-77.56,54763,green,research,False,cc-by-nc
247694292,2024-10-16,42.295,-71.633,48098,colored,research,False,cc-by-nc
247706147,2024-10-16,44.792,-78.483,49202,colored,research,False,cc-by
247710852,2024-10-16,43.22,-77.442,52543,colored,research,False,cc-by
247758759,2024-10-16,39.491,-74.536,48098,green,research,False,cc0
247806365,2024-10-16,38.815,-77.672,54795,green,research,False,cc-by-nc
247827341,2024-10-16,45.624,-73.377,48098,colored,research,False,cc-by-nc
247829389,2024-10-16,45.625,-73.377,52543,colored,research,False,cc-by-nc
247829758,2024-10-16,45.625,-73.377,49005,green,research,False,cc-by-nc
247830697,2024-10-16,45.625,-73.377,52543,colored,research,False,cc-by-nc
247831795,2024-10-16,45.625,-73.377,48098,colored,research,False,cc-by-nc
247833075,2024-10-16,45.625,-73.377,48098,colored,research,False,cc-by-nc
247998391,2024-10-16,45.591,-73.277,52543,green,research,False,cc-by
247998481,2024-10-16,45.592,-73.276,49202,green,research,False,cc-by
248536073,2024-10-16,42.373,-72.519,52543,colored,research,False,cc-by-nc
249823517,2024-10-16,41.34,-72.186,48098,colored,research,False,cc-by-nc
253111678,2024-10-16,41.49,-71.525,54795,green,research,False,cc-by-nc
253206683,2024-10-16,41.49,-71.524,54763,green,research,False,cc-by-nc
253346181,2024-10-16,41.49,-71.525,54795,colored,research,False,cc-by-nc
253365071,2024-10-16,41.49,-71.525,48098,colored,research,False,cc-by-nc
254073664,2024-10-16,40.913,-73.121,54795,green,research,False,cc-by-nc
255325881,2024-10-16,41.493,-71.526,54795,green,research,False,cc-by-nc
261486692,2024-10-16,41.742,-74.083,52543,colored,research,False,cc-by-nc
247760917,2024-10-17,45.378,-69.43,49202,green,research,False,cc-by-nc
247806264,2024-10-17,43.745,-73.012,49202,green,research,False,cc-by-nc
247806477,2024-10-17,43.787,-73.025,49202,green,research,False,cc-by-nc
247806623,2024-10-17,43.787,-73.024,49005,green,research,False,cc-by-nc
247806963,2024-10-17,43.786,-73.024,49202,green,research,False,cc-by-nc
247808344,2024-10-17,40.603,-74.054,52543,colored,needs_id,False,cc-by-nc
247828049,2024-10-17,43.838,-79.097,52543,colored,needs_id,False,cc-by-nc
247831983,2024-10-17,43.559,-73.777,49202,colored,research,False,cc-by-nc
247836410,2024-10-17,41.485,-71.53,54763,colored,research,False,cc-by-nc
247841894,2024-10-17,38.685,-75.77,49658,colored,research,False,cc-by-nc
248379993,2024-10-17,41.07,-80.038,48098,green,needs_id,False,cc-by-nc
248384724,2024-10-17,40.68,-80.297,48098,colored,research,False,cc-by-nc
248439298,2024-10-17,45.376,-69.415,48098,colored,research,False,cc-by-nc
248467509,2024-10-17,45.581,-73.333,54763,green,research,False,cc-by
248467582,2024-10-17,45.581,-73.333,49005,green,research,False,cc-by
248480302,2024-10-17,45.378,-69.406,48098,colored,needs_id,False,cc-by-nc
248480370,2024-10-17,45.378,-69.43,49202,green,research,False,cc-by-nc
249026472,2024-10-17,41.069,-74.854,49202,green,research,False,cc-by-nc
249028042,2024-10-17,41.069,-74.854,48098,colored,research,False,cc-by-nc
247895072,2024-10-18,42.357,-72.646,48098,colored,research,False,cc-by-nc
247895783,2024-10-18,41.655,-70.321,48098,colored,research,False,cc-by-nc
247912387,2024-10-18,40.658,-73.845,48098,colored,research,False,cc-by-nc
247927285,2024-10-18,42.993,-71.469,54763,green,research,False,cc-by-nc
247935575,2024-10-18,42.337,-71.168,54763,green,research,False,cc-by-nc
247944020,2024-10-18,39.875,-75.671,54795,colored,research,False,cc-by-nc
247957112,2024-10-18,41.986,-72.605,52543,colored,research,False,cc-by-nc
247958068,2024-10-18,42.337,-71.164,54763,green,research,False,cc-by-nc
247959315,2024-10-18,40.134,-75.075,49202,green,research,False,cc-by-nc
247963306,2024-10-18,45.916,-68.821,49202,green,research,False,cc-by-nc
247967074,2024-10-18,40.412,-74.811,49202,green,research,False,cc-by-nc
247978043,2024-10-18,40.475,-74.419,49202,green,research,False,cc-by-nc
247978053,2024-10-18,40.475,-74.42,49202,green,research,False,cc-by-nc
247991142,2024-10-18,41.69,-70.524,49202,green,research,False,cc-by-nc
247997280,2024-10-18,42.441,-71.342,48098,colored,needs_id,False,cc-by
248000361,2024-10-18,43.193,-77.514,48098,colored,research,False,cc-by
248000388,2024-10-18,43.193,-77.513,48098,colored,research,False,cc-by
248000565,2024-10-18,43.174,-77.525,54795,colored,research,False,cc-by
248000877,2024-10-18,43.174,-77.525,49005,green,research,False,cc-by
248001409,2024-10-18,43.173,-77.525,54795,colored,research,False,cc-by
248036068,2024-10-18,43.78,-79.382,52543,colored,research,False,cc-by-nc
248036070,2024-10-18,43.78,-79.382,52543,colored,research,False,cc-by-nc
248036074,2024-10-18,43.78,-79.382,52543,colored,research,False,cc-by-nc
248039105,2024-10-18,43.784,-79.373,48098,colored,research,False,cc-by-nc
248066605,2024-10-18,45.343,-75.948,48098,colored,research,False,cc-by-nc
248067979,2024-10-18,45.343,-75.945,48098,colored,research,False,cc-by-nc
248067988,2024-10-18,45.343,-75.945,49005,green,research,False,cc-by-nc
248108211,2024-10-18,39.863,-79.421,49202,green,research,False,cc-by-nc
248108433,2024-10-18,39.863,-79.421,48098,colored,needs_id,False,cc-by-nc
248471539,2024-10-18,39.862,-79.42,52543,colored,research,False,cc-by-nc
248675464,2024-10-18,39.867,-79.412,54795,colored,research,False,cc-by-nc
248742275,2024-10-18,39.867,-79.41,49005,colored,research,False,cc-by-nc
250148261,2024-10-18,44.054,-69.608,49005,green,research,False,cc0
251358008,2024-10-18,45.39,-73.258,49005,colored,research,False,cc-by-nc
248061661,2024-10-19,41.178,-73.897,52543,colored,needs_id,False,cc-by-nc
248063852,2024-10-19,43.774,-69.968,54763,colored,research,False,cc-by-nc
248073595,2024-10-19,39.465,-77.497,54795,green,research,False,cc0
248089253,2024-10-19,43.989,-80.059,49202,green,research,False,cc-by-nc
248094347,2024-10-19,43.138,-70.651,49202,green,research,False,cc-by-nc
248095793,2024-10-19,45.818,-73.476,48098,colored,research,False,cc-by-nc
248098476,2024-10-19,40.376,-74.653,49202,green,research,False,cc-by-nc
248101555,2024-10-19,38.985,-75.538,49202,green,research,False,cc-by-nc
248103525,2024-10-19,38.985,-75.537,49202,green,research,False,cc-by-nc
248103545,2024-10-19,38.985,-75.538,49202,green,research,False,cc-by-nc
248103684,2024-10-19,38.985,-75.537,49202,green,research,False,cc-by-nc
248106977,2024-10-19,45.819,-73.476,49202,green,research,False,cc-by-nc
248108363,2024-10-19,45.819,-73.476,48098,colored,research,False,cc-by-nc
248110631,2024-10-19,45.819,-73.476,48098,colored,research,False,cc-by-nc
248117099,2024-10-19,39.602,-75.771,49005,green,needs_id,False,cc-by-nc
248118812,2024-10-19,43.816,-79.19,52543,colored,research,False,cc-by-nc
248119958,2024-10-19,38.98,-75.533,49202,green,research,False,cc-by-nc
248120280,2024-10-19,45.734,-73.501,48098,colored,research,False,cc-by-nc
248121340,2024-10-19,38.98,-75.544,49202,green,research,False,cc-by-nc
248122228,2024-10-19,38.98,-75.543,54795,colored,research,False,cc-by-nc
248122757,2024-10-19,45.731,-73.501,48098,colored,research,False,cc-by-nc
248132026,2024-10-19,38.854,-77.433,49202,green,research,False,cc-by-nc
248132731,2024-10-19,45.204,-76.223,48098,colored,research,False,cc-by-nc
248135596,2024-10-19,42.092,-71.107,49202,green,research,False,cc-by-nc
248137992,2024-10-19,45.321,-75.795,52543,colored,needs_id,False,cc-by-nc
248139534,2024-10-19,43.447,-71.578,54763,green,research,False,cc-by-nc
248141981,2024-10-19,41.56,-72.764,49202,green,research,False,cc-by-nc
248161892,2024-10-19,45.321,-75.943,48098,colored,needs_id,False,cc-by-sa
248162056,2024-10-19,45.321,-75.943,48098,colored,research,False,cc-by-sa
248163908,2024-10-19,45.461,-76.26,49005,colored,research,False,cc-by-sa
248165002,2024-10-19,45.46,-76.261,49005,colored,research,False,cc-by-sa
248165033,2024-10-19,45.46,-76.268,49202,green,research,False,cc-by-sa
248177361,2024-10-19,44.612,-77.906,49005,green,research,False,cc-by-nc-sa
248181956,2024-10-19,45.539,-73.436,52543,colored,research,False,cc-by-nc
248183505,2024-10-19,41.763,-70.63,54763,green,research,False,cc-by
248197112,2024-10-19,41.87,-72.485,54763,green,research,False,cc-by-nc
248197368,2024-10-19,42.945,-71.605,49202,green,research,False,cc-by
248197464,2024-10-19,42.945,-71.605,49202,colored,research,False,cc-by
248198303,2024-10-19,43.151,-77.521,54795,colored,research,False,cc-by
248211288,2024-10-19,42.854,-72.093,48098,colored,needs_id,False,cc-by-nc
248302945,2024-10-19,42.46,-76.273,49202,colored,research,False,cc-by
248347678,2024-10-19,42.667,-72.328,49202,colored,research,False,cc-by-nc
248664925,2024-10-19,43.283,-80.394,48098,colored,research,False,cc-by-nc
249176829,2024-10-19,45.397,-72.721,52543,colored,needs_id,False,cc-by-nc
249176846,2024-10-19,45.397,-72.721,52543,colored,needs_id,False,cc-by-nc
249176848,2024-10-19,45.397,-72.721,52543,colored,needs_id,False,cc-by-nc
249176851,2024-10-19,45.397,-72.721,52543,colored,research,False,cc-by-nc
249713973,2024-10-19,42.612,-73.89,49005,colored,research,False,cc-by-nc
250919808,2024-10-19,43.337,-70.549,54763,colored,research,False,cc0
251842183,2024-10-19,39.81,-77.224,48098,colored,research,False,cc-by-nc
252180522,2024-10-19,43.922,-72.371,49202,colored,research,False,cc-by-nc
258912429,2024-10-19,45.375,-75.287,48098,colored,research,False,cc-by-nc
258912432,2024-10-19,45.375,-75.288,52543,colored,research,False,cc-by-nc
258948707,2024-10-19,45.382,-75.294,49202,colored,research,False,cc-by-nc
269680521,2024-10-19,43.636,-79.467,48098,colored,needs_id,False,cc-by-nc
248259103,2024-10-20,40.413,-74.773,48098,bare,research,False,cc-by-nc
248273290,2024-10-20,41.338,-76.289,49202,colored,research,False,cc-by-nc
248276299,2024-10-20,42.333,-71.635,49202,colored,research,False,cc-by-nc
248287889,2024-10-20,39.424,-76.605,49202,green,research,False,cc-by-nc
248301798,2024-10-20,41.874,-73.994,48098,colored,research,False,cc-by-nc
248303314,2024-10-20,41.042,-75.268,49202,colored,research,False,cc-by
248316282,2024-10-20,44.9,-72.687,49202,colored,research,False,cc-by-nc
248324231,2024-10-20,42.365,-71.26,54763,green,research,False,cc-by-nc
248324936,2024-10-20,38.928,-77.043,49202,green,research,False,cc0
248325552,2024-10-20,44.254,-69.114,48098,bare,research,False,cc-by-nc
248336784,2024-10-20,42.666,-71.136,54763,green,research,False,cc-by-nc
248337713,2024-10-20,41.877,-71.316,49202,green,research,False,cc-by-nc
248339485,2024-10-20,42.046,-74.595,49202,colored,research,False,cc-by-nc
248339862,2024-10-20,42.499,-72.42,48098,colored,research,False,cc0
248347074,2024-10-20,45.228,-75.471,54763,green,research,False,cc-by-nc
248348034,2024-10-20,42.671,-72.319,48098,bare,research,False,cc-by-nc
248348236,2024-10-20,42.673,-72.32,48098,colored,research,False,cc-by-nc
248348988,2024-10-20,41.192,-80.378,54795,colored,research,False,cc-by-nc
248350230,2024-10-20,42.365,-71.259,54763,green,research,False,cc-by-nc
248350432,2024-10-20,42.365,-71.259,54763,green,needs_id,False,cc-by-nc
248352818,2024-10-20,42.242,-71.113,49202,green,research,False,cc-by-nc
248356583,2024-10-20,42.676,-72.321,48098,colored,research,False,cc-by-nc
248366742,2024-10-20,45.681,-73.512,48098,colored,research,False,cc-by-nc
248377068,2024-10-20,42.119,-79.224,48098,colored,research,False,cc-by-nc
248379072,2024-10-20,45.63,-73.804,48098,colored,research,False,cc-by-nc
248379400,2024-10-20,46.072,-73.739,49202,colored,research,False,cc-by-nc
248381433,2024-10-20,44.073,-71.585,49202,colored,research,False,cc-by
248382367,2024-10-20,44.477,-73.186,48098,bare,needs_id,False,cc-by-nc
248458279,2024-10-20,40.764,-74.719,49202,green,research,False,cc-by-nc
248473023,2024-10-20,42.715,-71.37,48098,colored,research,False,cc-by-nc
248523552,2024-10-20,39.479,-74.532,48098,colored,research,False,cc0
248540410,2024-10-20,45.483,-75.5,52543,colored,research,False,cc-by-nc
248540864,2024-10-20,45.489,-75.499,48098,colored,research,False,cc-by-nc
248584925,2024-10-20,39.481,-74.528,48098,colored,research,False,cc0
248655351,2024-10-20,44.738,-78.209,48098,colored,research,False,cc-by
248758568,2024-10-20,38.946,-78.317,54795,colored,research,False,cc-by-nc
248758586,2024-10-20,38.944,-78.325,48098,colored,research,False,cc-by-nc
248834343,2024-10-20,40.287,-75.178,49202,green,research,False,cc-by-nc
248834375,2024-10-20,40.174,-80.322,52543,colored,research,False,cc-by
248834759,2024-10-20,40.285,-75.177,49202,green,research,False,cc-by-nc
248889582,2024-10-20,40.174,-80.322,49202,colored,research,False,cc-by
248949696,2024-10-20,39.832,-79.46,48098,colored,research,False,cc-by-nc
248949726,2024-10-20,39.832,-79.459,49005,colored,research,False,cc-by-nc
248950136,2024-10-20,39.832,-79.46,52543,colored,research,False,cc-by-nc
248950177,2024-10-20,39.831,-79.458,54802,colored,needs_id,False,cc-by-nc
249018318,2024-10-20,41.72,-73.985,49202,green,research,False,cc-by-nc
249030568,2024-10-20,39.832,-79.444,54795,colored,research,False,cc-by-nc
249092256,2024-10-20,44.062,-69.528,48098,colored,research,False,cc-by-nc
249222958,2024-10-20,43.511,-80.224,52543,colored,research,False,cc-by-nc
249264038,2024-10-20,45.372,-75.795,52543,colored,needs_id,False,cc-by-nc
250315302,2024-10-20,44.477,-73.185,48098,colored,research,False,cc-by-nc
250634266,2024-10-20,43.77,-79.941,49005,colored,research,False,cc-by
250928032,2024-10-20,42.706,-73.065,49202,colored,research,False,cc0
251886602,2024-10-20,45.339,-75.779,52543,colored,research,False,cc-by-nc
253010920,2024-10-20,44.35,-68.193,49202,colored,research,False,cc-by-nc
253010954,2024-10-20,44.349,-68.189,48098,colored,research,False,cc-by-nc
253011045,2024-10-20,44.35,-68.19,49005,colored,research,False,cc-by-nc
257326424,2024-10-20,43.393,-70.786,48098,colored,research,False,cc-by-nc
258677572,2024-10-20,42.433,-71.139,48098,colored,research,False,cc-by-nc
258677576,2024-10-20,42.433,-71.139,54802,colored,research,False,cc-by-nc
266689734,2024-10-20,43.823,-79.988,52543,colored,research,False,cc-by
349073718,2024-10-20,42.662,-75.612,52543,colored,needs_id,False,cc-by
349073720,2024-10-20,42.662,-75.612,52543,colored,needs_id,False,cc-by
248451071,2024-10-21,42.374,-71.568,54763,green,research,False,cc-by-nc
248454567,2024-10-21,38.988,-77.353,49202,green,research,False,cc-by-nc
248481225,2024-10-21,41.192,-80.376,49202,green,research,False,cc-by-nc
248502585,2024-10-21,45.335,-75.863,48098,colored,needs_id,False,cc-by-nc
248503236,2024-10-21,45.338,-75.872,52543,colored,needs_id,False,cc-by-nc
248503556,2024-10-21,45.338,-75.865,48098,colored,research,False,cc-by-nc
248503579,2024-10-21,45.338,-75.865,48098,colored,research,False,cc-by-nc
248505778,2024-10-21,44.478,-73.187,54763,green,research,False,cc-by-nc
248511924,2024-10-21,41.893,-70.538,48098,colored,research,False,cc-by
248511926,2024-10-21,41.893,-70.538,54763,green,research,False,cc-by
248515212,2024-10-21,41.397,-72.286,54802,colored,research,False,cc-by
248539346,2024-10-21,43.192,-77.513,54795,colored,research,False,cc-by
248600015,2024-10-21,44.272,-69.054,52543,colored,research,False,cc-by-nc
248622716,2024-10-21,42.198,-79.491,49202,green,research,False,cc-by-nc
248631308,2024-10-21,42.387,-71.146,54802,colored,needs_id,False,cc-by-nc
248652157,2024-10-21,44.78,-78.175,48098,colored,research,False,cc-by
248732442,2024-10-21,42.674,-72.38,48098,colored,research,False,cc-by-nc
249618982,2024-10-21,44.362,-68.197,49005,colored,research,False,cc-by-nc
249619113,2024-10-21,44.362,-68.197,49005,colored,needs_id,False,cc-by-nc
253252011,2024-10-21,41.889,-71.436,48098,colored,research,False,cc-by-nc
253252108,2024-10-21,41.889,-71.436,48098,colored,research,False,cc-by-nc
253659386,2024-10-21,39.889,-75.257,48098,green,research,False,cc-by-nc
253917670,2024-10-21,45.635,-75.209,49005,colored,research,False,cc-by-nc
254610903,2024-10-21,41.754,-71.412,48098,colored,research,False,cc-by-nc
248603885,2024-10-22,38.775,-78.205,49005,colored,needs_id,False,cc-by-nc
248615602,2024-10-22,39.112,-77.507,52543,colored,needs_id,False,cc-by-nc
248617248,2024-10-22,39.112,-77.506,49202,green,research,False,cc-by-nc
248617289,2024-10-22,40.738,-73.777,49202,colored,research,False,cc-by-nc
248626900,2024-10-22,39.132,-77.527,48098,colored,research,False,cc-by-nc
248641370,2024-10-22,43.826,-72.917,49202,colored,research,False,cc-by-nc
248644733,2024-10-22,40.801,-77.868,49658,green,needs_id,False,cc-by-nc
248648996,2024-10-22,43.912,-78.787,52543,colored,research,False,cc-by-nc
248650121,2024-10-22,43.912,-78.784,48098,colored,needs_id,False,cc-by-nc
248651569,2024-10-22,43.656,-79.988,48098,colored,research,False,cc-by-nc
248656840,2024-10-22,40.443,-74.647,48098,colored,research,False,cc-by-nc-sa
248658941,2024-10-22,45.814,-73.202,48098,colored,research,False,cc-by-nc
248660174,2024-10-22,45.814,-73.202,49202,colored,research,False,cc-by-nc
248663227,2024-10-22,39.034,-77.598,49202,green,research,False,cc0
248664226,2024-10-22,45.814,-73.201,52543,colored,research,False,cc-by-nc
248667381,2024-10-22,45.814,-73.201,49202,colored,research,False,cc-by-nc
248670611,2024-10-22,43.978,-80.032,49202,colored,research,False,cc-by-nc
248677894,2024-10-22,45.815,-73.201,52543,colored,research,False,cc-by-nc
248680707,2024-10-22,43.193,-77.513,48098,colored,research,False,cc-by
248680917,2024-10-22,43.022,-77.573,48098,colored,research,False,cc-by
248681080,2024-10-22,43.024,-77.572,52543,colored,research,False,cc-by
248681156,2024-10-22,43.024,-77.572,54795,colored,research,False,cc-by
248681230,2024-10-22,43.025,-77.572,54795,colored,research,False,cc-by
248686921,2024-10-22,43.678,-79.974,49202,green,research,False,cc-by-nc
248758239,2024-10-22,41.132,-75.263,49202,green,research,False,cc0
248758545,2024-10-22,41.136,-75.253,49202,green,research,False,cc0
248799182,2024-10-22,45.815,-73.2,49005,colored,research,False,cc-by-nc
248895792,2024-10-22,40.8,-77.868,54802,green,needs_id,False,cc-by-nc
249232707,2024-10-22,38.56,-78.306,54795,colored,research,False,cc-by-nc
249446587,2024-10-22,41.693,-72.774,54763,colored,research,False,cc-by-nc
249649113,2024-10-22,43.782,-79.6,49202,colored,research,False,cc-by-nc
249655982,2024-10-22,43.207,-73.768,49005,colored,research,False,cc-by-nc
250929312,2024-10-22,42.28,-71.571,52543,colored,research,False,cc0
252062224,2024-10-22,45.724,-74.261,49202,colored,research,False,cc-by-nc
252904647,2024-10-22,44.546,-69.939,49005,colored,research,False,cc-by-nc
252904886,2024-10-22,44.547,-69.938,49202,colored,research,False,cc-by-nc
254238673,2024-10-22,42.374,-71.142,52543,colored,research,False,cc-by-nc
248735848,2024-10-23,39.042,-76.791,49202,green,research,False,cc-by-nc
248737371,2024-10-23,42.323,-71.116,54763,green,research,False,cc-by-nc
248740444,2024-10-23,40.091,-74.684,49202,green,research,False,cc-by-nc
248747118,2024-10-23,43.008,-78.791,49202,green,research,False,cc-by-nc
248747171,2024-10-23,41.154,-73.504,49202,green,research,False,cc-by-nc
248747304,2024-10-23,42.27,-71.843,54763,green,research,False,cc-by-nc
248750323,2024-10-23,41.154,-73.504,48098,bare,research,False,cc-by-nc
248753045,2024-10-23,41.154,-73.505,49202,green,research,False,cc-by-nc
248753704,2024-10-23,40.084,-75.229,54763,green,research,False,cc-by-nc
248760267,2024-10-23,45.466,-75.785,49202,colored,research,False,cc-by
248760927,2024-10-23,40.612,-74.275,48098,colored,research,False,cc-by-nc
248768646,2024-10-23,39.12,-77.525,49005,green,needs_id,False,cc-by-nc
248774526,2024-10-23,42.145,-80.133,48098,green,research,False,cc-by-nc
248777317,2024-10-23,38.984,-77.002,49202,green,research,False,cc0
248777615,2024-10-23,38.985,-77.002,49202,green,research,False,cc0
248778870,2024-10-23,41.812,-72.252,49202,colored,research,False,cc-by-nc
248779215,2024-10-23,40.422,-74.47,49202,green,research,False,cc-by-nc
248779217,2024-10-23,40.422,-74.47,48098,colored,research,False,cc-by-nc
248796360,2024-10-23,44.436,-73.085,49005,colored,research,False,cc0
248797344,2024-10-23,44.26,-72.519,49202,colored,research,False,cc0
248797505,2024-10-23,44.26,-72.517,48098,colored,research,False,cc0
248797532,2024-10-23,44.26,-72.517,52543,colored,research,False,cc0
248805955,2024-10-23,44.363,-72.814,49005,colored,research,False,cc0
248812854,2024-10-23,45.646,-73.374,48098,colored,research,False,cc-by-nc
248835601,2024-10-23,43.174,-77.525,49005,colored,research,False,cc-by
248835635,2024-10-23,43.173,-77.526,54795,colored,research,False,cc-by
248835683,2024-10-23,43.172,-77.527,54795,colored,research,False,cc-by
248835948,2024-10-23,43.172,-77.528,49005,colored,research,False,cc-by
248836048,2024-10-23,43.175,-77.525,49005,colored,research,False,cc-by
248903206,2024-10-23,45.646,-73.374,48098,colored,research,False,cc-by-nc
248911112,2024-10-23,45.645,-73.374,52543,colored,research,False,cc-by-nc
248916954,2024-10-23,42.279,-71.723,54763,colored,research,False,cc-by-nc
248948370,2024-10-23,42.332,-71.159,48098,colored,research,False,cc-by-nc
249041751,2024-10-23,45.577,-73.408,52543,colored,research,False,cc-by-nc
249043939,2024-10-23,45.577,-73.408,52543,colored,research,False,cc-by-nc
249045127,2024-10-23,45.577,-73.408,48098,colored,research,False,cc-by-nc
249076187,2024-10-23,45.579,-73.408,49005,colored,research,False,cc-by-nc
249207464,2024-10-23,42.642,-73.901,49005,colored,needs_id,False,cc-by-sa
249431868,2024-10-23,40.497,-75.892,54763,green,research,False,cc-by-nc
249836886,2024-10-23,43.642,-79.42,49005,colored,research,False,cc-by-nc
249874310,2024-10-23,42.978,-72.018,48098,bare,research,False,cc-by
250089584,2024-10-23,39.861,-79.493,49202,colored,research,False,cc-by-nc
250135730,2024-10-23,39.859,-79.493,52543,colored,research,False,cc-by-nc
250235339,2024-10-23,42.454,-71.109,48098,colored,research,False,cc-by-nc
250681484,2024-10-23,42.113,-70.81,52543,colored,needs_id,False,cc-by-nc
254424071,2024-10-23,42.46,-71.447,48098,colored,research,False,cc-by-nc-nd
248883239,2024-10-24,40.912,-73.121,54795,colored,research,False,cc-by-nc
248884462,2024-10-24,40.912,-73.119,48098,colored,research,False,cc-by-nc
248889552,2024-10-24,41.146,-73.925,49658,colored,research,False,cc-by-nc
248896534,2024-10-24,39.285,-77.74,49202,colored,research,False,cc-by-nc
248910480,2024-10-24,40.268,-76.252,49202,colored,research,False,cc-by-nc
248910716,2024-10-24,43.613,-70.356,48098,colored,research,False,cc-by-nc
248923696,2024-10-24,38.996,-76.937,49658,colored,research,False,cc-by-nc
248928933,2024-10-24,38.863,-77.261,49202,green,research,False,cc-by-nc
248930019,2024-10-24,39.056,-77.509,48098,colored,research,False,cc-by-nc
248935231,2024-10-24,40.89,-73.892,54795,green,research,False,cc-by
248935369,2024-10-24,40.892,-73.89,54763,green,research,False,cc-by
248935840,2024-10-24,45.632,-73.57,52543,colored,research,False,cc-by-nc
248936708,2024-10-24,45.633,-73.569,49005,colored,research,False,cc-by-nc
248937669,2024-10-24,45.633,-73.568,49005,colored,research,False,cc-by-nc
248939458,2024-10-24,45.633,-73.568,48098,colored,research,False,cc-by-nc
248968017,2024-10-24,43.192,-77.513,54795,colored,research,False,cc-by
248968301,2024-10-24,43.244,-77.488,54795,colored,research,False,cc-by
248968311,2024-10-24,43.244,-77.488,54795,colored,research,False,cc-by
248968369,2024-10-24,43.245,-77.488,49202,colored,research,False,cc-by
248968387,2024-10-24,43.245,-77.488,49202,green,research,False,cc-by
248968742,2024-10-24,39.87,-74.884,49202,colored,research,False,cc-by-nc
248984764,2024-10-24,42.062,-71.084,49202,green,research,False,cc-by-nc
248996873,2024-10-24,43.783,-79.387,52543,colored,research,False,cc-by-nc
248996874,2024-10-24,43.783,-79.387,52543,colored,research,False,cc-by-nc
249018753,2024-10-24,42.345,-72.677,52543,colored,research,False,cc-by-nc
249019844,2024-10-24,42.349,-72.674,52543,colored,research,False,cc-by-nc
249036745,2024-10-24,42.341,-72.678,54763,colored,research,False,cc-by-nc
249036936,2024-10-24,42.346,-72.678,49202,green,research,False,cc-by-nc
249037486,2024-10-24,42.345,-72.678,54763,green,needs_id,False,cc-by-nc
249037487,2024-10-24,42.345,-72.678,54763,colored,research,False,cc-by-nc
249060847,2024-10-24,40.559,-74.53,48098,colored,research,False,cc-by-nc
249352242,2024-10-24,42.447,-76.516,54795,colored,research,False,cc-by-nc
249939842,2024-10-24,39.975,-74.179,48098,colored,research,False,cc-by
249949159,2024-10-24,41.01,-80.005,52543,colored,research,False,cc-by-nc
254008786,2024-10-24,45.337,-75.783,52543,colored,needs_id,False,cc-by-nc
272233282,2024-10-24,42.368,-71.248,48098,colored,needs_id,False,cc0
249013575,2024-10-25,42.347,-72.678,48098,colored,research,False,cc-by-nc
249019921,2024-10-25,42.346,-72.679,48098,colored,research,False,cc-by-nc
249024990,2024-10-25,42.115,-73.416,48098,bare,research,False,cc-by-nc
249026527,2024-10-25,42.94,-72.692,49202,colored,research,False,cc-by-nc
249027946,2024-10-25,42.473,-71.161,52543,colored,research,False,cc-by-nc
249030132,2024-10-25,38.986,-77.025,48098,green,research,False,cc-by-nc
249041336,2024-10-25,42.188,-76.285,49005,colored,needs_id,False,cc-by-nc
249044896,2024-10-25,45.641,-73.597,54763,colored,research,False,cc-by-nc
249045183,2024-10-25,39.991,-75.21,48098,colored,research,False,cc0
249047636,2024-10-25,45.641,-73.597,52543,colored,research,False,cc-by-nc
249052786,2024-10-25,39.018,-77.533,49005,green,needs_id,False,cc-by-nc
249055163,2024-10-25,45.64,-73.597,49005,green,research,False,cc-by-nc
249055435,2024-10-25,39.053,-77.287,48098,colored,research,False,cc-by
249055563,2024-10-25,40.009,-74.903,49202,colored,research,False,cc-by-nc
249056128,2024-10-25,45.641,-73.597,52543,colored,research,False,cc-by-nc
249056270,2024-10-25,45.641,-73.597,52543,colored,research,False,cc-by-nc
249057157,2024-10-25,45.641,-73.598,52543,colored,research,False,cc-by-nc
249057576,2024-10-25,45.641,-73.598,52543,colored,research,False,cc-by-nc
249058104,2024-10-25,45.641,-73.598,52543,colored,research,False,cc-by-nc
249058382,2024-10-25,45.642,-73.597,52543,colored,research,False,cc-by-nc
249060718,2024-10-25,41.769,-72.732,52543,colored,research,False,cc-by-nc
249061377,2024-10-25,40.937,-73.793,48098,colored,research,False,cc-by-nc
249062756,2024-10-25,42.367,-71.262,52543,colored,needs_id,False,cc-by-nc
249062760,2024-10-25,40.751,-74.292,52543,colored,needs_id,False,cc-by-nc
249063050,2024-10-25,42.367,-71.262,54763,green,research,False,cc-by-nc
249063615,2024-10-25,45.408,-75.581,52543,colored,needs_id,False,cc-by-nc
249065193,2024-10-25,42.368,-71.261,48098,colored,research,False,cc-by-nc
249067342,2024-10-25,43.013,-78.314,48098,colored,research,False,cc-by-nc
249069037,2024-10-25,42.057,-71.07,48098,colored,research,False,cc-by-nc
249071219,2024-10-25,42.368,-71.265,54763,colored,research,False,cc-by-nc
249073738,2024-10-25,46.341,-79.499,48098,bare,research,False,cc-by-nc
249084054,2024-10-25,39.155,-76.679,48098,bare,research,False,cc-by-nc
249094864,2024-10-25,42.596,-78.015,48098,colored,research,False,cc-by-nc
249104398,2024-10-25,41.995,-72.126,48098,colored,research,False,cc-by-nc
249104399,2024-10-25,43.193,-77.513,48098,colored,research,False,cc-by
249104429,2024-10-25,43.193,-77.513,54795,colored,research,False,cc-by
249189809,2024-10-25,45.419,-72.757,48098,colored,research,False,cc-by-nc
249189840,2024-10-25,45.419,-72.757,48098,colored,research,False,cc-by-nc
249189845,2024-10-25,45.419,-72.757,54763,green,research,False,cc-by-nc
249189871,2024-10-25,45.418,-72.757,52543,colored,research,False,cc-by-nc
249189880,2024-10-25,45.418,-72.757,52543,colored,research,False,cc-by-nc
249189882,2024-10-25,45.418,-72.757,52543,colored,research,False,cc-by-nc
249189887,2024-10-25,45.418,-72.757,48098,colored,research,False,cc-by-nc
249189913,2024-10-25,45.418,-72.757,52543,colored,research,False,cc-by-nc
249189925,2024-10-25,45.418,-72.757,52543,colored,research,False,cc-by-nc
249362715,2024-10-25,45.418,-72.758,52543,colored,research,False,cc-by-nc
249362720,2024-10-25,45.418,-72.758,48098,colored,research,False,cc-by-nc
249362748,2024-10-25,45.418,-72.758,49202,colored,research,False,cc-by-nc
249362766,2024-10-25,45.419,-72.758,49202,colored,research,False,cc-by-nc
249652894,2024-10-25,39.897,-76.882,48098,green,research,False,cc-by-nc
249804511,2024-10-25,40.26,-80.427,54795,colored,research,False,cc-by
249893557,2024-10-25,46.342,-79.486,52543,colored,research,False,cc-by-nc
249955940,2024-10-25,40.26,-80.427,48098,colored,research,False,cc-by
250017448,2024-10-25,40.26,-80.426,49005,colored,research,False,cc-by
250055776,2024-10-25,46.344,-79.498,49005,colored,research,False,cc-by-nc
250303947,2024-10-25,46.341,-79.499,48098,bare,research,False,cc-by-nc
250493352,2024-10-25,45.013,-78.284,49005,bare,research,False,cc-by-nc
250852084,2024-10-25,46.341,-79.499,48098,colored,research,False,cc-by-nc
252737311,2024-10-25,40.751,-74.292,49202,colored,research,False,cc-by-nc
249156803,2024-10-26,38.982,-77.243,48098,bare,research,False,cc-by-nc
249174705,2024-10-26,41.156,-73.459,49202,green,research,False,cc-by-nc
249179513,2024-10-26,39.003,-76.67,49658,colored,research,False,cc-by
249182824,2024-10-26,44.047,-79.078,49202,colored,research,False,cc-by-nc
249187555,2024-10-26,39.775,-75.292,48098,colored,research,False,cc-by-nc
249195783,2024-10-26,38.776,-75.15,49658,colored,research,False,cc-by-nc
249200504,2024-10-26,38.776,-75.15,49658,colored,research,False,cc-by-nc
249200935,2024-10-26,38.778,-75.15,54795,colored,research,False,cc-by-nc
249201666,2024-10-26,38.777,-75.15,49658,colored,research,False,cc-by-nc
249201749,2024-10-26,38.777,-75.15,49658,colored,research,False,cc-by-nc
249202725,2024-10-26,38.776,-75.151,49202,colored,research,False,cc-by-nc
249204894,2024-10-26,42.388,-71.145,49005,colored,research,False,cc-by-nc
249206108,2024-10-26,42.368,-71.261,48098,colored,research,False,cc-by-nc
249219655,2024-10-26,39.88,-74.515,48098,colored,research,False,cc-by-nc
249222296,2024-10-26,39.775,-75.291,48098,colored,needs_id,False,cc-by-nc
249225030,2024-10-26,40.028,-75.307,49202,green,research,False,cc-by-nc
249240908,2024-10-26,45.577,-73.272,49005,colored,research,False,cc-by
249243315,2024-10-26,42.224,-79.592,49202,colored,research,False,cc-by
249250980,2024-10-26,44.914,-75.827,52543,colored,research,False,cc-by-nc
249257291,2024-10-26,39.69,-75.757,49202,green,research,False,cc-by-nc
249571031,2024-10-26,45.357,-72.6,49202,colored,research,False,cc-by-nc
249571034,2024-10-26,45.357,-72.601,49202,bare,research,False,cc-by-nc
249580728,2024-10-26,42.224,-79.592,49202,colored,research,False,cc-by
249698054,2024-10-26,45.35,-72.601,49005,colored,research,False,cc-by-nc
249698056,2024-10-26,45.351,-72.601,49202,bare,research,False,cc-by-nc
249764879,2024-10-26,46.277,-79.44,49005,colored,research,False,cc-by-nc
249817860,2024-10-26,45.51,-73.88,49202,colored,research,False,cc-by-nc
249819585,2024-10-26,45.512,-73.875,49202,colored,research,False,cc-by-nc
249819597,2024-10-26,45.513,-73.868,49202,colored,research,False,cc-by-nc
249821080,2024-10-26,45.512,-73.865,49005,colored,research,False,cc-by-nc
249821086,2024-10-26,45.512,-73.865,49005,colored,research,False,cc-by-nc
249821096,2024-10-26,45.511,-73.865,49005,colored,research,False,cc-by-nc
249821103,2024-10-26,45.511,-73.868,52543,colored,research,False,cc-by-nc
249821110,2024-10-26,45.511,-73.87,52543,colored,research,False,cc-by-nc
250034890,2024-10-26,41.465,-72.383,49005,colored,research,False,cc-by-nc
250187737,2024-10-26,40.091,-75.485,48098,bare,research,False,cc-by-nc
250757165,2024-10-26,39.804,-79.195,49202,colored,research,False,cc-by-nc
264978103,2024-10-26,45.352,-72.602,49005,colored,research,False,cc-by-nc
297568965,2024-10-26,40.056,-76.828,48098,colored,research,False,cc-by-nc
249312280,2024-10-27,41.864,-73.87,52543,bare,needs_id,False,cc-by-nc
249324024,2024-10-27,43.122,-78.363,49202,colored,research,False,cc-by-nc-nd
249333569,2024-10-27,41.207,-73.47,49202,green,research,False,cc-by-nc
249339824,2024-10-27,40.796,-72.884,48098,colored,research,False,cc-by-nc
249349655,2024-10-27,42.085,-75.942,49202,colored,research,False,cc-by
249351120,2024-10-27,39.801,-75.061,48098,colored,research,False,cc-by-nc
249352299,2024-10-27,40.224,-74.632,48098,bare,research,False,cc-by-nc
249376295,2024-10-27,40.856,-76.575,54763,colored,research,False,cc-by-nc
249380776,2024-10-27,39.102,-77.585,48098,colored,research,False,cc-by-nc
249383580,2024-10-27,42.349,-71.12,48098,colored,research,False,cc-by-nc
249385670,2024-10-27,45.608,-73.508,49005,colored,research,False,cc-by-nc
249386190,2024-10-27,45.608,-73.508,49005,colored,research,False,cc-by-nc
249426293,2024-10-27,39.83,-79.44,49202,colored,research,False,cc-by-nc
249426411,2024-10-27,39.83,-79.439,49005,colored,research,False,cc-by-nc
249450687,2024-10-27,39.854,-75.709,48098,colored,research,False,cc-by-nc
249491975,2024-10-27,39.842,-79.436,54795,colored,research,False,cc-by-nc
249492009,2024-10-27,39.829,-79.445,52543,colored,research,False,cc-by-nc
249682540,2024-10-27,43.706,-75.046,48098,bare,research,False,cc-by-nc
249702804,2024-10-27,38.929,-77.293,54795,colored,research,False,cc-by-nc
289548140,2024-10-27,43.764,-79.352,52543,colored,needs_id,False,cc-by
334299709,2024-10-27,41.463,-71.906,48098,colored,research,False,cc-by-nc
249451140,2024-10-28,39.69,-75.757,49202,green,research,False,cc-by-nc
249493584,2024-10-28,39.961,-74.511,54763,colored,research,False,cc-by-nc
249499155,2024-10-28,44.771,-69.711,54763,colored,research,False,cc-by-nc
249513630,2024-10-28,42.366,-71.261,52543,colored,needs_id,False,cc-by-nc
249516180,2024-10-28,40.681,-74.236,48098,colored,research,False,cc-by-nc
249519110,2024-10-28,40.681,-74.234,49005,colored,research,False,cc-by-nc
249519597,2024-10-28,40.681,-74.234,49202,colored,research,False,cc-by-nc
249530799,2024-10-28,39.227,-77.275,49202,colored,research,False,cc-by-nc
249534110,2024-10-28,45.359,-75.635,54763,colored,research,False,cc-by
249536227,2024-10-28,45.36,-75.636,52543,colored,needs_id,False,cc-by
249536786,2024-10-28,45.361,-75.636,54763,green,research,False,cc-by
249545437,2024-10-28,44.091,-78.729,52543,colored,research,False,cc-by
249565371,2024-10-28,40.951,-74.501,49202,colored,research,False,cc-by-nc
249565497,2024-10-28,40.951,-74.501,49202,colored,research,False,cc-by-nc
249567354,2024-10-28,42.592,-78.009,49202,colored,research,False,cc-by
249568794,2024-10-28,42.36,-71.255,52543,colored,research,False,cc-by-nc
249569859,2024-10-28,42.368,-71.26,48098,colored,research,False,cc-by-nc
249575447,2024-10-28,43.193,-77.513,48098,colored,research,False,cc-by
249575680,2024-10-28,43.193,-77.513,54763,colored,needs_id,False,cc-by
249576091,2024-10-28,43.218,-77.439,52543,colored,research,False,cc-by
249579696,2024-10-28,45.364,-75.634,54763,green,research,False,cc-by
249581390,2024-10-28,45.363,-75.632,52543,colored,research,False,cc-by
249583275,2024-10-28,43.995,-77.705,48098,bare,research,False,cc0
249583861,2024-10-28,42.367,-71.258,54763,colored,research,False,cc-by-nc
249590652,2024-10-28,45.363,-75.632,52543,colored,research,False,cc-by
249643941,2024-10-28,38.883,-78.339,48098,colored,research,False,cc-by-nc
249643945,2024-10-28,38.875,-78.351,49005,colored,research,False,cc-by-nc
249699872,2024-10-28,45.388,-72.757,49005,green,research,False,cc-by-nc
249933993,2024-10-28,43.998,-77.679,49005,colored,research,False,cc0
250359752,2024-10-28,45.387,-79.198,49005,colored,research,False,cc-by-nc-nd
250515689,2024-10-28,39.906,-79.467,49202,colored,research,False,cc-by-nc
250516175,2024-10-28,39.906,-79.467,49005,colored,research,False,cc-by-nc
250516243,2024-10-28,39.906,-79.467,49202,colored,research,False,cc-by-nc
270842120,2024-10-28,45.356,-75.79,52543,colored,research,False,cc-by-nc
249641717,2024-10-29,39.091,-77.104,54802,colored,research,False,cc-by-nc
249647013,2024-10-29,41.457,-73.26,49202,colored,research,False,cc-by-nc
249649068,2024-10-29,44.569,-69.682,49202,colored,research,False,cc-by-nc
249653448,2024-10-29,43.764,-73.045,49202,colored,research,False,cc-by-nc
249653462,2024-10-29,43.764,-73.045,49202,colored,research,False,cc-by-nc
249653969,2024-10-29,43.763,-73.044,49202,colored,research,False,cc-by-nc
249654075,2024-10-29,43.763,-73.044,52543,colored,research,False,cc-by-nc
249654090,2024-10-29,43.763,-73.044,52543,green,research,False,cc-by-nc
249654147,2024-10-29,43.763,-73.045,54763,colored,research,False,cc-by-nc
249655911,2024-10-29,44.589,-75.159,48098,green,research,False,cc-by-nc
249657868,2024-10-29,44.59,-75.158,48098,colored,research,False,cc-by-nc
249672974,2024-10-29,41.006,-75.633,49005,colored,research,False,cc-by-nc
249676567,2024-10-29,41.189,-73.852,49658,colored,research,False,cc-by-nc
249689885,2024-10-29,44.79,-72.998,49202,colored,research,False,cc0
249690113,2024-10-29,44.814,-72.967,49005,colored,research,False,cc0
249690164,2024-10-29,42.451,-71.118,48098,colored,research,False,cc-by-nc
249690273,2024-10-29,44.822,-72.995,48098,bare,research,False,cc0
249690531,2024-10-29,44.819,-72.997,48098,bare,research,False,cc0
249690810,2024-10-29,44.623,-72.921,49202,colored,research,False,cc0
249690867,2024-10-29,44.58,-72.942,49005,colored,research,False,cc0
249692043,2024-10-29,41.552,-71.086,49202,colored,research,False,cc-by-nc
249704411,2024-10-29,43.174,-77.525,49005,colored,research,False,cc-by
249704416,2024-10-29,42.299,-71.206,54763,colored,research,False,cc-by-nc
249704451,2024-10-29,43.174,-77.524,54795,colored,research,False,cc-by
249704525,2024-10-29,43.174,-77.525,49005,colored,research,False,cc-by
249713308,2024-10-29,43.245,-79.743,54763,green,research,False,cc-by
249746387,2024-10-29,41.141,-75.274,54795,green,research,False,cc0
249953069,2024-10-29,42.679,-72.331,48098,bare,research,False,cc-by-nc
250311630,2024-10-29,45.629,-75.209,49005,bare,research,False,cc-by-nc
254000341,2024-10-29,45.387,-79.199,52543,colored,research,False,cc-by-nc-nd
249773292,2024-10-30,45.328,-75.734,49202,colored,research,False,cc-by-nc
249777133,2024-10-30,42.429,-71.168,52543,colored,research,False,cc-by-nc
249781215,2024-10-30,41.292,-72.963,54763,green,research,False,cc-by-nc
249793943,2024-10-30,40.977,-80.002,49202,colored,research,False,cc-by-nc
249806676,2024-10-30,39.077,-77.374,49005,colored,research,False,cc-by-nc
249806806,2024-10-30,43.035,-77.575,54795,colored,research,False,cc-by-nc
249810664,2024-10-30,42.832,-74.044,54795,colored,research,False,cc-by-nc
249813355,2024-10-30,43.706,-79.24,49005,colored,research,False,cc-by-nc
249813482,2024-10-30,40.09,-75.08,49202,colored,research,False,cc-by-nc
249814049,2024-10-30,39.25,-77.576,49202,colored,research,False,cc-by-nc
249829408,2024-10-30,38.938,-77.049,52543,colored,research,False,cc-by
249829755,2024-10-30,40.535,-80.247,48098,colored,research,False,cc-by-nc
249842069,2024-10-30,43.035,-77.576,49005,colored,research,False,cc-by-nc
249956773,2024-10-30,46.364,-76.006,48098,bare,research,False,cc-by
249975542,2024-10-30,41.154,-73.503,49005,colored,research,False,cc-by-nc
250804534,2024-10-30,38.738,-78.274,49005,colored,research,False,cc-by-nc
251193886,2024-10-30,40.773,-73.24,49658,colored,research,False,cc-by-nc
254533751,2024-10-30,43.39,-80.404,52543,colored,research,False,cc-by-nc
259603947,2024-10-30,42.524,-71.27,48098,colored,research,False,cc-by-nc
249875804,2024-10-31,41.667,-70.422,49202,green,research,False,cc-by-nc
249877392,2024-10-31,41.667,-70.422,49005,colored,research,False,cc-by-nc
249888597,2024-10-31,40.54,-80.18,49658,colored,research,False,cc-by-nc
249896779,2024-10-31,42.209,-72.206,54763,colored,research,False,cc-by-nc
249896850,2024-10-31,42.209,-72.206,54763,green,research,False,cc-by-nc
249902641,2024-10-31,42.599,-72.631,49202,colored,research,False,cc-by-nc
249904871,2024-10-31,39.042,-76.771,49202,colored,research,False,cc-by-nc
249905174,2024-10-31,42.611,-73.895,49202,colored,research,False,cc-by-nc
249907699,2024-10-31,41.319,-72.925,49005,colored,research,False,cc-by-nc
249909710,2024-10-31,41.319,-72.925,49005,colored,research,False,cc-by-nc
249910389,2024-10-31,42.727,-73.222,49202,bare,research,False,cc-by-nc
249916335,2024-10-31,42.143,-71.202,54763,colored,research,False,cc-by-nc
249916406,2024-10-31,41.422,-70.639,49202,green,research,False,cc-by-nc
249916711,2024-10-31,43.167,-76.33,49202,colored,research,False,cc-by-nc
249926091,2024-10-31,40.994,-73.796,49005,colored,research,False,cc-by-nc
249926960,2024-10-31,43.766,-69.789,54763,colored,research,False,cc-by-nc
249931752,2024-10-31,44.337,-68.285,49202,colored,research,False,cc-by-nc
249932195,2024-10-31,38.942,-77.052,49202,colored,research,False,cc-by-nc
249932379,2024-10-31,38.933,-77.049,54795,colored,research,False,cc-by-nc
249934772,2024-10-31,42.498,-72.322,49202,colored,research,False,cc-by-nc
249939886,2024-10-31,38.873,-75.944,54795,colored,research,False,cc-by-nc
249945525,2024-10-31,39.019,-77.246,54802,colored,needs_id,False,cc-by-nc
249950861,2024-10-31,40.163,-78.977,49005,colored,research,False,cc-by-nc-nd
249953088,2024-10-31,43.168,-77.453,49005,colored,research,False,cc-by
249953244,2024-10-31,43.164,-77.456,54763,colored,research,False,cc-by
249953418,2024-10-31,43.167,-77.455,48098,colored,research,False,cc-by
250073560,2024-10-31,45.563,-73.565,49005,colored,research,False,cc-by-nc
250156656,2024-10-31,45.398,-72.726,54763,colored,research,False,cc-by-nc
251822473,2024-10-31,38.758,-77.098,49202,green,research,False,cc-by-nc
250006739,2024-11-01,39.288,-77.732,49202,colored,research,False,cc-by-nc
250010084,2024-11-01,41.078,-73.46,49005,colored,research,False,cc-by-nc
250010633,2024-11-01,41.078,-73.461,49005,colored,research,False,cc-by-nc
250011261,2024-11-01,41.078,-73.46,49005,colored,research,False,cc-by-nc
250015050,2024-11-01,45.322,-75.727,49005,colored,research,False,cc-by-nc
250016445,2024-11-01,45.321,-75.727,49202,colored,research,False,cc-by-nc
250024825,2024-11-01,42.537,-71.52,49202,colored,research,False,cc-by-nc
250039582,2024-11-01,40.721,-75.442,54763,colored,needs_id,False,cc-by-nc
250041406,2024-11-01,40.789,-74.54,48098,colored,research,False,cc-by-nc
250042620,2024-11-01,44.486,-73.19,49005,colored,research,False,cc-by-nc
250048236,2024-11-01,38.938,-77.263,49202,colored,research,False,cc-by-nc
250048374,2024-11-01,38.94,-77.263,49005,colored,research,False,cc-by-nc
250048414,2024-11-01,38.94,-77.263,49202,colored,research,False,cc-by-nc
250048869,2024-11-01,43.066,-79.285,49202,colored,research,False,cc-by-nc
250050949,2024-11-01,44.159,-73.341,49005,colored,research,False,cc-by-nc
250051508,2024-11-01,41.677,-73.357,54763,colored,research,False,cc-by-nc
250055623,2024-11-01,41.18,-73.599,49202,colored,research,False,cc-by-nc
250080943,2024-11-01,40.814,-74.73,49005,colored,research,False,cc-by-nc
250082092,2024-11-01,40.075,-75.227,49202,colored,research,False,cc-by-nc
250083770,2024-11-01,43.219,-77.44,49202,colored,research,False,cc-by
250083900,2024-11-01,43.219,-77.44,52543,colored,research,False,cc-by
250084042,2024-11-01,43.22,-77.441,54763,colored,research,False,cc-by
250084070,2024-11-01,43.219,-77.441,54763,colored,research,False,cc-by
250219332,2024-11-01,38.855,-77.624,54795,colored,research,False,cc-by-nc
250282710,2024-11-01,39.842,-76.336,49005,colored,research,False,cc-by-nc
250458370,2024-11-01,43.821,-70.083,49202,colored,research,False,cc-by-nc
250650777,2024-11-01,42.368,-71.074,49005,colored,research,False,cc-by-nc
250804878,2024-11-01,39.113,-78.473,49005,colored,research,False,cc-by-nc
251557049,2024-11-01,40.77,-74.542,48098,colored,research,False,cc-by-nc
252026346,2024-11-01,42.691,-77.413,49202,colored,research,False,cc-by-nc
252738222,2024-11-01,40.771,-74.541,49202,bare,research,False,cc-by-nc
250127668,2024-11-02,39.896,-75.68,49005,colored,research,False,cc-by-nc
250150580,2024-11-02,39.495,-79.799,48098,bare,research,False,cc-by-nc
250160491,2024-11-02,42.37,-76.886,49202,colored,research,False,cc-by
250183003,2024-11-02,42.155,-80.127,48098,bare,research,False,cc-by-nc
250186768,2024-11-02,39.156,-76.761,49202,green,research,False,cc-by-nc
250193989,2024-11-02,39.925,-75.45,48098,colored,research,False,cc-by-nc-nd
250204419,2024-11-02,45.328,-80.204,49202,colored,research,False,cc-by-nc
250204564,2024-11-02,43.917,-73.043,49202,colored,research,False,cc-by-nc
250204631,2024-11-02,43.911,-73.039,49202,bare,research,False,cc-by-nc
250204698,2024-11-02,43.911,-73.039,49202,bare,research,False,cc-by-nc
250233420,2024-11-02,40.805,-74.684,49005,colored,research,False,cc-by-nc
250235284,2024-11-02,44.298,-78.27,49005,colored,research,False,cc-by-nc
250235706,2024-11-02,44.301,-78.267,49202,colored,research,False,cc-by-nc
250247254,2024-11-02,39.145,-77.256,48098,colored,research,False,cc-by-nc
250391855,2024-11-02,41.998,-80.338,49202,bare,research,False,cc-by
250452292,2024-11-02,45.591,-73.277,49005,colored,research,False,cc-by
250517946,2024-11-02,39.016,-77.24,49202,colored,research,False,cc-by-nc
250590223,2024-11-02,42.003,-80.344,49005,colored,research,False,cc-by
250590236,2024-11-02,42.003,-80.345,49202,colored,research,False,cc-by
250600425,2024-11-02,38.849,-77.189,49202,colored,research,False,cc-by-nc
250632208,2024-11-02,42.003,-80.346,48098,colored,research,False,cc-by
250885904,2024-11-02,39.049,-77.368,49202,green,research,False,cc-by-nc
254251389,2024-11-02,41.202,-74.773,48098,colored,research,False,cc-by-nc
261139387,2024-11-02,39.023,-77.159,54795,colored,research,False,cc-by-nc
266686382,2024-11-02,43.342,-79.864,52543,colored,research,False,cc-by
323325185,2024-11-02,42.171,-71.6,54763,green,research,False,cc-by-nc
334793581,2024-11-02,41.663,-71.62,49202,colored,research,False,cc-by-nc
334798023,2024-11-02,41.543,-71.65,48098,colored,research,False,cc-by-nc
250278826,2024-11-03,42.557,-76.624,49005,colored,research,False,cc-by-nc
250296443,2024-11-03,40.118,-79.176,49005,bare,research,False,cc-by-nc-nd
250298350,2024-11-03,40.121,-79.178,49202,bare,research,False,cc-by-nc
250298376,2024-11-03,44.149,-80.112,49005,colored,research,False,cc-by-nc
250298725,2024-11-03,40.122,-79.178,49005,colored,research,False,cc-by-nc
250299825,2024-11-03,44.478,-73.186,54763,colored,research,False,cc-by-nc
250315572,2024-11-03,41.025,-75.701,49202,bare,research,False,cc-by-nc
250321861,2024-11-03,40.125,-79.183,49202,bare,research,False,cc-by-nc
250322187,2024-11-03,44.289,-76.21,49005,bare,research,False,cc-by-nc
250322372,2024-11-03,44.291,-76.211,49005,colored,research,False,cc-by-nc
250327550,2024-11-03,43.293,-79.878,49005,bare,research,False,cc-by-nc
250331763,2024-11-03,42.346,-71.111,54763,green,research,False,cc-by-nc
250332003,2024-11-03,38.644,-77.189,49202,green,research,False,cc-by-nc
250336279,2024-11-03,45.569,-73.551,54763,colored,research,False,cc-by-nc
250336482,2024-11-03,42.307,-71.119,48098,bare,needs_id,False,cc-by-nc
250341734,2024-11-03,40.153,-79.226,49202,colored,research,False,cc-by-nc
250344884,2024-11-03,39.817,-74.86,49005,bare,research,False,cc-by-nc
250354002,2024-11-03,44.789,-76.262,48098,colored,needs_id,False,cc-by-nc
250355817,2024-11-03,39.865,-79.484,49005,colored,research,False,cc-by-nc
250355856,2024-11-03,39.865,-79.485,54763,colored,research,False,cc-by-nc
250358226,2024-11-03,39.645,-76.739,49005,bare,research,False,cc-by-nc
250362008,2024-11-03,42.472,-70.915,49005,colored,research,False,cc-by-nc
250364372,2024-11-03,43.816,-79.038,49005,colored,research,False,cc-by-nc
250365252,2024-11-03,43.921,-73.032,49202,bare,research,False,cc-by-nc
250367127,2024-11-03,41.789,-74.564,49202,bare,research,False,cc-by-nc
250369520,2024-11-03,41.785,-74.559,49005,colored,research,False,cc-by-nc
250372111,2024-11-03,41.784,-74.561,49202,colored,research,False,cc-by-nc
250378415,2024-11-03,43.193,-77.513,48098,colored,research,False,cc-by
250378488,2024-11-03,43.193,-77.513,48098,colored,research,False,cc-by
250378695,2024-11-03,43.193,-77.513,54795,colored,research,False,cc-by
250378701,2024-11-03,43.193,-77.512,48098,colored,research,False,cc-by
250389496,2024-11-03,43.465,-79.765,49005,bare,research,False,cc-by-nc
250480766,2024-11-03,41.122,-73.811,49005,colored,research,False,cc-by-nc
250481538,2024-11-03,41.122,-73.811,49005,colored,research,False,cc-by-nc
250600948,2024-11-03,38.851,-77.189,49202,colored,research,False,cc-by-nc
250747782,2024-11-03,38.937,-74.957,54795,colored,research,False,cc-by-nc
250914978,2024-11-03,45.323,-72.811,49202,bare,research,False,cc-by-nc
250914985,2024-11-03,45.322,-72.811,48098,bare,research,False,cc-by-nc
250914998,2024-11-03,45.322,-72.811,49202,bare,research,False,cc-by-nc
250915033,2024-11-03,45.321,-72.811,52543,green,research,False,cc-by-nc
250915038,2024-11-03,45.321,-72.811,49005,colored,research,False,cc-by-nc
250915052,2024-11-03,45.32,-72.811,48098,colored,research,False,cc-by-nc
250915064,2024-11-03,45.319,-72.811,52543,bare,research,False,cc-by-nc
250915100,2024-11-03,45.322,-72.811,49005,colored,research,False,cc-by-nc
250923175,2024-11-03,45.325,-72.795,49005,colored,research,False,cc-by-nc
250923179,2024-11-03,45.325,-72.795,52543,colored,research,False,cc-by-nc
250923186,2024-11-03,45.325,-72.795,48098,bare,research,False,cc-by-nc
250923198,2024-11-03,45.325,-72.796,49202,colored,research,False,cc-by-nc
250923201,2024-11-03,45.325,-72.796,49005,colored,research,False,cc-by-nc
250923227,2024-11-03,45.326,-72.795,49202,colored,research,False,cc-by-nc
250923253,2024-11-03,45.326,-72.795,49005,colored,research,False,cc-by-nc
250923286,2024-11-03,45.325,-72.795,52543,colored,research,False,cc-by-nc
250923291,2024-11-03,45.324,-72.793,49005,colored,research,False,cc-by-nc
250923313,2024-11-03,45.323,-72.793,49005,colored,research,False,cc-by-nc
250923329,2024-11-03,45.324,-72.793,49005,colored,research,False,cc-by-nc
250923335,2024-11-03,45.323,-72.793,49005,colored,research,False,cc-by-nc
250923385,2024-11-03,45.323,-72.794,52543,bare,research,False,cc-by-nc
250923398,2024-11-03,45.323,-72.795,52543,bare,research,False,cc-by-nc
250923406,2024-11-03,45.323,-72.795,49005,colored,research,False,cc-by-nc
250923409,2024-11-03,45.324,-72.795,49005,bare,research,False,cc-by-nc
250923416,2024-11-03,45.324,-72.795,49005,colored,research,False,cc-by-nc
251383847,2024-11-03,38.665,-78.218,49202,colored,research,False,cc0
251386410,2024-11-03,39.735,-75.222,49202,colored,research,False,cc-by-nc
252333068,2024-11-03,42.313,-71.261,48098,green,research,False,cc-by-nc
258693696,2024-11-03,38.768,-77.262,49202,green,research,False,cc-by-nc
271621909,2024-11-03,42.573,-72.539,54763,colored,research,False,cc-by-nc
250440257,2024-11-04,38.934,-79.965,49005,colored,research,False,cc-by-nc
250450334,2024-11-04,43.605,-79.544,49005,colored,research,False,cc-by-nc
250452224,2024-11-04,40.747,-74.553,49005,colored,research,False,cc-by-nc
250456333,2024-11-04,38.993,-76.896,49202,colored,research,False,cc-by-nc
250460122,2024-11-04,38.623,-77.115,49202,colored,research,False,cc-by-nc
250461784,2024-11-04,40.746,-74.553,48098,colored,research,False,cc-by-nc
250468575,2024-11-04,43.114,-77.6,49202,colored,research,False,cc-by-nc
250468618,2024-11-04,42.58,-71.544,49202,bare,research,False,cc-by-nc
250470332,2024-11-04,39.647,-76.985,48098,colored,research,False,cc-by-nc
250476874,2024-11-04,39.092,-76.113,49202,bare,research,False,cc-by-nc
250480635,2024-11-04,39.902,-75.056,54795,colored,research,False,cc-by
250482110,2024-11-04,39.308,-79.757,48098,bare,research,False,cc-by-nc
250482316,2024-11-04,41.936,-71.297,54763,colored,research,False,cc-by-nc
250487841,2024-11-04,40.483,-74.438,49005,colored,research,False,cc-by-nc
250488503,2024-11-04,39.215,-76.424,49202,colored,research,False,cc-by-nc
250493754,2024-11-04,43.193,-77.513,48098,colored,research,False,cc-by
250493803,2024-11-04,43.192,-77.513,54795,colored,research,False,cc-by
250493967,2024-11-04,43.382,-79.798,49202,colored,research,False,cc-by
250494048,2024-11-04,43.192,-77.513,54795,colored,research,False,cc-by
250494136,2024-11-04,43.126,-77.578,54763,colored,research,False,cc-by
250507392,2024-11-04,44.445,-73.227,54763,green,research,False,cc-by-nc
250507574,2024-11-04,44.445,-73.227,54763,green,research,False,cc-by-nc
250567956,2024-11-04,38.941,-76.504,49202,colored,research,False,cc-by-nc
251002745,2024-11-04,43.627,-79.713,49005,colored,research,False,cc-by
251333354,2024-11-04,45.729,-74.28,49202,bare,research,False,cc-by-nc
251383714,2024-11-04,40.433,-79.948,48098,colored,research,False,cc-by-nc
250570223,2024-11-05,41.266,-73.917,54802,colored,needs_id,False,cc-by-nc
250585125,2024-11-05,40.617,-73.825,49005,colored,research,False,cc-by-nc
250592058,2024-11-05,40.201,-75.455,49005,bare,research,False,cc-by-nc
250592095,2024-11-05,42.337,-71.09,48098,colored,needs_id,False,cc-by-nc
250592127,2024-11-05,40.201,-75.455,49202,bare,research,False,cc-by-nc
250592361,2024-11-05,40.201,-75.456,49005,bare,research,False,cc-by-nc
250594638,2024-11-05,41.007,-78.897,49202,bare,research,False,cc-by-nc
250595103,2024-11-05,40.206,-75.451,49202,bare,research,False,cc-by-nc
250598952,2024-11-05,44.34,-78.743,48098,bare,research,False,cc-by-nc
250661137,2024-11-05,41.821,-69.967,48098,colored,research,False,cc-by-nc
250875096,2024-11-05,43.283,-79.902,49005,colored,research,False,cc-by-nc
250882899,2024-11-05,38.966,-77.152,49005,colored,research,False,cc-by-nc
251114045,2024-11-05,42.726,-80.315,49005,colored,research,False,cc-by
251114046,2024-11-05,42.726,-80.315,49202,bare,research,False,cc-by
251114090,2024-11-05,42.726,-80.317,49005,colored,research,False,cc-by
251114115,2024-11-05,42.726,-80.317,49202,bare,research,False,cc-by
251114116,2024-11-05,42.726,-80.318,49005,colored,research,False,cc-by
251114126,2024-11-05,42.726,-80.318,49005,colored,research,False,cc-by
251116001,2024-11-05,42.727,-80.323,49202,colored,research,False,cc-by
252593895,2024-11-05,45.398,-72.726,54763,bare,research,False,cc-by-nc
256054772,2024-11-05,38.929,-78.338,54795,colored,research,False,cc-by
250671588,2024-11-06,44.159,-73.341,49005,colored,research,False,cc-by-nc
250705552,2024-11-06,42.486,-72.607,49005,colored,research,False,cc-by-nc
250705955,2024-11-06,43.976,-79.484,49202,colored,research,False,cc-by-nc
250714137,2024-11-06,39.743,-75.307,49202,colored,research,False,cc-by-nc
250722332,2024-11-06,43.029,-77.571,49202,colored,research,False,cc-by-nc
250733157,2024-11-06,40.168,-79.232,54802,bare,needs_id,False,cc-by-nc
250733189,2024-11-06,40.167,-79.23,54802,bare,needs_id,False,cc-by-nc
250735659,2024-11-06,43.796,-79.38,49005,colored,research,False,cc-by-nc
250735807,2024-11-06,40.167,-79.229,49202,colored,research,False,cc-by-nc
250740411,2024-11-06,41.042,-73.846,49202,colored,research,False,cc-by-nc
250754954,2024-11-06,43.236,-77.49,54763,colored,research,False,cc-by
250755043,2024-11-06,43.235,-77.488,54763,colored,research,False,cc-by
250755155,2024-11-06,43.236,-77.492,54795,colored,research,False,cc-by
250805240,2024-11-06,39.257,-77.769,49005,colored,research,False,cc-by-nc
250821843,2024-11-06,40.582,-80.268,49202,colored,research,False,cc-by-nc-sa
251179004,2024-11-06,42.659,-80.473,49005,colored,research,False,cc-by
251179017,2024-11-06,42.66,-80.473,49005,colored,research,False,cc-by
251181453,2024-11-06,42.661,-80.476,49005,colored,research,False,cc-by
251181486,2024-11-06,42.662,-80.475,49202,bare,research,False,cc-by
251194019,2024-11-06,42.665,-80.482,52543,green,research,False,cc-by
251194074,2024-11-06,42.666,-80.479,52543,green,research,False,cc-by
251202399,2024-11-06,42.667,-80.477,49202,colored,research,False,cc-by
251332265,2024-11-06,42.603,-73.225,49202,bare,research,False,cc-by-nc
251382258,2024-11-06,42.583,-80.397,49005,colored,research,False,cc-by
250796033,2024-11-07,40.766,-73.974,48098,colored,research,False,cc-by-nc
250806568,2024-11-07,39.034,-77.248,49005,colored,research,False,cc-by
250817394,2024-11-07,39.743,-75.307,49005,colored,research,False,cc-by-nc
250819739,2024-11-07,41.285,-72.927,49005,colored,research,False,cc-by-nc
250820847,2024-11-07,41.285,-72.927,49005,colored,research,False,cc-by-nc
250844422,2024-11-07,39.927,-75.09,49202,colored,research,False,cc-by-nc
250871666,2024-11-07,43.126,-77.578,54763,colored,research,False,cc-by
250872221,2024-11-07,43.227,-77.557,49005,colored,needs_id,False,cc-by
255605060,2024-11-07,44.025,-70.797,49202,colored,research,False,cc-by-nc
250903536,2024-11-08,40.766,-73.798,49005,colored,research,False,cc-by-nc
250905961,2024-11-08,45.4,-75.756,54763,colored,research,False,cc-by
250914765,2024-11-08,40.089,-75.997,49005,colored,needs_id,False,cc-by-nc
250916470,2024-11-08,43.53,-80.017,48098,bare,needs_id,False,cc-by-nc
250936410,2024-11-08,41.775,-70.053,54763,green,research,False,cc-by-nc
250938208,2024-11-08,39.952,-76.456,54795,green,research,False,cc-by-nc
250940636,2024-11-08,40.704,-73.849,48098,colored,research,False,cc-by-nc
250950126,2024-11-08,41.328,-72.908,54763,green,research,False,cc-by-nc
250951212,2024-11-08,42.332,-71.179,54763,colored,research,False,cc-by-nc
250952749,2024-11-08,41.14,-78.956,49005,colored,research,False,cc-by-nc
250953019,2024-11-08,41.328,-72.911,49202,colored,research,False,cc-by-nc
250957656,2024-11-08,45.688,-73.34,49202,colored,research,False,cc-by-nc
250962780,2024-11-08,45.688,-73.337,52543,colored,research,False,cc-by-nc
250963539,2024-11-08,45.688,-73.337,49202,bare,research,False,cc-by-nc
250966234,2024-11-08,45.688,-73.336,52543,bare,research,False,cc-by-nc
250986689,2024-11-08,40.185,-74.217,49005,colored,research,False,cc-by-nc
251091305,2024-11-08,45.685,-73.331,52543,bare,research,False,cc-by-nc
251095854,2024-11-08,45.685,-73.331,48098,bare,research,False,cc-by-nc
251095962,2024-11-08,38.758,-77.098,49658,green,research,False,cc-by-nc
251096363,2024-11-08,45.685,-73.331,49202,bare,research,False,cc-by-nc
251263153,2024-11-08,38.933,-77.002,49202,green,research,False,cc-by-nc
252598293,2024-11-08,45.397,-72.72,52543,colored,research,False,cc-by-nc
252598315,2024-11-08,45.397,-72.72,54763,green,research,False,cc-by-nc
252598320,2024-11-08,45.397,-72.72,49005,colored,research,False,cc-by-nc
252598344,2024-11-08,45.397,-72.72,52543,bare,research,False,cc-by-nc
252598364,2024-11-08,45.397,-72.719,52543,colored,research,False,cc-by-nc
252598368,2024-11-08,45.397,-72.719,49005,colored,research,False,cc-by-nc
252598377,2024-11-08,45.397,-72.719,54763,colored,research,False,cc-by-nc
252720246,2024-11-08,45.396,-72.721,52543,bare,research,False,cc-by-nc
252720262,2024-11-08,45.397,-72.721,49005,colored,research,False,cc-by-nc
252720267,2024-11-08,45.397,-72.721,52543,bare,research,False,cc-by-nc
252720296,2024-11-08,45.397,-72.722,52543,bare,research,False,cc-by-nc
252727939,2024-11-08,45.395,-72.72,49005,bare,research,False,cc-by-nc
251043637,2024-11-09,38.96,-77.05,49202,colored,research,False,cc-by-nc
251053879,2024-11-09,41.408,-77.919,52543,colored,needs_id,False,cc-by-nc
251072111,2024-11-09,40.429,-79.906,49005,colored,research,False,cc-by
251072292,2024-11-09,39.215,-76.424,49658,colored,research,False,cc-by-nc
251081694,2024-11-09,44.323,-79.315,49202,bare,research,False,cc-by
251091478,2024-11-09,40.466,-75.211,49005,colored,research,False,cc-by-nc
251091564,2024-11-09,39.26,-77.511,49005,colored,research,False,cc-by-nc
251092177,2024-11-09,40.468,-75.202,49202,colored,research,False,cc-by-nc
251092402,2024-11-09,38.681,-75.774,49658,colored,research,False,cc-by-nc
251099816,2024-11-09,40.303,-79.776,54763,colored,research,False,cc-by-nc
251117577,2024-11-09,45.355,-75.674,49202,bare,research,False,cc-by-nc
251117609,2024-11-09,45.352,-75.671,54763,colored,research,False,cc-by-nc
251148630,2024-11-09,43.227,-77.557,49005,colored,needs_id,False,cc-by
251183703,2024-11-09,39.121,-78.453,48098,colored,research,False,cc-by-nc
251223412,2024-11-09,42.445,-71.095,48098,colored,research,False,cc-by-nc
251265739,2024-11-09,44.627,-76.558,49202,bare,research,False,cc-by
251334588,2024-11-09,44.533,-72.541,48098,bare,research,False,cc-by-nc
251369581,2024-11-09,39.745,-75.16,49202,colored,research,False,cc-by-nc
251371418,2024-11-09,39.746,-75.16,49202,colored,research,False,cc-by-nc
252052525,2024-11-09,42.187,-71.051,54763,colored,research,False,cc-by-nc
252731935,2024-11-09,45.375,-71.92,49202,bare,research,False,cc-by-nc
252731947,2024-11-09,45.377,-71.922,49202,bare,research,False,cc-by-nc
251193941,2024-11-10,46.716,-71.346,54763,colored,research,False,cc-by-nc
251194170,2024-11-10,46.716,-71.346,52543,bare,research,False,cc-by-nc
251200880,2024-11-10,46.724,-71.311,49005,colored,research,False,cc-by-nc
251201881,2024-11-10,40.816,-74.726,49005,colored,research,False,cc-by-nc
251202787,2024-11-10,46.723,-71.312,48098,bare,research,False,cc-by-nc
251203044,2024-11-10,42.398,-76.51,49202,bare,research,False,cc-by-nc
251203267,2024-11-10,39.442,-77.786,49005,colored,research,False,cc-by-nc
251203314,2024-11-10,46.723,-71.312,49005,bare,research,False,cc-by-nc
251206804,2024-11-10,38.524,-76.757,49202,colored,research,False,cc-by-nc
251207035,2024-11-10,42.858,-76.986,49202,bare,research,False,cc-by-nc
251210260,2024-11-10,46.732,-71.312,49202,bare,research,False,cc-by-nc
251211904,2024-11-10,46.732,-71.312,49005,bare,research,False,cc-by-nc
251213286,2024-11-10,41.351,-76.296,49202,bare,research,False,cc-by-nc
251216787,2024-11-10,42.612,-73.895,49005,colored,research,False,cc-by-nc
251237486,2024-11-10,42.674,-72.325,48098,bare,research,False,cc-by-nc
251237564,2024-11-10,42.674,-72.324,48098,bare,research,False,cc-by-nc
251264895,2024-11-10,43.181,-77.51,48098,colored,research,False,cc-by
251265084,2024-11-10,43.181,-77.51,54763,colored,research,False,cc-by
251355039,2024-11-10,42.067,-70.684,48098,colored,research,False,cc-by
251664226,2024-11-10,46.76,-71.269,54763,colored,research,False,cc-by
251723949,2024-11-10,42.3,-71.1,54763,colored,research,False,cc-by-nc
254055341,2024-11-10,41.293,-72.96,48098,colored,research,False,cc-by-nc
251311856,2024-11-11,38.96,-77.103,49202,bare,research,False,cc-by-nc
251319974,2024-11-11,38.817,-77.423,49202,colored,research,False,cc-by-nc
251327737,2024-11-11,39.51,-77.496,49202,bare,research,False,cc-by-nc
251338218,2024-11-11,39.776,-75.163,54795,colored,research,False,cc-by-nc
251339649,2024-11-11,38.92,-77.054,49202,colored,research,False,cc0
251339680,2024-11-11,38.92,-77.055,49202,colored,research,False,cc0
251349343,2024-11-11,39.774,-75.668,49658,colored,research,False,cc-by-nc
251374838,2024-11-11,39.919,-74.136,48098,colored,research,False,cc-by-nc
251375681,2024-11-11,39.749,-75.147,49202,colored,research,False,cc-by-nc
251381865,2024-11-11,39.517,-79.658,49005,colored,research,False,cc-by-nc
251383912,2024-11-11,39.05,-76.927,49202,colored,research,False,cc-by
251392235,2024-11-11,39.748,-75.149,54763,colored,research,False,cc-by-nc
251394814,2024-11-11,44.48,-78.458,49202,bare,research,False,cc-by
251395476,2024-11-11,44.309,-72.365,49005,colored,research,False,cc-by-nc
251775536,2024-11-11,39.29,-75.484,49658,colored,research,False,cc-by-nc
251948915,2024-11-11,45.729,-74.279,49202,colored,research,False,cc-by-nc
251458751,2024-11-12,41.727,-72.225,54763,colored,research,False,cc-by-nc
251460477,2024-11-12,40.706,-73.841,49005,colored,research,False,cc-by-nc
251475733,2024-11-12,40.533,-79.785,54763,colored,research,False,cc-by
251493169,2024-11-12,44.079,-78.713,49202,bare,research,False,cc-by
251493172,2024-11-12,44.079,-78.713,49202,bare,research,False,cc-by
251493187,2024-11-12,44.079,-78.713,49202,bare,research,False,cc-by
251493204,2024-11-12,44.08,-78.712,49202,bare,research,False,cc-by
251493211,2024-11-12,44.08,-78.712,49202,bare,research,False,cc-by
251493243,2024-11-12,44.079,-78.714,49202,bare,research,False,cc-by
251493254,2024-11-12,44.079,-78.714,49202,bare,research,False,cc-by
251493277,2024-11-12,44.079,-78.714,49005,bare,research,False,cc-by
251508704,2024-11-12,43.193,-77.513,48098,colored,research,False,cc-by
251552832,2024-11-12,40.657,-73.971,49658,colored,research,False,cc-by-nc
251634254,2024-11-12,40.777,-73.971,48098,colored,research,False,cc-by-nc
251742980,2024-11-12,45.729,-74.279,49202,bare,research,False,cc-by-nc
251596557,2024-11-13,39.057,-77.032,54763,colored,research,False,cc-by
251597833,2024-11-13,45.696,-73.28,49202,bare,research,False,cc-by-nc
251604150,2024-11-13,45.696,-73.28,48098,bare,research,False,cc-by-nc
251605845,2024-11-13,45.696,-73.28,49202,bare,research,False,cc-by-nc
251606097,2024-11-13,45.697,-73.281,48098,bare,research,False,cc-by-nc
251608556,2024-11-13,45.697,-73.279,48098,bare,research,False,cc-by-nc
251609212,2024-11-13,45.697,-73.278,49202,bare,research,False,cc-by-nc
251609523,2024-11-13,45.697,-73.279,48098,bare,research,False,cc-by-nc
251659146,2024-11-13,44.407,-73.892,49005,bare,research,False,cc-by-nc
251730722,2024-11-13,43.284,-80.395,54795,bare,research,False,cc-by-nc
251681662,2024-11-14,43.057,-79.136,49202,bare,research,False,cc-by-nc
251686283,2024-11-14,42.391,-76.374,48098,bare,research,False,cc-by-nc
251699179,2024-11-14,43.056,-79.136,48098,bare,needs_id,False,cc-by-nc
251700140,2024-11-14,43.056,-79.136,49202,bare,research,False,cc-by-nc
251704660,2024-11-14,39.192,-77.296,49005,colored,research,False,cc-by-nc
251713985,2024-11-14,42.68,-72.326,48098,bare,research,False,cc-by-nc
251714024,2024-11-14,42.681,-72.326,48098,bare,research,False,cc-by-nc
251714345,2024-11-14,42.679,-72.33,48098,bare,research,False,cc-by-nc
251732319,2024-11-14,43.193,-77.513,54795,colored,research,False,cc-by
253828665,2024-11-14,44.099,-70.218,54763,colored,research,False,cc-by-nc
254265731,2024-11-14,43.056,-79.133,49202,bare,research,False,cc-by-nc
251762204,2024-11-15,46.761,-71.228,52543,bare,research,False,cc-by-nc
251762819,2024-11-15,46.76,-71.229,49005,bare,research,False,cc-by-nc
251793496,2024-11-15,46.806,-71.187,54763,colored,research,False,cc-by-nc
251793879,2024-11-15,46.807,-71.187,52543,bare,research,False,cc-by-nc
251800241,2024-11-15,40.423,-74.468,54795,bare,research,False,cc-by
251801723,2024-11-15,39.035,-76.773,49202,colored,research,False,cc-by-nc
251821350,2024-11-15,43.244,-79.741,54763,colored,research,False,cc-by
251827497,2024-11-15,45.328,-75.733,52543,colored,research,False,cc-by-nc
252604692,2024-11-15,45.297,-79.583,49202,bare,research,False,cc-by-nc
252888550,2024-11-15,46.809,-71.204,52543,bare,research,False,cc-by-nc
251903713,2024-11-16,46.755,-71.213,49202,bare,research,False,cc-by-nc
251907574,2024-11-16,46.757,-71.211,49005,bare,research,False,cc-by-nc
251915589,2024-11-16,46.753,-71.217,52543,bare,research,False,cc-by-nc
251930031,2024-11-16,43.119,-79.061,54763,colored,research,False,cc-by-nc
251933966,2024-11-16,43.206,-77.513,54763,colored,research,False,cc-by
251934432,2024-11-16,43.237,-77.493,54763,colored,research,False,cc-by
251938437,2024-11-16,43.872,-79.132,49202,bare,research,False,cc-by-nc
251960565,2024-11-16,45.902,-79.375,48098,bare,research,False,cc-by-nc
252077769,2024-11-16,40.423,-74.472,54795,bare,research,False,cc-by
252078854,2024-11-16,40.422,-74.471,54795,green,research,False,cc-by
252402354,2024-11-16,45.579,-73.267,49005,bare,research,False,cc-by
252939957,2024-11-16,43.89,-79.506,48098,colored,research,False,cc-by-nc
252027462,2024-11-17,46.772,-71.174,49202,bare,research,False,cc-by-nc
252029261,2024-11-17,46.772,-71.173,52543,bare,research,False,cc-by-nc
252034229,2024-11-17,42.398,-71.681,54795,bare,research,False,cc-by-nc
252036700,2024-11-17,46.771,-71.173,49005,colored,research,False,cc-by-nc
252037095,2024-11-17,46.772,-71.173,52543,bare,research,False,cc-by-nc
252050268,2024-11-17,40.661,-73.966,49658,colored,research,False,cc-by-nc
252052079,2024-11-17,40.889,-73.839,54763,green,research,False,cc-by-nc
252057200,2024-11-17,42.123,-76.002,54763,green,research,False,cc-by
252057278,2024-11-17,42.123,-76.002,54763,colored,research,False,cc-by-nc
252058361,2024-11-17,39.027,-77.177,49202,colored,research,False,cc-by
252073762,2024-11-17,39.985,-75.226,49005,colored,research,False,cc-by
252090341,2024-11-17,39.95,-75.433,49005,colored,research,False,cc0
252090845,2024-11-17,39.948,-75.434,49202,colored,research,False,cc0
252113774,2024-11-17,40.042,-77.345,48098,bare,research,False,cc-by-nc
252273143,2024-11-17,44.361,-79.677,48098,colored,needs_id,False,cc-by-nc
252893133,2024-11-17,45.369,-72.205,49202,bare,research,False,cc-by-nc
253027865,2024-11-17,44.445,-73.227,54763,colored,research,False,cc-by
252153415,2024-11-18,38.92,-77.055,49202,colored,research,False,cc0
252168544,2024-11-18,39.057,-77.034,49202,colored,research,False,cc-by
252192455,2024-11-18,38.829,-77.311,49202,bare,research,False,cc-by-nc
252235833,2024-11-18,43.174,-77.525,49005,colored,research,False,cc-by
252402921,2024-11-18,45.585,-73.53,54763,colored,research,False,cc-by
252413544,2024-11-18,40.657,-73.995,49658,colored,research,False,cc-by-nc
252662297,2024-11-18,38.641,-77.152,49202,colored,research,False,cc0
252293820,2024-11-19,40.716,-74.489,49202,bare,research,False,cc-by-nc
252307714,2024-11-19,42.439,-73.42,48098,bare,research,False,cc-by-nc
252324372,2024-11-19,41.94,-70.641,54763,colored,research,False,cc-by-nc
252353968,2024-11-19,43.204,-77.486,54763,colored,research,False,cc-by
252390753,2024-11-19,38.559,-78.305,48098,colored,research,False,cc-by-nc
252394400,2024-11-19,45.42,-75.684,54763,colored,research,False,cc-by-sa
252865015,2024-11-19,39.629,-76.709,54795,bare,research,False,cc-by-nc
252378812,2024-11-20,42.089,-71.06,54763,colored,research,False,cc-by-nc
252405174,2024-11-20,38.988,-76.922,49658,colored,research,False,cc-by
252428186,2024-11-20,44.476,-73.187,54763,colored,research,False,cc-by-nc
252877485,2024-11-20,38.862,-77.118,49005,colored,research,False,cc-by-nc
252895341,2024-11-20,45.363,-73.144,52543,bare,research,False,cc-by-nc
252541296,2024-11-21,38.591,-75.945,54795,colored,research,False,cc-by-nc
252554997,2024-11-21,39.255,-75.466,49658,colored,research,False,cc-by-nc
252594395,2024-11-21,43.249,-79.864,54763,colored,research,False,cc-by
252732837,2024-11-21,44.478,-73.186,54763,colored,research,False,cc-by-nc
252593148,2024-11-22,38.907,-77.197,54763,colored,research,False,cc-by-nc
252600055,2024-11-22,42.301,-71.052,54763,colored,research,False,cc-by-nc
252618909,2024-11-22,46.759,-71.222,49005,bare,research,False,cc-by-nc
252620397,2024-11-22,46.757,-71.22,52543,bare,research,False,cc-by-nc
252623592,2024-11-22,39.244,-76.595,49658,colored,research,False,cc-by-nc
252631838,2024-11-22,46.759,-71.215,49202,bare,research,False,cc-by-nc
252636283,2024-11-22,46.757,-71.212,48098,bare,research,False,cc-by-nc
252649186,2024-11-22,45.685,-73.247,52543,bare,research,False,cc-by-nc
252650466,2024-11-22,45.686,-73.248,48098,bare,research,False,cc-by-nc
252651058,2024-11-22,45.686,-73.248,52543,bare,research,False,cc-by-nc
252651667,2024-11-22,45.686,-73.249,52543,bare,research,False,cc-by-nc
252651849,2024-11-22,38.935,-77.339,48098,colored,needs_id,False,cc-by-nc
252651905,2024-11-22,38.935,-77.339,48098,colored,needs_id,False,cc-by-nc
252658880,2024-11-22,45.687,-73.25,52543,bare,research,False,cc-by-nc
252659268,2024-11-22,45.687,-73.25,49202,bare,research,False,cc-by-nc
252660031,2024-11-22,45.688,-73.251,49202,bare,research,False,cc-by-nc
252661779,2024-11-22,45.691,-73.253,49202,bare,research,False,cc-by-nc
252774369,2024-11-22,45.691,-73.254,49202,bare,research,False,cc-by-nc
252777446,2024-11-22,45.691,-73.254,49202,bare,research,False,cc-by-nc
252781011,2024-11-22,45.691,-73.255,52543,bare,research,False,cc-by-nc
252783071,2024-11-22,45.692,-73.254,52543,bare,research,False,cc-by-nc
253198571,2024-11-22,45.685,-73.248,52543,bare,research,False,cc-by-nc
252735148,2024-11-23,46.742,-71.196,49202,bare,research,False,cc-by-nc
252739149,2024-11-23,40.846,-74.496,49202,bare,research,False,cc-by-nc
252744064,2024-11-23,41.473,-78.057,49005,bare,research,False,cc-by-nc
252744195,2024-11-23,46.739,-71.184,48098,bare,research,False,cc-by-nc
252758764,2024-11-23,40.895,-73.891,54763,colored,research,False,cc-by-nc
252773653,2024-11-23,44.552,-76.775,49202,bare,research,False,cc-by-nc
252804748,2024-11-23,39.026,-76.542,48098,bare,research,False,cc-by-nc
253065045,2024-11-23,45.542,-73.201,49005,bare,research,False,cc-by
258490298,2024-11-23,43.157,-79.172,49005,colored,needs_id,False,cc-by-nc
252903825,2024-11-24,40.432,-75.074,49202,bare,research,False,cc-by-nc
252905225,2024-11-24,46.828,-71.114,52543,bare,research,False,cc-by-nc
252906901,2024-11-24,46.828,-71.114,49005,bare,research,False,cc-by-nc
252909391,2024-11-24,46.829,-71.115,52543,bare,research,False,cc-by-nc
252912616,2024-11-24,40.568,-79.907,54795,green,research,False,cc-by
252920417,2024-11-24,43.653,-79.451,48098,colored,needs_id,False,cc-by-nc
252931513,2024-11-24,46.83,-71.107,49202,bare,research,False,cc-by-nc
252931693,2024-11-24,46.826,-71.11,49202,bare,research,False,cc-by-nc
252977884,2024-11-24,39.241,-76.86,49202,colored,research,False,cc-by-nc
252986190,2024-11-24,43.194,-77.512,54763,colored,research,False,cc-by
253102767,2024-11-24,39.893,-79.722,54763,colored,research,False,cc-by-nc
253435759,2024-11-24,40.608,-78.335,48098,colored,needs_id,False,cc-by-nc
253443727,2024-11-24,38.772,-77.238,49658,colored,research,False,cc-by-nc
253932998,2024-11-24,45.635,-73.369,49005,bare,research,False,cc-by-nc
253039491,2024-11-25,46.76,-71.227,52543,bare,research,False,cc-by-nc
253039516,2024-11-25,46.764,-71.225,49005,bare,research,False,cc-by-nc
253063086,2024-11-25,39.026,-77.084,48098,bare,research,False,cc-by-nc
253067163,2024-11-25,42.214,-72.32,54795,bare,research,False,cc-by-nc
253072133,2024-11-25,42.48,-71.242,54795,bare,research,False,cc-by-nc
253087527,2024-11-25,39.081,-77.102,48098,bare,research,False,cc-by-nc
253115610,2024-11-25,43.194,-77.512,52543,colored,research,False,cc-by
253115674,2024-11-25,43.193,-77.513,48098,bare,research,False,cc-by
253115714,2024-11-25,43.193,-77.513,48098,colored,research,False,cc-by
253115729,2024-11-25,43.236,-77.492,54763,colored,research,False,cc-by
253115901,2024-11-25,43.236,-77.493,54763,colored,research,False,cc-by
253115962,2024-11-25,43.237,-77.493,54763,colored,research,False,cc-by
253116443,2024-11-25,43.237,-77.494,54763,colored,research,False,cc-by
253121953,2024-11-25,42.674,-72.324,48098,bare,research,False,cc-by-nc
253122019,2024-11-25,42.674,-72.324,48098,bare,research,False,cc-by-nc
253122101,2024-11-25,42.674,-72.324,48098,bare,research,False,cc-by-nc
253122504,2024-11-25,42.673,-72.324,48098,bare,research,False,cc-by-nc
253167596,2024-11-25,42.043,-73.913,49202,bare,research,False,cc-by-nc
253186030,2024-11-25,38.839,-78.2,48098,colored,research,False,cc-by-nc
254252032,2024-11-25,40.924,-74.894,54795,bare,research,False,cc-by-nc
253195366,2024-11-26,38.975,-77.151,49202,colored,research,False,cc-by-nc
253199250,2024-11-26,42.337,-79.604,54763,colored,research,False,cc-by-nc
253237059,2024-11-26,43.237,-77.493,54763,colored,research,False,cc-by
253237081,2024-11-26,43.238,-77.494,54763,colored,research,False,cc-by
253237214,2024-11-26,43.237,-77.493,54763,colored,research,False,cc-by
253237271,2024-11-26,43.236,-77.49,54763,colored,research,False,cc-by
253300203,2024-11-27,40.534,-79.794,54763,colored,research,False,cc-by
253311583,2024-11-27,39.064,-77.307,49202,bare,research,False,cc-by
253314849,2024-11-27,40.783,-73.344,54763,colored,research,False,cc-by-nc
253352566,2024-11-27,43.193,-77.513,48098,colored,research,False,cc-by
253355106,2024-11-27,39.996,-74.853,49202,bare,research,False,cc-by-nc
253409548,2024-11-28,42.35,-71.139,54763,colored,research,False,cc-by-nc
253466223,2024-11-28,38.961,-76.19,49658,colored,research,False,cc-by-nc
253480842,2024-11-28,38.908,-76.46,49658,colored,research,False,cc-by-nc
253517646,2024-11-29,41.334,-72.909,54795,bare,research,False,cc-by-nc
253531573,2024-11-29,43.045,-70.763,49202,bare,research,False,cc-by-nc
253535614,2024-11-29,40.648,-73.983,48098,colored,research,False,cc-by-nc
253542114,2024-11-29,46.76,-71.223,49005,bare,research,False,cc-by-nc
253543143,2024-11-29,42.076,-74.111,49202,bare,research,False,cc-by-nc
253546772,2024-11-29,40.551,-74.531,54763,colored,research,False,cc-by-nc
253567404,2024-11-29,46.758,-71.214,49202,bare,research,False,cc-by-nc
253571320,2024-11-29,45.372,-75.795,54763,colored,research,False,cc-by-nc
253574292,2024-11-29,40.851,-73.648,54763,colored,research,False,cc-by-nc
253581950,2024-11-29,43.174,-77.525,54763,colored,research,False,cc-by
253657598,2024-11-29,45.411,-72.757,52543,bare,research,False,cc-by-nc
253657688,2024-11-29,45.411,-72.757,52543,bare,research,False,cc-by-nc
253657713,2024-11-29,45.411,-72.757,49005,bare,research,False,cc-by-nc
254469072,2024-11-29,41.758,-72.982,49202,bare,research,False,cc-by-nc
259861903,2024-11-29,41.709,-73.683,49005,colored,needs_id,False,cc-by-nc
253631126,2024-11-30,39.084,-77.108,48098,bare,research,False,cc-by-nc
253632038,2024-11-30,45.76,-72.703,52543,bare,research,False,cc-by-nc
253637783,2024-11-30,40.852,-73.961,54763,colored,research,False,cc-by-nc
253675296,2024-11-30,38.767,-76.715,49202,bare,research,False,cc-by-nc
253692114,2024-11-30,43.193,-77.513,48098,colored,research,False,cc-by
254040217,2024-11-30,46.804,-78.988,48098,bare,research,False,cc-by-nc
254266503,2024-11-30,40.82,-73.988,54763,colored,research,False,cc-by-nc
310766885,2025-09-01,43.152,-71.211,49005,green,needs_id,False,cc-by-nc
310847791,2025-09-01,38.515,-79.577,48098,green,research,False,cc-by-nc
310855854,2025-09-01,43.971,-70.687,49202,green,research,False,cc-by-nc
310876676,2025-09-01,43.1,-71.929,49005,green,needs_id,False,cc-by-nc
310893886,2025-09-01,44.308,-72.445,48098,green,needs_id,False,cc0
310999867,2025-09-01,39.75,-79.392,54795,green,research,False,cc-by-nc
311022753,2025-09-01,43.23,-76.214,48098,green,needs_id,False,cc-by-nc
311790197,2025-09-01,42.489,-71.887,48098,colored,needs_id,False,cc-by-nc
311990859,2025-09-01,42.611,-71.966,48098,green,research,False,cc-by-nc
331850812,2025-09-01,42.07,-70.199,48098,green,research,False,cc-by-nc
331850823,2025-09-01,42.07,-70.199,54795,green,research,False,cc-by-nc
311032507,2025-09-02,42.558,-70.843,49005,green,needs_id,False,cc-by-nc
311046546,2025-09-02,43.135,-70.947,49005,green,needs_id,False,cc-by-nc
311048375,2025-09-02,43.135,-70.947,49005,green,needs_id,False,cc-by-nc
311066467,2025-09-02,43.135,-70.947,52543,green,research,False,cc-by-nc
311085595,2025-09-02,43.136,-70.935,49005,green,needs_id,False,cc-by-nc
311085682,2025-09-02,43.136,-70.935,49005,green,needs_id,False,cc-by-nc
311085914,2025-09-02,43.136,-70.935,49005,green,needs_id,False,cc-by-nc
311093947,2025-09-02,45.908,-74.266,48098,green,research,False,cc-by
311098779,2025-09-02,43.135,-70.952,48098,green,research,False,cc-by-nc
311099593,2025-09-02,43.136,-70.953,52543,green,research,False,cc-by-nc
311114592,2025-09-02,41.533,-73.098,54763,green,research,False,cc-by-nc
311119915,2025-09-02,43.919,-73.071,49005,green,research,False,cc-by-nc
311122155,2025-09-02,41.733,-71.405,48098,green,research,False,cc-by-nc
311123315,2025-09-02,43.134,-70.949,49005,green,needs_id,False,cc-by-nc
311126350,2025-09-02,39.279,-77.397,54802,green,needs_id,False,cc-by-nc
311127233,2025-09-02,39.283,-77.386,54795,green,research,False,cc-by-nc
311128036,2025-09-02,39.281,-77.381,48098,green,needs_id,False,cc-by-nc
311133983,2025-09-02,41.526,-73.163,52543,green,research,False,cc-by-nc
311150501,2025-09-02,45.76,-73.519,49202,green,research,False,cc-by-nc
311168612,2025-09-02,43.174,-77.525,54795,colored,research,False,cc-by
312275242,2025-09-02,40.723,-77.784,54802,colored,needs_id,False,cc-by-nc
312740964,2025-09-02,44.397,-68.225,49005,green,research,False,cc-by
315666287,2025-09-02,42.058,-71.078,48098,green,needs_id,False,cc-by-nc
330013760,2025-09-02,42.558,-70.843,48098,green,needs_id,False,cc-by-nc
330036795,2025-09-02,42.56,-70.842,48098,green,needs_id,False,cc-by-nc
333765609,2025-09-02,45.499,-73.577,54763,green,research,False,cc-by
351554293,2025-09-02,44.363,-68.208,49005,green,research,False,cc-by-nc
311269949,2025-09-03,43.137,-70.948,48098,colored,research,False,cc-by-nc
311302677,2025-09-03,43.136,-70.946,52543,green,research,False,cc-by-nc
311319098,2025-09-03,38.786,-77.3,54802,green,needs_id,False,cc-by-nc
311338249,2025-09-03,43.137,-70.946,49202,green,research,False,cc-by-nc
311338575,2025-09-03,43.137,-70.946,48098,colored,research,False,cc-by-nc
311339824,2025-09-03,40.9,-73.871,49658,green,research,False,cc-by-nc
311368193,2025-09-03,45.694,-73.832,48098,green,research,False,cc-by-nc
311667967,2025-09-03,39.615,-79.829,49202,green,research,False,cc-by-nc
311846555,2025-09-03,39.615,-79.829,54795,green,research,False,cc-by-nc
311917853,2025-09-03,39.348,-76.37,54802,green,research,False,cc0
312021328,2025-09-03,45.516,-73.521,49005,green,research,False,cc-by-nc
312088082,2025-09-03,39.625,-79.824,48098,green,needs_id,False,cc-by-nc
312750006,2025-09-03,42.36,-71.217,48098,green,needs_id,False,cc-by-nc
323434410,2025-09-03,45.317,-75.736,49005,green,research,False,cc-by-nc
333768942,2025-09-03,45.502,-73.584,54763,green,research,False,cc-by
333768981,2025-09-03,45.502,-73.584,54763,green,research,False,cc-by
333771407,2025-09-03,45.459,-73.639,49005,green,research,False,cc-by
311488999,2025-09-04,38.921,-77.052,49202,green,research,False,cc-by-nc
311545177,2025-09-04,43.135,-70.95,48098,green,research,False,cc-by-nc
311547582,2025-09-04,40.869,-73.878,54795,green,research,False,cc-by-nc
311606335,2025-09-04,40.238,-74.799,54795,green,research,False,cc-by
311606417,2025-09-04,40.238,-74.799,54763,green,research,False,cc-by
311709914,2025-09-04,42.64,-72.085,48098,green,needs_id,False,cc-by-nc
311937817,2025-09-04,42.537,-72.307,48098,green,needs_id,False,cc-by-nc
329413752,2025-09-04,40.446,-79.953,48098,green,research,False,cc-by-nc
311739884,2025-09-05,41.052,-73.701,54763,green,research,False,cc-by-nc
311772223,2025-09-05,38.844,-77.461,49658,colored,research,False,cc-by-nc
311795783,2025-09-05,41.213,-74.12,54802,colored,needs_id,False,cc-by-nc
313175314,2025-09-05,41.053,-73.701,52543,green,needs_id,False,cc-by-nc
317554422,2025-09-05,41.777,-70.503,48098,green,needs_id,False,cc-by-nc
317561505,2025-09-05,45.758,-73.627,48098,green,research,False,cc-by
325363714,2025-09-05,43.883,-74.625,48098,green,needs_id,False,cc-by-nc
325363719,2025-09-05,43.882,-74.627,48098,green,needs_id,False,cc-by-nc
311978262,2025-09-06,40.8,-77.868,54802,green,needs_id,False,cc-by-nc
312036830,2025-09-06,42.224,-70.811,49202,green,research,False,cc0
312053864,2025-09-06,45.966,-77.462,52543,green,research,False,cc-by-nc
312067318,2025-09-06,40.68,-74.38,54795,green,research,False,cc-by-nc
312085577,2025-09-06,38.838,-75.899,54795,green,research,False,cc-by-nc
316565180,2025-09-06,40.813,-72.891,48098,green,research,False,cc-by-nc
316567214,2025-09-06,40.813,-72.891,54802,green,research,False,cc-by-nc
317555112,2025-09-06,41.776,-70.503,48098,green,research,False,cc-by-nc
326633395,2025-09-06,43.134,-80.373,54763,green,research,False,cc-by-nc
326633446,2025-09-06,43.134,-80.373,54763,green,research,False,cc-by-nc
331612254,2025-09-06,46.091,-77.472,48098,green,research,False,cc-by-nc
312213209,2025-09-07,40.316,-80.014,49202,green,research,False,cc-by-nc
312241125,2025-09-07,42.404,-71.643,48098,green,needs_id,False,cc-by-nc
312242785,2025-09-07,42.404,-71.643,48098,green,needs_id,False,cc-by-nc
312265874,2025-09-07,41.734,-70.041,49202,green,research,False,cc-by-nc
312280911,2025-09-07,40.674,-77.901,54795,colored,research,False,cc-by-nc
312281246,2025-09-07,40.674,-77.901,48098,colored,needs_id,False,cc-by-nc
312282360,2025-09-07,41.537,-74.9,49005,green,needs_id,False,cc-by-nc
312293507,2025-09-07,42.676,-71.603,48098,green,research,False,cc-by-nc
312318337,2025-09-07,40.029,-75.845,49202,green,research,False,cc-by-nc
312319307,2025-09-07,40.029,-75.846,48098,green,research,False,cc-by-nc
312384280,2025-09-07,41.774,-73.413,49005,green,needs_id,False,cc-by-nc
312554156,2025-09-07,44.278,-72.261,48098,colored,needs_id,False,cc0
312593353,2025-09-07,45.576,-72.87,52543,green,needs_id,False,cc-by-nc
312593440,2025-09-07,45.577,-72.874,52543,green,needs_id,False,cc-by-nc
312593452,2025-09-07,45.576,-72.875,49202,green,research,False,cc-by-nc
312593463,2025-09-07,45.575,-72.876,52543,green,needs_id,False,cc-by-nc
312593554,2025-09-07,45.572,-72.88,52543,green,research,False,cc-by-nc
313038627,2025-09-07,45.571,-72.881,52543,green,needs_id,False,cc-by-nc
313038641,2025-09-07,45.571,-72.882,49202,green,research,False,cc-by-nc
313237797,2025-09-07,45.567,-72.887,49202,green,research,False,cc-by-nc
313237813,2025-09-07,45.567,-72.887,48098,green,research,False,cc-by-nc
313238230,2025-09-07,45.566,-72.881,49005,green,needs_id,False,cc-by-nc
313238240,2025-09-07,45.566,-72.881,52543,green,research,False,cc-by-nc
313238243,2025-09-07,45.567,-72.88,49202,green,research,False,cc-by-nc
313238249,2025-09-07,45.567,-72.88,52543,green,research,False,cc-by-nc
313238276,2025-09-07,45.571,-72.878,52543,green,research,False,cc-by-nc
313238330,2025-09-07,45.573,-72.873,52543,green,research,False,cc-by-nc
313333558,2025-09-07,44.244,-76.48,49005,green,research,False,cc-by-nc
324223995,2025-09-07,41.729,-74.234,54802,green,research,False,cc-by-nc
337391183,2025-09-07,43.291,-73.287,52543,green,needs_id,False,cc-by-nc
312449353,2025-09-08,41.145,-73.926,48098,green,research,False,cc-by-nc
312541770,2025-09-08,38.771,-75.147,49658,green,research,False,cc-by-nc
312563465,2025-09-08,42.404,-71.644,48098,green,needs_id,False,cc-by-nc
312569170,2025-09-08,42.401,-71.647,54802,green,needs_id,False,cc-by-nc
312603510,2025-09-08,45.711,-73.742,48098,colored,research,False,cc-by-nc
312689892,2025-09-08,40.209,-74.096,54802,green,research,False,cc0
312705073,2025-09-08,41.701,-70.356,54763,green,needs_id,False,cc-by-nc
312711558,2025-09-08,39.959,-74.921,54802,green,research,False,cc-by-nc
320547926,2025-09-08,47.061,-79.767,48098,green,research,False,cc-by
324508149,2025-09-08,45.638,-73.333,48098,colored,research,False,cc-by
324509713,2025-09-08,45.637,-73.333,48098,green,research,False,cc-by
324509714,2025-09-08,45.637,-73.333,48098,colored,research,False,cc-by
324511551,2025-09-08,45.639,-73.333,48098,colored,research,False,cc-by
312667717,2025-09-09,41.7,-70.355,48098,green,needs_id,False,cc-by-nc
312705836,2025-09-09,40.802,-77.868,54763,green,research,False,cc-by-nc
312721267,2025-09-09,38.756,-77.101,54795,green,research,False,cc-by-nc
312721551,2025-09-09,38.75,-77.106,54795,green,research,False,cc-by-nc
312723144,2025-09-09,42.601,-71.806,48098,green,needs_id,False,cc-by-nc
312724431,2025-09-09,42.601,-71.806,54763,green,research,False,cc-by-nc
312739112,2025-09-09,41.321,-75.958,48098,green,needs_id,False,cc-by-nc
312746340,2025-09-09,41.32,-75.957,48098,green,needs_id,False,cc-by-nc
312788449,2025-09-09,44.797,-71.852,52543,green,needs_id,False,cc-by-nc
312986752,2025-09-09,43.84,-71.224,49005,green,needs_id,False,cc-by-nc
312883540,2025-09-10,41.894,-70.757,48098,green,needs_id,False,cc-by-nc
312903169,2025-09-10,38.859,-77.269,49202,green,needs_id,False,cc-by-nc
312945714,2025-09-10,42.602,-71.805,54763,green,research,False,cc-by-nc
312946098,2025-09-10,42.602,-71.806,48098,green,research,False,cc-by-nc
312946183,2025-09-10,42.602,-71.806,54763,green,research,False,cc-by-nc
312948597,2025-09-10,42.554,-73.212,48098,green,research,False,cc-by-nc
312956956,2025-09-10,40.768,-73.975,49202,green,research,False,cc-by-nc
312963349,2025-09-10,42.743,-70.797,48098,green,needs_id,False,cc-by-nc
312966394,2025-09-10,42.26,-72.568,48098,green,needs_id,False,cc-by-nc
312979989,2025-09-10,40.9,-73.877,54795,green,research,False,cc-by-nc
312985417,2025-09-10,40.972,-73.744,49658,green,research,False,cc-by-nc
313005415,2025-09-10,41.677,-70.069,48098,green,needs_id,False,cc-by-nc
313037710,2025-09-10,44.405,-68.595,49202,green,research,False,cc-by-nc
313037731,2025-09-10,44.378,-68.56,49005,green,needs_id,False,cc-by-nc
314245348,2025-09-10,45.396,-72.726,52543,green,needs_id,False,cc-by-nc
314607379,2025-09-10,39.723,-80.114,49202,green,research,False,cc-by-nc
314607381,2025-09-10,39.723,-80.114,54795,green,research,False,cc-by-nc
330973717,2025-09-10,42.082,-75.964,49005,green,needs_id,False,cc-by-nc
313086995,2025-09-11,40.997,-73.805,54795,green,research,False,cc-by-nc
313101912,2025-09-11,42.102,-71.045,48098,green,needs_id,False,cc-by-nc
313110756,2025-09-11,41.053,-73.701,52543,green,needs_id,False,cc-by-nc
313159547,2025-09-11,42.605,-71.81,48098,green,needs_id,False,cc-by-nc
313176607,2025-09-11,41.888,-70.78,54763,green,research,False,cc-by-sa
313481923,2025-09-11,45.356,-75.673,52543,green,research,False,cc-by-nc
314796199,2025-09-11,45.356,-75.675,49202,green,research,False,cc-by-nc
315035151,2025-09-11,45.277,-72.665,52543,green,needs_id,False,cc-by-nc
315036002,2025-09-11,45.355,-75.673,52543,green,research,False,cc-by-nc
315873395,2025-09-11,42.667,-72.482,48098,green,research,False,cc-by-nc
329413763,2025-09-11,40.446,-79.953,48098,green,research,False,cc-by-nc
313324063,2025-09-12,40.762,-73.059,54802,colored,research,False,cc-by-nc
313367014,2025-09-12,41.857,-70.531,54795,bare,research,False,cc-by-nc
313394793,2025-09-12,42.383,-71.446,54763,green,needs_id,False,cc-by-nc
313430674,2025-09-12,41.417,-78.75,54795,green,research,False,cc-by-nc
313707666,2025-09-12,38.972,-76.949,49202,green,research,False,cc-by-nc
315045148,2025-09-12,45.404,-72.705,52543,green,needs_id,False,cc-by-nc
315045160,2025-09-12,45.404,-72.705,54763,green,research,False,cc-by-nc
315281125,2025-09-12,45.415,-72.684,49005,green,needs_id,False,cc-by-nc
315281136,2025-09-12,45.415,-72.684,48098,green,needs_id,False,cc-by-nc
315281149,2025-09-12,45.415,-72.684,49005,green,needs_id,False,cc-by-nc
315281187,2025-09-12,45.416,-72.683,48098,green,needs_id,False,cc-by-nc
315281249,2025-09-12,45.416,-72.68,48098,green,needs_id,False,cc-by-nc
315281292,2025-09-12,45.416,-72.68,48098,green,needs_id,False,cc-by-nc
315281340,2025-09-12,45.416,-72.682,52543,green,needs_id,False,cc-by-nc
315333991,2025-09-12,45.413,-72.686,52543,green,needs_id,False,cc-by-nc
315334416,2025-09-12,45.415,-72.684,48098,green,research,False,cc-by-nc
315570162,2025-09-12,45.406,-72.67,54763,green,research,False,cc-by-nc
315570163,2025-09-12,45.406,-72.67,48098,green,research,False,cc-by-nc
315570192,2025-09-12,45.406,-72.67,48098,green,needs_id,False,cc-by-nc
315570231,2025-09-12,45.407,-72.67,48098,green,needs_id,False,cc-by-nc
315570388,2025-09-12,45.407,-72.67,48098,green,needs_id,False,cc-by-nc
315570451,2025-09-12,45.408,-72.67,48098,green,research,False,cc-by-nc
316589961,2025-09-12,39.497,-74.531,54795,green,research,False,cc-by-nc-nd
331596027,2025-09-12,42.457,-71.124,54795,green,research,False,cc-by-nc
313535649,2025-09-13,42.096,-72.16,54795,green,research,False,cc0
313594582,2025-09-13,43.838,-71.375,49202,green,research,False,cc-by-nc
313612001,2025-09-13,42.465,-71.35,54763,green,needs_id,False,cc-by-nc
313628140,2025-09-13,41.065,-73.835,49202,green,research,False,cc-by-nc
313638993,2025-09-13,40.664,-77.911,49202,green,research,False,cc-by-nc
313658785,2025-09-13,44.406,-72.421,48098,colored,needs_id,False,cc0
313658810,2025-09-13,44.406,-72.421,49202,colored,needs_id,False,cc0
313660221,2025-09-13,40.757,-74.29,49202,green,research,False,cc-by-nc
313677527,2025-09-13,44.477,-73.183,49202,green,research,False,cc-by-nc
313686329,2025-09-13,44.207,-71.252,48098,colored,research,False,cc-by-nc
313703590,2025-09-13,39.088,-76.927,49202,green,research,False,cc-by-nc
313706095,2025-09-13,39.995,-77.322,54802,green,research,False,cc-by-nc
313706444,2025-09-13,40.351,-76.944,49202,green,research,False,cc-by-nc
313752063,2025-09-13,42.627,-73.144,49005,green,needs_id,False,cc-by-nc
314088233,2025-09-13,45.355,-79.298,49202,green,research,False,cc-by-nc
314381569,2025-09-13,42.464,-71.351,54763,green,research,False,cc-by-nc
314390653,2025-09-13,41.413,-74.011,54802,green,needs_id,False,cc-by-nc
314481899,2025-09-13,44.458,-78.13,52543,green,research,False,cc-by
314797343,2025-09-13,40.753,-74.183,49005,green,research,False,cc-by-nc
314797365,2025-09-13,40.753,-74.183,49005,green,research,False,cc-by-nc
316208177,2025-09-13,42.292,-71.63,54763,green,needs_id,False,cc-by-nc-sa
335277702,2025-09-13,45.488,-75.624,49005,green,research,False,cc-by-nc
335279682,2025-09-13,45.488,-75.626,52543,green,research,False,cc-by-nc
337833416,2025-09-13,46.164,-72.509,49202,green,research,False,cc-by-nc
338946175,2025-09-13,46.163,-72.509,48098,green,research,False,cc-by-nc
338951902,2025-09-13,46.164,-72.509,48098,colored,research,False,cc-by-nc
338952116,2025-09-13,46.164,-72.509,48098,colored,research,False,cc-by-nc
339072215,2025-09-13,46.164,-72.51,49005,colored,research,False,cc-by-nc
339072344,2025-09-13,46.163,-72.51,49202,green,research,False,cc-by-nc
339076261,2025-09-13,46.163,-72.511,49202,green,research,False,cc-by-nc
313857748,2025-09-14,41.361,-77.627,49202,green,research,False,cc0
313873268,2025-09-14,44.705,-68.487,48098,green,research,False,cc-by-nc
313915948,2025-09-14,40.849,-74.248,49202,green,research,False,cc-by-nc
313921962,2025-09-14,38.655,-78.314,49005,green,research,False,cc-by-nc
313924148,2025-09-14,38.654,-78.313,54795,green,research,False,cc-by-nc
313930893,2025-09-14,42.383,-71.416,54763,green,needs_id,False,cc-by-nc
313969157,2025-09-14,40.596,-73.74,54763,green,research,False,cc0
313984672,2025-09-14,43.205,-79.79,52543,green,needs_id,False,cc-by-nc-sa
313989649,2025-09-14,42.244,-70.788,49005,green,needs_id,False,cc0
314006115,2025-09-14,43.158,-77.48,52543,colored,research,False,cc-by
314252797,2025-09-14,38.766,-77.027,49658,green,research,False,cc-by
314311322,2025-09-14,38.774,-75.088,54795,green,research,False,cc0
322506135,2025-09-14,44.778,-76.189,52543,green,research,False,cc-by-nc
314195903,2025-09-15,40.918,-72.87,54795,colored,research,False,cc-by-nc
314212450,2025-09-15,41.964,-71.179,54763,green,research,False,cc-by-nc
314253445,2025-09-15,45.647,-73.934,49202,green,research,False,cc-by-nc
314254167,2025-09-15,45.646,-73.933,49005,green,research,False,cc-by-nc
314255055,2025-09-15,45.648,-73.936,49202,green,research,False,cc-by-nc
314255778,2025-09-15,45.649,-73.938,52543,green,research,False,cc-by-nc
314256248,2025-09-15,45.649,-73.938,49005,green,research,False,cc-by-nc
314256536,2025-09-15,44.391,-79.538,49202,green,research,False,cc-by-nc
314257609,2025-09-15,43.175,-77.526,54795,colored,research,False,cc-by
314313477,2025-09-15,43.071,-77.818,54763,green,research,False,cc-by-nc-nd
314890680,2025-09-15,42.707,-72.319,48098,green,research,False,cc-by-nc
315671707,2025-09-15,45.504,-77.576,49202,colored,research,False,cc-by-nc
315781360,2025-09-15,42.523,-70.881,54763,green,research,False,cc-by-nc
316741871,2025-09-15,45.388,-72.719,48098,green,needs_id,False,cc-by-nc
316741872,2025-09-15,45.388,-72.719,52543,green,needs_id,False,cc-by-nc
324907051,2025-09-15,40.794,-73.961,54802,green,needs_id,False,cc-by-nc
314361039,2025-09-16,41.724,-70.948,54763,green,research,False,cc-by-nc
314365816,2025-09-16,42.451,-71.544,54763,green,needs_id,False,cc-by-nc
314372110,2025-09-16,40.789,-77.858,49202,colored,research,False,cc-by-nc
314413672,2025-09-16,43.675,-70.463,49202,green,research,False,cc-by-nc
314456146,2025-09-16,43.173,-76.404,49202,green,research,False,cc-by-nc
314489571,2025-09-16,43.123,-77.516,52543,colored,research,False,cc-by
314489604,2025-09-16,43.123,-77.515,52543,colored,research,False,cc-by
315527398,2025-09-16,42.717,-73.879,48098,green,needs_id,False,cc-by-sa
315666400,2025-09-16,42.122,-71.211,48098,colored,research,False,cc-by-nc
317339226,2025-09-16,45.448,-72.804,48098,green,research,False,cc-by-nc
317339415,2025-09-16,45.448,-72.804,49202,green,research,False,cc-by-nc
319035333,2025-09-16,43.5,-72.097,48098,colored,research,False,cc-by
330973718,2025-09-16,42.093,-75.969,49005,green,needs_id,False,cc-by-nc
337612617,2025-09-16,44.359,-72.5,48098,colored,research,False,cc-by-nc
314586371,2025-09-17,44.328,-68.251,48098,colored,research,False,cc-by-nc
314642413,2025-09-17,44.353,-72.563,48098,colored,needs_id,False,cc0
314649953,2025-09-17,40.903,-73.875,54763,green,research,False,cc-by-nc
314649982,2025-09-17,40.903,-73.874,54763,green,research,False,cc-by-nc
314662561,2025-09-17,40.442,-79.967,54763,green,research,False,cc-by-nc
314890291,2025-09-17,41.427,-74.063,49202,green,research,False,cc-by-nc
314895632,2025-09-17,42.625,-72.379,48098,green,research,False,cc-by-nc
316204638,2025-09-17,41.73,-73.935,54763,green,research,False,cc-by-nc
316587545,2025-09-17,42.981,-76.361,54763,green,research,False,cc-by
317344725,2025-09-17,45.395,-72.725,48098,green,research,False,cc-by-nc
322230925,2025-09-17,44.213,-69.074,49202,green,research,False,cc-by-nc
314811184,2025-09-18,42.687,-73.889,49202,green,research,False,cc-by-nc
314811286,2025-09-18,39.402,-80.167,49202,green,research,False,cc-by-nc
314818000,2025-09-18,43.537,-80.221,52543,green,research,False,cc-by-nc
314849601,2025-09-18,41.965,-71.18,48098,green,needs_id,False,cc-by-nc
314853117,2025-09-18,45.73,-74.277,49202,green,research,False,cc-by-nc
314894933,2025-09-18,42.155,-77.065,54763,green,research,False,cc-by-nc
314919802,2025-09-18,43.173,-77.525,54795,colored,research,False,cc-by
315014549,2025-09-18,42.336,-71.169,54763,green,research,False,cc-by-nc
315152586,2025-09-18,42.962,-77.432,49202,green,research,False,cc-by-nc-nd
316170377,2025-09-18,44.474,-73.103,48098,colored,research,False,cc-by-nc
321474068,2025-09-18,42.24,-71.115,48098,colored,needs_id,False,cc-by-nc
315106937,2025-09-19,42.58,-71.971,54763,green,needs_id,False,cc-by-nc
315214661,2025-09-19,42.675,-72.324,48098,green,needs_id,False,cc-by-nc
315214839,2025-09-19,42.675,-72.324,48098,green,needs_id,False,cc-by-nc
315362539,2025-09-19,43.211,-73.052,52543,green,needs_id,False,cc-by-nc
315362558,2025-09-19,43.211,-73.052,49005,green,needs_id,False,cc-by-nc
315364692,2025-09-19,42.539,-71.51,54763,green,research,False,cc0
317352203,2025-09-19,45.399,-72.727,49005,green,needs_id,False,cc-by-nc
317352205,2025-09-19,45.399,-72.727,52543,green,research,False,cc-by-nc
315234153,2025-09-20,38.992,-76.559,54802,colored,research,False,cc-by-nc
315294548,2025-09-20,40.839,-73.044,54795,green,research,False,cc-by-nc
315301145,2025-09-20,42.37,-71.12,48098,green,needs_id,False,cc-by-nc
315315458,2025-09-20,40.115,-74.872,49658,green,research,False,cc-by-nc
315325423,2025-09-20,45.958,-74.181,48098,green,needs_id,False,cc-by-nc
315326623,2025-09-20,39.018,-76.933,49202,green,research,False,cc-by
315353431,2025-09-20,38.895,-76.541,49202,green,research,False,cc-by-nc
315370608,2025-09-20,42.38,-71.434,48098,green,needs_id,False,cc-by-nc
315370849,2025-09-20,42.381,-71.439,54763,green,research,False,cc-by-nc
315386335,2025-09-20,43.523,-80.491,52543,colored,needs_id,False,cc-by-nc
315397743,2025-09-20,40.743,-74.178,49005,green,needs_id,False,cc-by-nc
315489857,2025-09-20,42.368,-71.121,48098,green,research,False,cc-by-nc
315516735,2025-09-20,39.071,-79.413,49202,green,research,False,cc-by-nc
315553354,2025-09-20,45.912,-68.874,48098,colored,research,False,cc-by-nc
370523014,2025-09-20,40.13,-77.09,54795,colored,research,False,cc-by-nc
315550140,2025-09-21,41.238,-74.596,49202,green,research,False,cc-by-nc
315566404,2025-09-21,39.047,-76.515,54795,green,research,False,cc-by-nc
315568805,2025-09-21,39.048,-76.514,49005,green,needs_id,False,cc-by-nc
315579971,2025-09-21,42.342,-71.425,48098,green,needs_id,False,cc-by-nc
315580963,2025-09-21,42.46,-71.22,48098,green,needs_id,False,cc-by-nc
315582959,2025-09-21,40.013,-76.65,54795,green,research,False,cc-by-nc
315587801,2025-09-21,41.661,-70.625,54763,colored,needs_id,False,cc-by-nc
315607163,2025-09-21,45.96,-74.19,48098,colored,research,False,cc-by-nc
315634782,2025-09-21,45.292,-75.71,48098,green,research,False,cc-by-sa
315651632,2025-09-21,39.048,-76.514,49005,green,needs_id,False,cc-by-nc
315652018,2025-09-21,39.048,-76.519,49658,green,research,False,cc-by-nc
315659538,2025-09-21,38.555,-75.144,54802,green,needs_id,False,cc-by-nc
316553307,2025-09-21,41.727,-73.577,54795,green,research,False,cc-by-nc
317354133,2025-09-21,45.231,-72.392,52543,green,research,False,cc-by-nc
319133960,2025-09-21,43.51,-72.101,48098,colored,research,False,cc-by
320747380,2025-09-21,40.429,-74.471,48098,green,research,False,cc-by-nc
324751743,2025-09-21,46.8,-71.218,54763,green,research,False,cc-by-nc
332047093,2025-09-21,45.51,-75.333,48098,green,research,False,cc-by-nc
315829898,2025-09-22,38.859,-77.27,49202,bare,needs_id,False,cc-by-nc
315844633,2025-09-22,42.367,-71.258,54763,green,research,False,cc-by-nc
315869971,2025-09-22,41.964,-71.18,48098,green,research,False,cc-by-nc
315872309,2025-09-22,41.965,-71.179,54763,green,needs_id,False,cc-by-nc
315879023,2025-09-22,41.964,-71.181,54763,green,needs_id,False,cc-by-nc
315946724,2025-09-22,43.193,-77.513,54795,colored,research,False,cc-by
315953328,2025-09-22,42.126,-72.79,54763,green,needs_id,False,cc-by-nc
316047552,2025-09-22,41.039,-74.547,49202,green,research,False,cc-by-nc
376542369,2025-09-22,41.159,-73.783,48098,green,research,False,cc-by-nc
316057150,2025-09-23,42.2,-71.096,54795,green,research,False,cc-by-nc
316077653,2025-09-23,45.916,-68.598,49202,green,research,False,cc-by-nc
316079196,2025-09-23,41.964,-71.179,54763,green,needs_id,False,cc-by-nc
316085699,2025-09-23,41.32,-75.956,54795,colored,research,False,cc-by-nc
316085713,2025-09-23,41.32,-75.956,54795,green,research,False,cc-by-nc
316128384,2025-09-23,42.061,-71.078,54763,colored,needs_id,False,cc-by-nc
316190529,2025-09-23,41.499,-71.251,48098,green,research,False,cc-by-nc
333695448,2025-09-23,44.297,-69.011,49005,green,needs_id,False,cc-by-nc
316366223,2025-09-24,43.539,-80.216,49202,green,research,False,cc-by-nc
316366312,2025-09-24,43.539,-80.216,48098,green,needs_id,False,cc-by-nc
316384379,2025-09-24,45.372,-76.905,48098,colored,needs_id,False,cc-by-nc
316422023,2025-09-24,43.513,-80.221,49202,green,research,False,cc-by-nc
316539777,2025-09-24,38.859,-77.269,49202,bare,research,False,cc-by-nc
316574540,2025-09-24,41.229,-74.086,49202,green,research,False,cc-by-nc
317442035,2025-09-24,38.617,-77.295,49658,green,research,False,cc-by-nc
318625889,2025-09-24,45.434,-72.475,52543,green,needs_id,False,cc-by-nc
318629566,2025-09-24,45.432,-72.476,48098,colored,research,False,cc-by-nc
319264833,2025-09-24,45.432,-72.477,49202,green,research,False,cc-by-nc
319270380,2025-09-24,45.431,-72.479,48098,colored,research,False,cc-by-nc
319270445,2025-09-24,45.429,-72.481,48098,colored,research,False,cc-by-nc
319270509,2025-09-24,45.43,-72.483,49202,green,research,False,cc-by-nc
333869675,2025-09-24,40.822,-74.614,49658,green,research,False,cc-by-nc
316564272,2025-09-25,40.9,-73.872,54795,colored,research,False,cc-by-nc
316573600,2025-09-25,40.898,-73.876,54763,green,research,False,cc-by-nc
316578412,2025-09-25,38.882,-77.282,54795,green,research,False,cc-by-nc
316582260,2025-09-25,42.059,-71.078,48098,green,research,False,cc-by-nc
316590443,2025-09-25,42.343,-71.193,52543,colored,research,False,cc-by-nc
316653098,2025-09-25,43.193,-77.513,54795,colored,research,False,cc-by
328110672,2025-09-25,40.727,-73.618,54763,green,research,False,cc-by-nc
329413779,2025-09-25,40.446,-79.953,48098,green,research,False,cc-by-nc
360960280,2025-09-25,45.863,-68.674,48098,colored,needs_id,False,cc-by-nc
316726669,2025-09-26,38.92,-77.055,49202,green,research,False,cc0
316753577,2025-09-26,38.86,-77.269,54802,colored,research,False,cc-by-nc
316776241,2025-09-26,45.371,-76.905,52543,colored,needs_id,False,cc-by-nc
316776965,2025-09-26,45.371,-76.905,49005,green,needs_id,False,cc-by-nc
316787341,2025-09-26,42.369,-71.258,54763,green,research,False,cc-by-nc
316796826,2025-09-26,44.876,-66.932,48098,colored,research,False,cc-by-nc
316802054,2025-09-26,45.458,-75.771,54763,green,research,False,cc-by-nc
316806338,2025-09-26,38.518,-79.58,48098,green,research,False,cc-by-nc
316842575,2025-09-26,45.069,-72.88,52543,colored,research,False,cc-by-nc
316842639,2025-09-26,45.069,-72.881,49202,green,research,False,cc-by-nc
316874064,2025-09-26,42.37,-71.252,48098,green,needs_id,False,cc-by-nc
316980565,2025-09-26,41.756,-69.968,49005,green,research,False,cc-by-nc
317075469,2025-09-26,45.92,-68.763,52543,green,research,False,cc-by-nc
317120658,2025-09-26,42.366,-71.264,52543,green,needs_id,False,cc-by-nc
317167992,2025-09-26,44.421,-72.025,48098,colored,research,False,cc-by-nc
317830326,2025-09-26,41.706,-73.924,54763,green,research,False,cc-by-nc
319351151,2025-09-26,42.563,-70.858,48098,green,needs_id,False,cc-by
320754693,2025-09-26,41.68,-73.101,54763,green,needs_id,False,cc-by-nc
335892606,2025-09-26,40.892,-73.892,54795,green,research,False,cc-by-nc
316953776,2025-09-27,41.567,-73.948,54763,green,research,False,cc-by-nc
316956107,2025-09-27,41.567,-73.946,54763,green,research,False,cc-by-nc
316962660,2025-09-27,41.567,-73.947,54795,green,research,False,cc-by-nc
316985643,2025-09-27,43.547,-80.442,48098,green,research,False,cc-by-nc
317021485,2025-09-27,44.005,-77.126,48098,colored,needs_id,False,cc-by-nc
317030105,2025-09-27,42.719,-73.86,54795,colored,research,False,cc-by-nc
317030700,2025-09-27,42.014,-72.425,48098,green,research,False,cc-by-nc
317048533,2025-09-27,42.326,-71.165,54763,green,needs_id,False,cc-by-nc
317086744,2025-09-27,42.535,-73.091,48098,colored,research,False,cc-by-nc
317139636,2025-09-27,41.553,-73.521,48098,colored,needs_id,False,cc-by-nc
317167443,2025-09-27,40.122,-79.179,54795,green,research,False,cc-by-nc
317228962,2025-09-27,44.339,-72.358,52543,colored,research,False,cc-by
317405868,2025-09-27,38.948,-76.965,49658,green,research,False,cc-by-nc
317566210,2025-09-27,43.713,-74.124,48098,green,research,False,cc-by-nc
317820945,2025-09-27,44.655,-74.849,49202,green,research,False,cc-by-nc
332925319,2025-09-27,39.073,-77.182,49658,green,research,False,cc-by-nc
317277178,2025-09-28,39.381,-76.599,49202,green,research,False,cc-by-nc
317297076,2025-09-28,40.114,-74.987,49005,green,research,False,cc-by-nc
317309603,2025-09-28,40.399,-79.956,52543,green,research,False,cc-by
317315436,2025-09-28,42.119,-79.227,48098,colored,research,False,cc-by-nc
317373750,2025-09-28,46.755,-73.049,48098,green,research,False,cc-by-nc
317387715,2025-09-28,41.286,-80.087,48098,green,research,False,cc-by-nc
317398227,2025-09-28,40.825,-77.888,54795,colored,research,False,cc-by-nc
317433104,2025-09-28,43.194,-77.513,54795,colored,research,False,cc-by
317437476,2025-09-28,42.401,-71.202,48098,green,research,False,cc-by-nc
317439596,2025-09-28,42.337,-71.163,54763,green,needs_id,False,cc-by-nc
317514801,2025-09-28,42.372,-71.12,48098,green,needs_id,False,cc-by-nc
317589604,2025-09-28,45.629,-73.804,52543,colored,research,False,cc-by-nc
317734309,2025-09-28,44.317,-72.424,52543,colored,research,False,cc-by
317889931,2025-09-28,42.326,-71.525,54763,green,research,False,cc-by-nc
318472393,2025-09-28,42.114,-71.215,48098,green,research,False,cc-by-nc
320692481,2025-09-28,40.291,-74.062,48098,green,research,False,cc-by-nc
320789478,2025-09-28,44.457,-73.207,48098,colored,needs_id,False,cc-by-nc
323694966,2025-09-28,45.28,-78.798,48098,colored,research,False,cc-by-nc
327051790,2025-09-28,41.711,-73.929,54763,green,research,False,cc-by-nc
332963097,2025-09-28,38.982,-77.161,49202,green,research,False,cc-by-nc
332963100,2025-09-28,38.982,-77.161,49202,green,research,False,cc-by-nc
332963119,2025-09-28,38.982,-77.16,49202,green,research,False,cc-by-nc
332965102,2025-09-28,38.982,-77.16,49202,green,research,False,cc-by-nc
332965159,2025-09-28,38.98,-77.16,49202,green,research,False,cc-by-nc
333358756,2025-09-28,45.539,-73.435,52543,colored,research,False,cc-by-nc
335521146,2025-09-28,45.545,-73.439,54763,green,research,False,cc-by-nc
335524291,2025-09-28,45.547,-73.441,48098,colored,research,False,cc-by-nc
317604945,2025-09-29,40.214,-80.025,48098,colored,research,False,cc-by-nd
317617748,2025-09-29,40.901,-73.894,52543,green,needs_id,False,cc-by-nc
317634798,2025-09-29,43.962,-72.394,52543,colored,needs_id,False,cc0
317634852,2025-09-29,43.921,-72.37,49202,green,research,False,cc0
317636246,2025-09-29,43.89,-72.31,48098,colored,research,False,cc0
317636515,2025-09-29,43.89,-72.31,49202,green,research,False,cc0
317636533,2025-09-29,43.889,-72.303,48098,colored,needs_id,False,cc0
317650837,2025-09-29,38.92,-77.054,49202,green,research,False,cc0
317657814,2025-09-29,44.469,-73.637,49202,green,research,False,cc-by-nc
317743768,2025-09-29,42.441,-71.337,54763,green,needs_id,False,cc-by-nc
317809992,2025-09-29,40.798,-77.842,52543,green,needs_id,False,cc-by-nc
317761035,2025-09-30,38.859,-77.27,49202,bare,research,False,cc-by-nc
317766630,2025-09-30,40.825,-73.47,54763,green,research,False,cc-by-nc
317769566,2025-09-30,42.366,-71.264,52543,green,needs_id,False,cc-by-nc
317772787,2025-09-30,42.366,-71.265,52543,green,needs_id,False,cc-by-nc
317773829,2025-09-30,42.366,-71.265,52543,green,needs_id,False,cc-by-nc
317773980,2025-09-30,42.366,-71.264,52543,colored,needs_id,False,cc-by-nc
317778073,2025-09-30,42.367,-71.265,48098,green,needs_id,False,cc-by-nc
317778201,2025-09-30,44.36,-78.295,49005,green,research,False,cc-by-nc
317780106,2025-09-30,42.366,-71.263,52543,colored,research,False,cc-by-nc
317781850,2025-09-30,42.366,-71.265,48098,green,needs_id,False,cc-by-nc
317781867,2025-09-30,42.366,-71.264,52543,green,needs_id,False,cc-by-nc
317781879,2025-09-30,42.366,-71.263,52543,green,needs_id,False,cc-by-nc
317781885,2025-09-30,42.366,-71.263,52543,green,needs_id,False,cc-by-nc
317781891,2025-09-30,42.366,-71.264,52543,green,needs_id,False,cc-by-nc
317783097,2025-09-30,42.365,-71.264,48098,bare,needs_id,False,cc-by-nc
317783310,2025-09-30,42.366,-71.263,54763,green,needs_id,False,cc-by-nc
317840424,2025-09-30,42.332,-71.158,48098,green,needs_id,False,cc-by-nc
317859254,2025-09-30,46.676,-73.016,49005,green,research,False,cc-by-nc
317880081,2025-09-30,39.635,-77.452,49202,bare,research,False,cc-by-nc
317881112,2025-09-30,39.635,-77.453,49005,green,needs_id,False,cc-by-nc
317881421,2025-09-30,39.635,-77.453,54802,colored,research,False,cc-by-nc
317888357,2025-09-30,42.175,-71.055,54795,green,research,False,cc-by-nc
317902582,2025-09-30,39.635,-77.451,54802,colored,research,False,cc-by-nc
317903725,2025-09-30,39.646,-77.454,52543,colored,needs_id,False,cc-by-nc
317909416,2025-09-30,42.443,-71.082,48098,green,research,False,cc-by-nc
318107520,2025-09-30,44.427,-68.366,48098,colored,research,False,cc-by-nc
318609996,2025-09-30,46.237,-74.461,48098,colored,research,False,cc-by-nc
319177637,2025-09-30,42.367,-71.256,54763,green,research,False,cc-by-nc
322324142,2025-09-30,41.43,-72.286,49005,green,research,False,cc-by-nc
322324144,2025-09-30,41.429,-72.286,48098,green,research,False,cc-by-nc
334139345,2025-09-30,45.585,-73.529,52543,green,research,False,cc-by
317970873,2025-10-01,39.117,-77.566,49202,green,research,False,cc-by-nc
318018999,2025-10-01,39.124,-77.535,49202,green,research,False,cc-by-nc
318052413,2025-10-01,38.938,-77.35,48098,green,research,False,cc-by-nc
318074475,2025-10-01,44.062,-78.407,52543,colored,research,False,cc-by-nc
318304970,2025-10-01,44.104,-69.522,52543,colored,research,False,cc-by-nc
318334975,2025-10-01,39.638,-79.817,54802,green,research,False,cc-by-nc
318335190,2025-10-01,39.638,-79.818,49202,green,research,False,cc-by-nc
318449806,2025-10-01,39.636,-79.816,54795,green,research,False,cc-by-nc
318450946,2025-10-01,39.653,-79.823,49005,green,research,False,cc-by-nc
320975422,2025-10-01,40.692,-74.016,54763,green,research,False,cc-by-nc
320975423,2025-10-01,40.692,-74.016,52543,green,needs_id,False,cc-by-nc
325198094,2025-10-01,39.983,-75.258,54763,green,research,False,cc-by-nc
318232408,2025-10-02,42.379,-71.113,48098,green,needs_id,False,cc-by-nc
318270905,2025-10-02,42.796,-71.663,54802,green,research,False,cc-by-nc
318276836,2025-10-02,40.294,-74.879,54795,green,research,False,cc-by-nc
318316374,2025-10-02,42.233,-71.123,54763,colored,needs_id,False,cc-by-nc
318317500,2025-10-02,42.233,-71.123,54763,colored,needs_id,False,cc-by-nc
318485182,2025-10-02,42.113,-72.548,54763,green,research,False,cc0
318403459,2025-10-03,43.469,-72.766,52543,colored,needs_id,False,cc-by-nc
318403525,2025-10-03,42.356,-72.722,48098,green,needs_id,False,cc-by-nc
318451636,2025-10-03,41.826,-74.152,49202,green,research,False,cc-by-nc
318477399,2025-10-03,38.752,-77.277,49202,green,research,False,cc-by-nc
318480611,2025-10-03,44.171,-78.09,48098,green,research,False,cc-by-nc
318484862,2025-10-03,40.898,-73.89,54763,green,research,False,cc-by-nc
318484928,2025-10-03,39.018,-77.406,48098,green,research,False,cc-by-nc
318501546,2025-10-03,44.992,-79.477,48098,green,research,False,cc-by-nc
318512656,2025-10-03,42.224,-70.798,54802,green,needs_id,False,cc0
319994373,2025-10-03,44.476,-73.188,54763,green,research,False,cc-by-nc
322604499,2025-10-03,44.818,-68.773,54763,green,research,False,cc-by-nc
318607993,2025-10-04,42.262,-71.827,48098,green,needs_id,False,cc-by-nc
318614810,2025-10-04,39.102,-76.571,49658,green,research,False,cc-by-nc
318617635,2025-10-04,39.102,-76.571,49658,green,research,False,cc-by-nc
318623442,2025-10-04,40.778,-75.291,49005,green,needs_id,False,cc-by-nc
318631358,2025-10-04,42.43,-73.235,54763,green,research,False,cc-by
318693107,2025-10-04,40.753,-74.294,49202,green,needs_id,False,cc-by
318719505,2025-10-04,38.936,-74.946,48098,green,research,False,cc-by-nc
318728208,2025-10-04,38.52,-79.577,48098,green,research,False,cc-by-nc
318764391,2025-10-04,39.094,-77.127,49005,colored,needs_id,False,cc-by-nc
318795662,2025-10-04,44.409,-78.766,52543,colored,research,False,cc-by-nc
319064401,2025-10-04,44.424,-74.115,48098,colored,research,False,cc-by
319112892,2025-10-04,42.132,-79.397,48098,colored,research,False,cc-by-nc
319348322,2025-10-04,41.259,-73.603,49005,colored,needs_id,False,cc-by-nc
319360135,2025-10-04,39.0,-76.684,49658,green,research,False,cc-by
319360192,2025-10-04,39.0,-76.685,54795,colored,research,False,cc-by
319423149,2025-10-04,44.447,-73.203,49202,green,research,False,cc-by-nc
319423612,2025-10-04,44.447,-73.203,49202,green,research,False,cc-by-nc
319423644,2025-10-04,44.447,-73.203,54763,green,research,False,cc-by-nc
319423826,2025-10-04,44.447,-73.203,49202,green,research,False,cc-by-nc
325417078,2025-10-04,45.724,-68.588,52543,colored,research,False,cc-by-nc
401525715,2025-10-04,44.811,-77.224,48098,colored,research,False,cc-by-nc
318940985,2025-10-05,45.267,-79.222,49005,colored,research,False,cc-by
318955309,2025-10-05,42.469,-72.781,48098,green,needs_id,False,cc-by-nc-sa
318955374,2025-10-05,42.506,-72.703,48098,green,needs_id,False,cc-by-nc-sa
318961096,2025-10-05,44.477,-73.185,48098,colored,research,False,cc-by-nc
318965092,2025-10-05,44.477,-73.185,54763,green,research,False,cc-by-nc
318975584,2025-10-05,43.347,-70.549,48098,green,research,False,cc-by-nc
318985400,2025-10-05,40.913,-73.127,48098,green,research,False,cc-by-nc
318987415,2025-10-05,40.264,-75.492,54795,green,research,False,cc-by-nc
319015401,2025-10-05,42.219,-74.231,48098,colored,needs_id,False,cc-by-nc
319022954,2025-10-05,43.316,-79.901,49202,green,research,False,cc-by-nc
319030023,2025-10-05,43.174,-77.525,54795,colored,research,False,cc-by
319043740,2025-10-05,40.094,-74.849,49202,green,research,False,cc-by-nc
319047460,2025-10-05,42.23,-71.771,48098,green,needs_id,False,cc-by-nc
319068368,2025-10-05,42.233,-71.766,54763,green,needs_id,False,cc-by-nc
319091368,2025-10-05,44.692,-77.213,48098,colored,research,False,cc-by-nc
319213862,2025-10-05,43.503,-72.109,48098,colored,research,False,cc-by
320250523,2025-10-05,44.377,-74.23,48098,colored,needs_id,False,cc-by-nc
320435989,2025-10-05,44.477,-73.187,54763,green,needs_id,False,cc-by-nc
320959408,2025-10-05,42.373,-76.883,52543,green,research,False,cc-by-nc
321113741,2025-10-05,41.895,-70.76,54795,colored,research,False,cc-by-nc
329345809,2025-10-05,42.082,-75.967,48098,bare,needs_id,False,cc-by-nc
359406470,2025-10-05,43.743,-74.908,48098,colored,needs_id,False,cc-by-nc
319137045,2025-10-06,44.484,-73.195,52543,green,research,False,cc-by-nc
319139291,2025-10-06,41.417,-70.598,48098,green,research,False,cc-by-nc
319151142,2025-10-06,40.448,-79.959,54763,green,needs_id,False,cc-by-nc
319169915,2025-10-06,41.417,-70.597,48098,green,research,False,cc-by-nc
319199335,2025-10-06,40.438,-79.946,54763,green,research,False,cc-by-nc
319201270,2025-10-06,39.112,-77.832,54763,green,needs_id,False,cc0
319203332,2025-10-06,43.261,-79.916,54763,green,needs_id,False,cc-by-nc
319219795,2025-10-06,40.453,-79.954,54763,green,needs_id,False,cc-by-nc
319220247,2025-10-06,42.36,-71.255,49005,colored,needs_id,False,cc-by-nc
319266987,2025-10-06,38.872,-77.14,54802,green,research,False,cc-by-nc
319313680,2025-10-06,40.871,-73.79,54795,green,research,False,cc-by-nc
319339211,2025-10-06,44.301,-74.058,48098,colored,research,False,cc-by-nc
319385838,2025-10-06,43.652,-72.244,48098,colored,research,False,cc0
319385950,2025-10-06,43.36,-71.929,52543,colored,needs_id,False,cc0
319386009,2025-10-06,42.902,-71.364,48098,colored,research,False,cc0
319386036,2025-10-06,42.779,-71.247,48098,colored,research,False,cc0
319460499,2025-10-06,42.606,-71.617,48098,colored,research,False,cc-by-nc
320203992,2025-10-06,44.005,-71.241,48098,colored,research,False,cc-by-nc-nd
320433414,2025-10-06,44.478,-73.189,49202,green,research,False,cc-by-nc
320644960,2025-10-06,43.518,-72.111,48098,colored,research,False,cc-by
320645356,2025-10-06,45.395,-72.725,54763,green,research,False,cc-by-nc
321681539,2025-10-06,40.871,-73.79,54795,green,research,False,cc-by-nc
324753400,2025-10-06,42.365,-71.261,54763,green,research,False,cc-by-nc
319356515,2025-10-07,42.547,-72.607,48098,green,needs_id,False,cc-by-nc
319367197,2025-10-07,39.765,-75.128,49005,colored,research,False,cc-by-nc
319367981,2025-10-07,39.933,-75.435,54795,green,research,False,cc-by-nc
319379320,2025-10-07,42.4,-72.526,54763,green,research,False,cc-by-nc
319398839,2025-10-07,42.363,-71.729,48098,colored,needs_id,False,cc-by-nc
319418372,2025-10-07,46.343,-79.495,48098,colored,research,False,cc-by-nc
319421587,2025-10-07,44.485,-73.194,49202,green,research,False,cc-by-nc
319425842,2025-10-07,44.445,-73.221,54763,green,research,False,cc-by-nc
319433283,2025-10-07,42.743,-70.797,48098,colored,research,False,cc-by-nc
319450608,2025-10-07,42.016,-71.008,48098,colored,research,False,cc-by-nc
319452338,2025-10-07,42.093,-71.611,48098,colored,needs_id,False,cc-by-nc
319453684,2025-10-07,44.55,-72.933,48098,colored,research,False,cc-by-nc
319484379,2025-10-07,42.131,-71.083,54763,green,research,False,cc-by-nc
319679358,2025-10-07,44.476,-73.187,54763,green,research,False,cc-by-nc
319895435,2025-10-07,44.448,-74.265,48098,colored,needs_id,False,cc-by-nc
329413788,2025-10-07,40.446,-79.954,48098,green,research,False,cc-by-nc
334167980,2025-10-07,45.584,-73.332,49005,green,research,False,cc-by
319585598,2025-10-08,40.335,-75.914,49202,green,research,False,cc-by-nc
319585686,2025-10-08,40.335,-75.914,48098,green,research,False,cc-by-nc
319610630,2025-10-08,41.039,-74.549,48098,colored,research,False,cc-by-nc
319617949,2025-10-08,42.259,-72.567,48098,colored,research,False,cc-by-nc
319619633,2025-10-08,44.478,-73.185,54763,green,research,False,cc-by-nc
319620835,2025-10-08,43.995,-77.687,52543,colored,research,False,cc-by-nc
319622322,2025-10-08,40.335,-75.914,49202,green,research,False,cc-by-nc
319622641,2025-10-08,42.258,-72.563,48098,colored,research,False,cc-by-nc
319624103,2025-10-08,40.678,-77.886,49202,green,needs_id,False,cc-by-nc
319624271,2025-10-08,40.678,-77.886,49005,colored,needs_id,False,cc-by-nc
319624616,2025-10-08,40.678,-77.886,48098,colored,needs_id,False,cc-by-nc
319632843,2025-10-08,45.973,-77.461,49202,green,research,False,cc-by-nc
319637647,2025-10-08,40.565,-74.628,54763,green,needs_id,False,cc-by-nc
319638736,2025-10-08,44.477,-73.187,54763,green,research,False,cc-by-nc
319640880,2025-10-08,40.861,-74.197,54802,green,research,False,cc-by-nc
319642676,2025-10-08,44.478,-73.186,54763,green,needs_id,False,cc-by-nc
319643299,2025-10-08,40.442,-79.967,54763,green,research,False,cc-by-nc
319646206,2025-10-08,44.478,-73.186,54763,green,needs_id,False,cc-by-nc
319646447,2025-10-08,44.478,-73.185,54763,green,needs_id,False,cc-by-nc
319648518,2025-10-08,44.478,-73.185,48098,green,research,False,cc-by-nc
319649399,2025-10-08,44.984,-71.688,48098,colored,research,False,cc0
319651401,2025-10-08,44.973,-71.686,48098,colored,research,False,cc0
319677521,2025-10-08,43.24,-77.497,54795,green,research,False,cc-by
320018191,2025-10-08,40.797,-77.843,52543,colored,research,False,cc-by-nc
320073698,2025-10-08,44.893,-79.858,48098,green,research,False,cc-by-nc
320083743,2025-10-08,39.529,-79.505,48098,green,research,False,cc-by-nc
320328257,2025-10-08,39.432,-79.684,49005,green,research,False,cc-by-nc
320481011,2025-10-08,43.997,-77.681,52543,colored,needs_id,False,cc-by-nc
320748111,2025-10-08,44.487,-73.19,54763,green,needs_id,False,cc-by-nc
320754891,2025-10-08,44.476,-73.188,54763,green,needs_id,False,cc-by-nc
320755011,2025-10-08,44.476,-73.188,54763,green,needs_id,False,cc-by-nc
320779991,2025-10-08,44.477,-73.187,48098,colored,needs_id,False,cc-by-nc
320788548,2025-10-08,44.48,-73.184,48098,colored,needs_id,False,cc-by-nc
334408581,2025-10-08,45.492,-73.576,54763,green,research,False,cc-by
319757935,2025-10-09,44.351,-76.072,49005,green,research,False,cc-by-nc
319766462,2025-10-09,44.354,-76.071,49202,green,research,False,cc-by-nc
319770780,2025-10-09,43.135,-70.931,49005,colored,needs_id,False,cc-by-nc
319780289,2025-10-09,40.789,-77.858,54763,green,research,False,cc-by-nc
319781258,2025-10-09,40.789,-77.858,54763,green,research,False,cc-by-nc
319788979,2025-10-09,44.36,-76.069,49202,green,research,False,cc-by-nc
319789249,2025-10-09,41.254,-73.599,54795,colored,research,False,cc-by-nc
319794016,2025-10-09,41.264,-73.603,48098,colored,needs_id,False,cc-by-nc
319804158,2025-10-09,41.262,-73.601,48098,colored,needs_id,False,cc-by-nc
319813907,2025-10-09,40.442,-79.937,54763,green,needs_id,False,cc-by-nc
319824171,2025-10-09,40.453,-79.961,48098,green,research,False,cc-by-nc
319830222,2025-10-09,42.329,-71.173,54795,colored,research,False,cc-by-nc
319830508,2025-10-09,38.94,-74.962,54802,green,needs_id,False,cc-by-nc
319835160,2025-10-09,38.576,-78.376,48098,green,research,False,cc-by-nc
319840529,2025-10-09,41.032,-74.136,48098,colored,needs_id,False,cc-by-nc
319847663,2025-10-09,40.866,-73.876,48098,green,research,False,cc-by-nc
319857685,2025-10-09,46.507,-72.835,52543,colored,research,False,cc-by-nc
319862989,2025-10-09,42.175,-71.069,54763,green,research,False,cc-by-nc
319882725,2025-10-09,43.22,-77.442,48098,colored,research,False,cc-by
319953389,2025-10-09,43.617,-79.376,49005,green,needs_id,False,cc-by-nc
319988244,2025-10-09,41.093,-73.822,54802,colored,research,False,cc-by-nc
320038243,2025-10-09,44.46,-73.205,54763,green,needs_id,False,cc-by-nc
320045700,2025-10-09,44.462,-73.205,54763,green,needs_id,False,cc-by-nc
320047442,2025-10-09,44.462,-73.205,54763,green,needs_id,False,cc-by-nc
320047454,2025-10-09,44.462,-73.205,54763,green,needs_id,False,cc-by-nc
320472438,2025-10-09,44.478,-73.187,54763,green,needs_id,False,cc-by-nc
320472502,2025-10-09,44.478,-73.187,54763,green,needs_id,False,cc-by-nc
320472529,2025-10-09,44.478,-73.187,54763,green,needs_id,False,cc-by-nc
321096149,2025-10-09,43.283,-76.914,49005,green,needs_id,False,cc-by
321753063,2025-10-09,40.313,-78.945,54763,green,research,False,cc-by-nc
322331325,2025-10-09,41.341,-73.382,48098,colored,research,False,cc-by
332451437,2025-10-09,46.3,-72.531,52543,green,research,False,cc-by-nc
332452244,2025-10-09,46.3,-72.531,49202,green,research,False,cc-by-nc
332462288,2025-10-09,46.3,-72.53,48098,colored,research,False,cc-by-nc
332462901,2025-10-09,46.302,-72.534,49005,colored,research,False,cc-by-nc
332462976,2025-10-09,46.302,-72.534,49005,colored,research,False,cc-by-nc
333870044,2025-10-09,40.882,-74.596,49005,green,needs_id,False,cc-by-nc
319951775,2025-10-10,40.804,-73.958,54763,green,research,False,cc-by-nc
319953367,2025-10-10,40.901,-73.385,54795,green,research,False,cc-by-nc
319996170,2025-10-10,45.392,-75.675,54763,green,research,False,cc-by-nc
320003417,2025-10-10,40.132,-75.824,54763,green,needs_id,False,cc-by-nc
320012367,2025-10-10,44.487,-73.189,54763,colored,research,False,cc-by-nc
320012500,2025-10-10,44.487,-73.19,54763,green,research,False,cc-by-nc
320023119,2025-10-10,44.057,-74.256,49202,colored,research,False,cc-by-nc
320032307,2025-10-10,44.485,-73.193,54763,green,research,False,cc-by-nc
320048269,2025-10-10,44.409,-76.158,49202,green,research,False,cc-by-nc
320053442,2025-10-10,42.294,-71.214,54763,green,needs_id,False,cc-by-nc
320060032,2025-10-10,44.478,-73.187,54763,green,needs_id,False,cc-by-nc
320070689,2025-10-10,43.164,-77.448,52543,colored,research,False,cc-by
320154869,2025-10-10,42.355,-71.525,54763,green,research,False,cc-by-nc
320407323,2025-10-10,40.839,-73.224,49202,green,research,False,cc-by-nc
320509585,2025-10-10,44.407,-76.157,48098,green,research,False,cc-by-nc
321067439,2025-10-10,38.785,-76.703,48098,green,research,False,cc-by-nc
321080562,2025-10-10,42.61,-73.89,48098,colored,research,False,cc-by-nc
321151892,2025-10-10,42.61,-73.89,52543,colored,needs_id,False,cc-by-nc
321607116,2025-10-10,41.577,-73.935,54763,green,needs_id,False,cc-by-nc
322620521,2025-10-10,42.096,-72.112,49202,green,research,False,cc-by-nc
324183070,2025-10-10,46.201,-73.579,52543,green,research,False,cc-by
324404255,2025-10-10,40.688,-74.881,49005,green,needs_id,False,cc-by-nc
328227740,2025-10-10,45.923,-79.185,48098,bare,research,False,cc-by-nc
320160406,2025-10-11,38.798,-75.845,49202,green,research,False,cc-by-nc
320164147,2025-10-11,41.017,-73.911,52543,colored,needs_id,False,cc-by-nc
320209037,2025-10-11,43.852,-79.21,52543,colored,research,False,cc-by-nc
320231837,2025-10-11,42.311,-71.176,54795,green,research,False,cc-by-nc
320250551,2025-10-11,40.437,-79.945,49005,green,research,False,cc-by
320250777,2025-10-11,40.436,-79.942,49005,green,research,False,cc-by
320251703,2025-10-11,40.348,-74.566,49202,green,research,False,cc-by-nc
320253236,2025-10-11,40.437,-79.941,49658,green,research,False,cc-by
320253295,2025-10-11,40.439,-79.942,48098,green,needs_id,False,cc-by
320253352,2025-10-11,40.439,-79.943,48098,green,research,False,cc-by
320295786,2025-10-11,42.209,-71.096,54763,green,research,False,cc-by-nc
320388489,2025-10-11,42.018,-78.477,54795,colored,research,False,cc-by-nc
320413240,2025-10-11,43.91,-75.202,52543,colored,needs_id,False,cc-by-nc
320517800,2025-10-11,44.478,-73.186,54763,green,research,False,cc-by-nc
320522386,2025-10-11,40.683,-73.46,54795,green,research,False,cc-by-nc
320538322,2025-10-11,40.685,-73.461,54795,green,research,False,cc-by-nc
320540675,2025-10-11,40.685,-73.462,54763,green,research,False,cc-by-nc
320541872,2025-10-11,42.209,-71.094,54795,green,research,False,cc-by-nc
320579156,2025-10-11,44.691,-77.213,52543,colored,research,False,cc-by-nc
320579163,2025-10-11,44.691,-77.212,52543,colored,research,False,cc-by-nc
320673657,2025-10-11,45.471,-75.576,48098,colored,research,False,cc-by-nc
320755677,2025-10-11,41.068,-73.39,54763,green,research,False,cc0
320761430,2025-10-11,44.487,-73.19,54763,colored,research,False,cc-by-nc
320774713,2025-10-11,40.576,-74.521,48098,colored,needs_id,False,cc-by-nc
320967321,2025-10-11,42.462,-71.11,48098,green,research,False,cc-by-nc
321094608,2025-10-11,43.117,-76.141,48098,green,needs_id,False,cc-by
321412593,2025-10-11,45.399,-72.729,49005,green,research,False,cc-by-nc
322615800,2025-10-11,41.852,-73.971,54763,green,needs_id,False,cc-by-nc
323833469,2025-10-11,42.26,-71.266,54795,colored,research,False,cc-by-nc
325107028,2025-10-11,42.22,-71.118,54763,green,research,False,cc-by-nc
330743019,2025-10-11,40.557,-74.405,49658,green,research,False,cc-by-nc
331850365,2025-10-11,45.431,-73.435,48098,colored,research,False,cc-by-nc
331964627,2025-10-11,45.432,-73.434,49005,colored,research,False,cc-by-nc
351236815,2025-10-11,43.117,-76.141,54763,green,needs_id,False,cc-by-nc
320410068,2025-10-12,43.621,-72.504,48098,colored,research,False,cc0
320410095,2025-10-12,43.621,-72.504,49005,colored,research,False,cc0
320432403,2025-10-12,42.696,-71.101,54795,colored,research,False,cc-by-nc
320450959,2025-10-12,44.137,-78.613,49202,colored,research,False,cc-by-nc
320451137,2025-10-12,44.487,-73.19,54763,green,research,False,cc-by-nc
320453490,2025-10-12,44.487,-73.19,54763,green,needs_id,False,cc-by-nc
320453995,2025-10-12,44.487,-73.189,54763,green,needs_id,False,cc-by-nc
320454080,2025-10-12,44.487,-73.189,54763,green,needs_id,False,cc-by-nc
320472348,2025-10-12,45.353,-76.002,48098,colored,research,False,cc-by-nc
320482578,2025-10-12,40.069,-75.226,54795,colored,research,False,cc-by-nc-nd
320483667,2025-10-12,39.08,-77.055,49202,bare,research,False,cc-by-nc
320484349,2025-10-12,45.56,-73.528,54763,green,research,False,cc-by-nc
320488191,2025-10-12,43.947,-70.295,48098,colored,research,False,cc-by-nc
320498150,2025-10-12,44.828,-75.318,49005,colored,research,False,cc-by-nc
320501509,2025-10-12,38.979,-76.288,54802,green,research,False,cc-by-nc
320516730,2025-10-12,40.069,-77.515,54763,green,research,False,cc-by
320530326,2025-10-12,44.478,-73.186,54763,green,research,False,cc-by-nc
320538247,2025-10-12,41.088,-75.572,48098,colored,research,False,cc-by-nc
320549850,2025-10-12,44.833,-75.315,54763,green,research,False,cc-by-nc
320550330,2025-10-12,41.948,-74.182,54795,green,research,False,cc-by-nc
320627815,2025-10-12,41.726,-74.239,49005,green,needs_id,False,cc-by-nc
320755891,2025-10-12,44.458,-73.208,54763,green,research,False,cc-by-nc
320787703,2025-10-12,40.815,-74.728,52543,colored,needs_id,False,cc-by-nc
320790714,2025-10-12,39.065,-77.464,48098,green,research,False,cc-by-nc
320843600,2025-10-12,42.187,-71.093,54763,green,research,False,cc-by-nc
330906220,2025-10-12,44.538,-72.271,52543,colored,research,False,cc-by-nc
333853076,2025-10-12,43.133,-77.602,54795,green,research,False,cc-by-nc
320660417,2025-10-13,38.992,-76.89,49658,colored,research,False,cc-by-nc
320669855,2025-10-13,41.872,-73.363,54763,colored,research,False,cc-by-nc
320678910,2025-10-13,41.469,-78.057,52543,green,research,False,cc-by-nc
320679375,2025-10-13,41.47,-78.057,54795,bare,research,False,cc-by-nc
320680282,2025-10-13,44.461,-73.121,49202,green,research,False,cc-by-nc
320704918,2025-10-13,44.476,-73.187,54763,green,needs_id,False,cc-by-nc
320711945,2025-10-13,44.477,-73.187,54763,green,research,False,cc-by-nc
320712604,2025-10-13,44.477,-73.172,54763,green,needs_id,False,cc-by-nc
320719403,2025-10-13,45.091,-69.041,54763,green,research,False,cc-by-nc
320721001,2025-10-13,44.479,-73.184,54763,green,research,False,cc-by-nc
320725973,2025-10-13,44.459,-73.205,54763,green,research,False,cc-by-nc
320726349,2025-10-13,44.46,-73.205,54763,colored,research,False,cc-by-nc
320728903,2025-10-13,44.48,-73.186,49202,green,research,False,cc-by-nc
320733176,2025-10-13,39.967,-75.087,48098,green,research,False,cc-by-nc
320733859,2025-10-13,40.442,-79.967,54763,green,research,False,cc-by-nc
320737189,2025-10-13,44.478,-73.187,54763,green,research,False,cc-by-nc
320741014,2025-10-13,44.484,-73.191,54763,green,research,False,cc-by-nc
320743436,2025-10-13,44.476,-73.188,54763,green,needs_id,False,cc-by-nc
320744477,2025-10-13,44.477,-73.187,54763,green,research,False,cc-by-nc
320745367,2025-10-13,45.37,-76.906,49202,bare,research,False,cc-by-nc
320746648,2025-10-13,44.479,-73.186,54763,green,research,False,cc-by-nc
320749947,2025-10-13,43.217,-77.615,54795,colored,research,False,cc-by-nc
320760563,2025-10-13,44.453,-73.195,54763,green,needs_id,False,cc-by-nc
320772509,2025-10-13,39.739,-75.947,48098,green,research,False,cc-by-nc
320774423,2025-10-13,44.48,-73.179,54763,green,research,False,cc-by-nc
320776164,2025-10-13,44.477,-73.187,54763,green,research,False,cc-by-nc
320777721,2025-10-13,44.477,-73.187,48098,colored,needs_id,False,cc-by-nc
320780237,2025-10-13,38.549,-78.395,48098,colored,research,False,cc-by-nc
320783824,2025-10-13,43.219,-77.44,49202,green,research,False,cc-by
321732138,2025-10-13,38.763,-78.297,54795,colored,research,False,cc-by-nc
331567416,2025-10-13,45.619,-73.44,48098,green,research,False,cc-by-nc
320831204,2025-10-14,43.079,-76.119,54763,green,research,False,cc-by-nc
320868964,2025-10-14,40.692,-74.016,54763,green,research,False,cc-by-nc
320880410,2025-10-14,40.902,-73.873,54763,green,research,False,cc-by-nc
320888100,2025-10-14,43.136,-76.169,48098,green,research,False,cc-by-nc
320901722,2025-10-14,41.766,-74.159,54795,colored,research,False,cc-by-nc
320912311,2025-10-14,38.974,-77.039,49202,green,research,False,cc-by-nc
320912604,2025-10-14,38.878,-77.258,48098,green,research,False,cc-by-nc
320921854,2025-10-14,41.166,-73.189,48098,green,needs_id,False,cc-by-nc
320931501,2025-10-14,41.736,-74.192,48098,green,research,False,cc-by-nc
320932971,2025-10-14,44.477,-73.187,48098,colored,research,False,cc-by-nc
320940660,2025-10-14,45.275,-74.693,49202,colored,research,False,cc-by-nc
320953642,2025-10-14,44.477,-73.186,54763,green,research,False,cc-by-nc
320954808,2025-10-14,45.864,-73.151,49005,colored,research,False,cc-by-nc
320957589,2025-10-14,45.871,-73.079,48098,colored,research,False,cc-by-nc
320962766,2025-10-14,43.192,-77.513,54795,colored,research,False,cc-by
320967702,2025-10-14,41.483,-73.079,54795,green,research,False,cc-by-nc
320970793,2025-10-14,44.409,-68.247,48098,colored,research,False,cc-by-nc
320970805,2025-10-14,44.409,-68.247,48098,colored,research,False,cc-by-nc
320971169,2025-10-14,44.488,-73.194,54763,green,needs_id,False,cc-by-nc
320971449,2025-10-14,39.358,-76.963,54763,green,needs_id,False,cc-by-nc
320977721,2025-10-14,42.154,-80.127,54802,colored,research,False,cc-by-nc
321147261,2025-10-14,44.292,-75.76,52543,colored,research,False,cc-by-nc
321482777,2025-10-14,40.901,-73.87,52543,green,research,False,cc-by-nc
335079925,2025-10-14,42.791,-76.055,49005,colored,needs_id,False,cc-by
340233139,2025-10-14,46.29,-72.694,48098,green,research,False,cc-by-nc
340233162,2025-10-14,46.292,-72.696,48098,colored,research,False,cc-by-nc
321061446,2025-10-15,40.667,-74.219,48098,green,research,False,cc-by-nc
321071566,2025-10-15,38.971,-74.961,48098,green,research,False,cc0
321078770,2025-10-15,41.253,-73.586,49658,colored,needs_id,False,cc-by-nc
321091412,2025-10-15,38.641,-78.616,48098,colored,research,False,cc0
321093037,2025-10-15,44.475,-77.314,52543,green,needs_id,False,cc-by-nc
321094480,2025-10-15,39.134,-77.527,49202,green,research,False,cc-by
321095444,2025-10-15,41.294,-74.051,54802,colored,research,False,cc-by-nc
321100837,2025-10-15,45.635,-73.883,49202,colored,research,False,cc-by-nc
321102191,2025-10-15,45.634,-73.882,52543,colored,research,False,cc-by-nc
321113203,2025-10-15,42.368,-71.255,52543,green,needs_id,False,cc-by-nc
321114134,2025-10-15,42.368,-71.255,54763,green,needs_id,False,cc-by-nc
321117266,2025-10-15,40.943,-73.838,54763,green,needs_id,False,cc-by-nc
321122182,2025-10-15,41.435,-73.959,54795,colored,research,False,cc-by-nc
321126693,2025-10-15,40.711,-73.328,54763,green,research,False,cc-by-nc
321151703,2025-10-15,41.247,-73.584,54795,colored,research,False,cc-by-nc
321152041,2025-10-15,41.246,-73.585,49005,green,needs_id,False,cc-by-nc
321152145,2025-10-15,43.814,-79.154,48098,colored,research,False,cc-by-nc
321158913,2025-10-15,43.192,-77.513,54795,colored,research,False,cc-by
321165062,2025-10-15,42.46,-76.431,49005,colored,research,False,cc-by
321271498,2025-10-15,38.698,-78.325,54795,colored,research,False,cc-by-nc
321272220,2025-10-15,38.702,-78.329,48098,colored,research,False,cc-by-nc
321682229,2025-10-15,42.328,-71.211,48098,colored,research,False,cc-by-nc
321732717,2025-10-15,41.338,-76.293,49202,green,research,False,cc-by-nc
321994629,2025-10-15,44.692,-77.212,48098,colored,research,False,cc-by-nc
322245253,2025-10-15,42.36,-71.258,54763,green,needs_id,False,cc-by-nc
323776116,2025-10-15,40.847,-74.213,54763,green,research,False,cc-by-nc
324731273,2025-10-15,42.114,-74.665,49005,colored,needs_id,False,cc-by
326244456,2025-10-15,40.448,-79.959,54763,green,research,False,cc-by-nc
326389808,2025-10-15,40.438,-79.946,52543,colored,research,False,cc-by-nc
329233497,2025-10-15,43.307,-71.185,49202,green,research,False,cc-by
334618560,2025-10-15,38.985,-75.931,49202,green,research,False,cc-by-nc
321211304,2025-10-16,43.833,-69.814,48098,colored,research,False,cc-by-nc
321229040,2025-10-16,41.991,-70.733,49202,green,research,False,cc0
321229118,2025-10-16,41.991,-70.733,48098,green,needs_id,False,cc0
321259243,2025-10-16,41.853,-74.526,52543,colored,needs_id,False,cc-by-nc
321269205,2025-10-16,42.377,-71.116,48098,green,needs_id,False,cc-by-nc
321297555,2025-10-16,40.79,-74.544,48098,colored,needs_id,False,cc-by-nc
321300860,2025-10-16,41.88,-73.778,54795,colored,research,False,cc-by-nc
321302384,2025-10-16,41.402,-74.342,49005,green,needs_id,False,cc-by-nc
321330708,2025-10-16,41.858,-70.673,48098,colored,research,False,cc0
321337798,2025-10-16,43.165,-77.445,52543,colored,research,False,cc-by
321339451,2025-10-16,42.614,-70.888,48098,colored,needs_id,False,cc-by-nc
321345947,2025-10-16,43.452,-80.454,48098,colored,needs_id,False,cc-by-nc
321349403,2025-10-16,41.949,-70.827,48098,colored,needs_id,False,cc-by-nc
321891182,2025-10-16,40.036,-76.574,54763,green,needs_id,False,cc-by-nc
321895303,2025-10-16,40.041,-76.578,49202,green,research,False,cc-by-nc
322324584,2025-10-16,44.377,-68.25,48098,colored,research,False,cc-by-nc
322622873,2025-10-16,43.844,-73.385,54763,colored,needs_id,False,cc-by
324567680,2025-10-16,40.75,-80.348,49202,green,research,False,cc-by-nc
324734614,2025-10-16,42.028,-74.272,54795,colored,research,False,cc-by
329413808,2025-10-16,40.446,-79.953,48098,green,research,False,cc-by-nc
330915075,2025-10-16,44.277,-72.262,48098,colored,needs_id,False,cc-by-nc
331355700,2025-10-16,44.503,-68.5,49005,green,needs_id,False,cc-by-nc
331355703,2025-10-16,44.503,-68.5,49202,colored,research,False,cc-by-nc
334503709,2025-10-16,45.539,-73.329,54763,green,research,False,cc-by
334503744,2025-10-16,45.539,-73.329,54763,green,research,False,cc-by
321427774,2025-10-17,38.995,-76.894,49658,green,research,False,cc-by-nc
321449873,2025-10-17,40.446,-79.958,54763,green,research,False,cc-by-nc
321451861,2025-10-17,40.89,-73.892,54795,green,research,False,cc-by
321462565,2025-10-17,40.668,-79.952,54763,green,research,False,cc-by
321497433,2025-10-17,41.217,-74.115,54795,colored,research,False,cc-by-nc
321501244,2025-10-17,42.102,-71.045,48098,green,needs_id,False,cc-by-nc
321508667,2025-10-17,44.02,-79.792,49005,colored,needs_id,False,cc-by
321518371,2025-10-17,41.995,-70.706,48098,green,needs_id,False,cc-by-nc
321518757,2025-10-17,41.995,-70.706,48098,colored,needs_id,False,cc-by-nc
321519513,2025-10-17,41.995,-70.707,48098,green,research,False,cc-by-nc
321520374,2025-10-17,41.996,-70.705,54763,green,needs_id,False,cc-by-nc
321521061,2025-10-17,41.991,-70.706,48098,colored,needs_id,False,cc-by-nc
321521922,2025-10-17,41.842,-78.946,49005,colored,needs_id,False,cc-by-nc
321523580,2025-10-17,40.904,-73.873,54763,green,research,False,cc-by
321529466,2025-10-17,43.192,-77.513,54795,colored,research,False,cc-by
321529780,2025-10-17,43.216,-77.444,48098,colored,research,False,cc-by
321549106,2025-10-17,43.041,-77.244,54763,green,research,False,cc-by-nc
321598681,2025-10-17,42.68,-72.326,48098,colored,needs_id,False,cc-by-nc
321599086,2025-10-17,42.68,-72.328,48098,colored,research,False,cc-by-nc
321616158,2025-10-17,45.432,-72.624,52543,colored,research,False,cc-by-nc
321616213,2025-10-17,45.439,-72.61,52543,colored,research,False,cc-by-nc
321831688,2025-10-17,42.105,-71.044,48098,green,research,False,cc-by-nc
321908956,2025-10-17,46.749,-71.31,49005,colored,research,False,cc-by
322134695,2025-10-17,40.908,-73.889,52543,green,needs_id,False,cc-by-nc
322134754,2025-10-17,40.91,-73.892,54763,green,research,False,cc-by-nc
322391968,2025-10-17,40.094,-75.189,54763,green,research,False,cc-by-nc
326855837,2025-10-17,43.594,-72.611,49005,colored,research,False,cc-by-nc
334731804,2025-10-17,41.393,-72.647,54802,colored,research,False,cc-by-nc
334804662,2025-10-17,42.398,-76.557,48098,colored,needs_id,False,cc-by-nc
335796943,2025-10-17,38.761,-76.706,49202,green,research,False,cc-by-nc
336045764,2025-10-17,38.764,-76.716,49658,colored,research,False,cc-by-nc
321582126,2025-10-18,42.34,-71.164,54763,green,needs_id,False,cc-by-nc
321610807,2025-10-18,41.307,-79.776,54763,green,needs_id,False,cc-by-nc
321635112,2025-10-18,40.477,-74.416,54763,green,research,False,cc-by-nc
321637849,2025-10-18,39.143,-79.405,49202,colored,research,False,cc-by-nc
321646950,2025-10-18,41.362,-72.958,54763,green,research,False,cc-by-nc
321663799,2025-10-18,42.218,-71.118,54795,green,research,False,cc-by-nc
321667086,2025-10-18,39.81,-75.644,49202,colored,research,False,cc-by-nc
321667808,2025-10-18,42.391,-71.346,48098,green,needs_id,False,cc-by
321692931,2025-10-18,40.837,-76.359,52543,colored,research,False,cc-by-nc
321698802,2025-10-18,41.932,-73.908,48098,colored,needs_id,False,cc-by-nc
321706058,2025-10-18,41.262,-73.606,54763,green,research,False,cc-by-nc
321715975,2025-10-18,45.003,-79.528,49202,colored,research,False,cc-by-nc
321724326,2025-10-18,44.157,-79.847,54763,green,research,False,cc-by
321733353,2025-10-18,43.229,-77.562,48098,colored,research,False,cc-by
321733460,2025-10-18,43.227,-77.562,54795,colored,research,False,cc-by
321733800,2025-10-18,41.266,-73.604,54763,green,research,False,cc-by-nc
321748804,2025-10-18,44.943,-73.155,48098,colored,research,False,cc-by-nc
321756920,2025-10-18,42.643,-70.949,54763,green,research,False,cc-by-nc
321814014,2025-10-18,42.244,-70.839,49005,green,needs_id,False,cc0
321814742,2025-10-18,42.244,-70.839,48098,colored,research,False,cc0
321984219,2025-10-18,42.187,-71.093,54763,green,research,False,cc-by-nc
322077606,2025-10-18,40.319,-74.72,49658,colored,research,False,cc-by-nc
322147794,2025-10-18,40.127,-74.441,54802,colored,research,False,cc-by-nc
323554799,2025-10-18,45.07,-78.783,52543,colored,research,False,cc-by
335949049,2025-10-18,41.76,-72.471,52543,colored,needs_id,False,cc-by-nc
335949055,2025-10-18,41.76,-72.471,48098,colored,research,False,cc-by-nc
335949071,2025-10-18,41.76,-72.471,49005,green,needs_id,False,cc-by-nc
321828134,2025-10-19,43.166,-75.147,54763,colored,research,False,cc-by-nc
321834437,2025-10-19,42.398,-71.735,48098,colored,needs_id,False,cc-by-nc
321856863,2025-10-19,42.384,-71.103,54763,green,research,False,cc-by-nc-sa
321868586,2025-10-19,42.431,-71.223,54763,green,research,False,cc-by-nc
321871104,2025-10-19,42.45,-72.68,48098,colored,needs_id,False,cc-by-nc
321871184,2025-10-19,42.453,-72.68,48098,colored,research,False,cc-by-nc
321881794,2025-10-19,42.433,-71.223,48098,colored,research,False,cc-by-nc
321912564,2025-10-19,40.669,-77.903,49202,green,research,False,cc-by-nc
321913405,2025-10-19,40.039,-79.727,52543,colored,research,False,cc-by-nc
321936588,2025-10-19,42.71,-73.216,49005,colored,research,False,cc-by-nc
321938402,2025-10-19,40.245,-74.657,49658,colored,needs_id,False,cc-by-nc
321938517,2025-10-19,40.098,-80.431,54763,green,research,False,cc-by-nc
321944468,2025-10-19,38.926,-77.046,54763,green,needs_id,False,cc0
321954812,2025-10-19,42.363,-71.255,52543,colored,needs_id,False,cc-by-nc
321966631,2025-10-19,43.193,-77.513,48098,colored,research,False,cc-by
321967074,2025-10-19,43.249,-77.47,52543,colored,research,False,cc-by
322045162,2025-10-19,40.45,-74.437,54802,colored,needs_id,False,cc-by-nc
322066222,2025-10-19,42.357,-71.258,48098,colored,needs_id,False,cc-by-nc
325962574,2025-10-19,42.136,-74.741,48098,colored,research,False,cc-by
326237011,2025-10-19,42.137,-74.742,49202,colored,research,False,cc-by
335784133,2025-10-19,39.241,-76.756,48098,colored,needs_id,False,cc-by-nc-nd
338778590,2025-10-19,44.311,-72.871,48098,colored,research,False,cc-by-nc
339431166,2025-10-19,42.316,-72.64,48098,colored,research,False,cc-by-nc
322064365,2025-10-20,39.351,-76.62,48098,colored,research,False,cc-by-nc
322064682,2025-10-20,45.445,-75.74,49005,colored,research,False,cc-by-nc
322098254,2025-10-20,43.262,-79.92,54763,green,needs_id,False,cc-by-nc
322106205,2025-10-20,40.66,-73.966,49658,green,research,False,cc-by-nc
322133015,2025-10-20,42.651,-77.612,49005,colored,needs_id,False,cc-by-nc
322135495,2025-10-20,39.082,-77.126,54795,green,research,False,cc-by-nc
322143593,2025-10-20,44.688,-68.575,48098,colored,research,False,cc-by-nc
322148954,2025-10-20,39.137,-77.021,54795,colored,research,False,cc-by-nc
322158428,2025-10-20,41.778,-73.418,54795,colored,research,False,cc-by-nc
322258275,2025-10-20,40.848,-74.214,54763,green,needs_id,False,cc-by-nc
322320359,2025-10-20,42.389,-77.003,52543,colored,research,False,cc-by-nc
322892240,2025-10-20,44.691,-77.214,49005,colored,research,False,cc-by-nc
324892171,2025-10-20,43.539,-80.215,52543,colored,research,False,cc-by-nc
328063338,2025-10-20,39.892,-75.258,54763,green,research,False,cc-by-nc
350240365,2025-10-20,42.605,-72.216,52543,colored,needs_id,False,cc-by-nc
322231902,2025-10-21,40.775,-73.973,54763,green,research,False,cc-by-nc
322232260,2025-10-21,39.845,-74.898,49658,green,research,False,cc-by-nc
322235925,2025-10-21,38.92,-77.055,49202,green,research,False,cc0
322237373,2025-10-21,40.598,-74.292,49658,green,research,False,cc-by-nc
322242765,2025-10-21,39.843,-74.895,54795,colored,research,False,cc-by-nc
322268523,2025-10-21,41.347,-72.921,54802,colored,research,False,cc-by-nc
322272942,2025-10-21,44.792,-68.782,48098,colored,research,False,cc-by-nc
322287132,2025-10-21,42.806,-73.745,48098,colored,research,False,cc-by-nc
322293722,2025-10-21,40.442,-79.967,54763,green,needs_id,False,cc-by-nc
322306743,2025-10-21,40.326,-74.144,54802,green,research,False,cc-by
322311262,2025-10-21,43.012,-78.331,52543,colored,research,False,cc-by-nc
322313860,2025-10-21,42.479,-76.451,49005,colored,needs_id,False,cc-by-nc
322328096,2025-10-21,45.683,-73.805,48098,colored,research,False,cc-by-nc
322330714,2025-10-21,42.363,-71.255,54763,green,research,False,cc-by-nc
322528256,2025-10-21,45.683,-73.805,49202,colored,research,False,cc-by-nc
322958142,2025-10-21,41.937,-70.833,48098,colored,needs_id,False,cc-by-nc
323004190,2025-10-21,42.61,-73.89,49005,colored,needs_id,False,cc-by-nc
323910032,2025-10-21,44.554,-69.641,48098,colored,needs_id,False,cc-by-nc
327435150,2025-10-21,43.09,-73.761,49005,colored,needs_id,False,cc-by-nc
336401383,2025-10-21,39.335,-76.877,48098,green,needs_id,False,cc-by-nc-nd
322404857,2025-10-22,41.155,-73.505,54763,green,research,False,cc-by-nc
322406334,2025-10-22,40.446,-79.969,54763,green,research,False,cc-by-nc
322419526,2025-10-22,41.156,-73.502,48098,colored,needs_id,False,cc-by-nc
322450880,2025-10-22,42.672,-73.763,52543,colored,research,False,cc-by-nc
322453086,2025-10-22,42.255,-72.668,54763,green,research,False,cc-by-nc
322457292,2025-10-22,38.875,-76.961,49658,green,research,False,cc-by
322460520,2025-10-22,44.864,-68.728,49005,colored,research,False,cc-by-nc
322465805,2025-10-22,44.866,-68.729,52543,colored,research,False,cc-by-nc
322466440,2025-10-22,42.259,-72.15,54763,green,research,False,cc-by-nc
322474737,2025-10-22,39.093,-76.626,48098,colored,needs_id,False,cc-by-nc
322492346,2025-10-22,41.737,-74.19,52543,colored,needs_id,False,cc-by
322562676,2025-10-22,41.426,-71.555,54763,green,needs_id,False,cc-by-nc
322563036,2025-10-22,41.623,-75.062,48098,colored,research,False,cc-by-nc
322648491,2025-10-22,42.894,-77.823,49005,colored,needs_id,False,cc-by-nc
322690031,2025-10-22,39.845,-79.473,54795,colored,research,False,cc-by-nc
328400759,2025-10-22,43.321,-71.171,52543,bare,research,False,cc-by-nc
336635291,2025-10-22,39.252,-76.77,52543,colored,needs_id,False,cc-by-nc-nd
322567754,2025-10-23,40.099,-75.188,48098,colored,research,False,cc-by-nc
322586223,2025-10-23,38.973,-77.001,48098,green,needs_id,False,cc-by-nc
322587363,2025-10-23,38.973,-77.001,49658,green,research,False,cc-by-nc
322588119,2025-10-23,38.973,-77.001,48098,green,research,False,cc-by-nc
322590272,2025-10-23,38.973,-77.002,54763,green,needs_id,False,cc-by-nc
322594470,2025-10-23,41.535,-72.684,54763,colored,research,False,cc-by-nc
322594961,2025-10-23,41.535,-72.684,49202,colored,research,False,cc-by-nc
322601053,2025-10-23,38.87,-77.101,48098,colored,research,False,cc-by-nc
322605264,2025-10-23,39.138,-77.714,54763,green,needs_id,False,cc-by-nc
322615223,2025-10-23,44.472,-72.736,48098,colored,research,False,cc-by-nc
322623125,2025-10-23,38.859,-77.083,48098,colored,research,False,cc-by-nc
322633342,2025-10-23,40.551,-74.342,52543,colored,needs_id,False,cc-by-nc
322649365,2025-10-23,42.658,-77.961,54795,colored,research,False,cc-by-nc
322654585,2025-10-23,42.226,-73.861,52543,colored,research,False,cc-by
322654650,2025-10-23,42.2,-73.909,48098,colored,research,False,cc-by
322655573,2025-10-23,40.519,-79.9,49202,green,research,False,cc-by
322655661,2025-10-23,40.519,-79.899,52543,colored,research,False,cc-by
322659482,2025-10-23,45.561,-73.53,54763,colored,research,False,cc-by-nc
322659726,2025-10-23,45.561,-73.53,54763,colored,research,False,cc-by-nc
322660225,2025-10-23,45.56,-73.529,54763,colored,research,False,cc-by-nc
322666615,2025-10-23,43.664,-79.312,48098,colored,research,False,cc-by-nc
323453789,2025-10-23,42.346,-72.183,48098,colored,research,False,cc-by-nc
323936664,2025-10-23,41.426,-71.555,54763,green,research,False,cc-by-nc
325366138,2025-10-23,40.859,-73.509,48098,colored,research,False,cc-by-nc
326131541,2025-10-23,40.915,-73.126,48098,colored,research,False,cc-by-nc
328575735,2025-10-23,39.594,-74.347,48098,colored,research,False,cc0
329413820,2025-10-23,40.446,-79.953,48098,green,research,False,cc-by-nc
332918502,2025-10-23,40.667,-73.972,52543,colored,research,False,cc-by-nc
337751413,2025-10-23,38.995,-77.24,49202,green,research,False,cc-by-nc-nd
322758635,2025-10-24,40.044,-75.019,52543,colored,research,False,cc-by-nc
322794928,2025-10-24,39.002,-76.871,54795,colored,research,False,cc-by-nc
322820448,2025-10-24,43.108,-79.248,54763,colored,needs_id,False,cc-by
322828774,2025-10-24,42.977,-77.526,49005,colored,research,False,cc-by-nc
322832761,2025-10-24,44.653,-72.384,54763,colored,needs_id,False,cc-by-nc
322841148,2025-10-24,40.907,-73.889,54795,green,research,False,cc-by-nc
322841195,2025-10-24,40.899,-73.893,54763,green,research,False,cc-by-nc
322841220,2025-10-24,40.899,-73.893,54763,green,research,False,cc-by-nc
322849328,2025-10-24,41.025,-73.658,54763,green,research,False,cc-by-nc
322853997,2025-10-24,45.561,-73.532,54763,colored,research,False,cc-by-nc
322855520,2025-10-24,45.562,-73.534,54763,colored,research,False,cc-by-nc
322867677,2025-10-24,42.067,-70.163,48098,colored,research,False,cc-by-nc
322869757,2025-10-24,42.051,-70.188,54763,green,research,False,cc-by-nc
322878858,2025-10-24,43.157,-77.477,52543,colored,research,False,cc-by
322880510,2025-10-24,42.334,-71.165,54795,colored,research,False,cc-by-nc
323091305,2025-10-24,42.364,-71.258,52543,colored,research,False,cc-by-nc
323108997,2025-10-24,42.174,-71.066,54763,colored,research,False,cc-by-nc
323647477,2025-10-24,42.476,-71.936,48098,bare,needs_id,False,cc-by-nc
323911296,2025-10-24,40.612,-74.586,48098,colored,research,False,cc-by-nc
323911512,2025-10-24,40.612,-74.586,54763,green,research,False,cc-by-nc
324739527,2025-10-24,42.159,-74.198,54763,green,needs_id,False,cc-by-nc
324781296,2025-10-24,42.363,-71.261,48098,colored,needs_id,False,cc-by-nc
325560312,2025-10-24,40.775,-73.97,54763,green,research,False,cc-by-nc
338826133,2025-10-24,42.003,-72.128,48098,colored,research,False,cc-by-nc
322993551,2025-10-25,39.896,-74.085,54795,colored,research,False,cc-by-nc
322996161,2025-10-25,40.596,-75.383,48098,colored,research,False,cc-by-nc
322996172,2025-10-25,40.596,-75.38,54763,green,research,False,cc-by-nc
322996177,2025-10-25,40.596,-75.38,54795,colored,research,False,cc-by-nc
322997919,2025-10-25,40.852,-73.567,54795,colored,research,False,cc-by-nc
323000663,2025-10-25,41.53,-74.026,48098,colored,research,False,cc-by-nc
323002014,2025-10-25,41.53,-74.026,54802,colored,needs_id,False,cc-by-nc
323020304,2025-10-25,39.071,-76.831,49658,colored,research,False,cc-by-nc
323029934,2025-10-25,39.108,-76.815,49202,colored,research,False,cc-by-nc
323030736,2025-10-25,39.028,-77.596,48098,colored,research,False,cc-by-nc
323037463,2025-10-25,40.142,-75.343,48098,colored,research,False,cc-by-nc
323043715,2025-10-25,40.482,-77.134,54763,green,research,False,cc-by-nc
323050719,2025-10-25,41.838,-69.994,54763,colored,research,False,cc-by-nc
323056229,2025-10-25,40.077,-74.916,49202,green,research,False,cc-by-nc
323074298,2025-10-25,38.518,-78.424,49202,colored,research,False,cc-by-nc
323095022,2025-10-25,43.176,-77.525,49005,colored,research,False,cc-by
323095041,2025-10-25,43.174,-77.525,49005,colored,research,False,cc-by
323095050,2025-10-25,43.173,-77.525,54795,colored,research,False,cc-by
323095329,2025-10-25,43.172,-77.528,49005,colored,research,False,cc-by
323095498,2025-10-25,43.231,-77.556,48098,colored,research,False,cc-by
323101271,2025-10-25,42.442,-74.69,49005,colored,needs_id,False,cc-by-nc
323106164,2025-10-25,45.42,-72.753,48098,colored,research,False,cc-by-nc
323113433,2025-10-25,42.609,-72.733,54763,green,research,False,cc-by-nc
323113726,2025-10-25,42.611,-72.733,52543,colored,research,False,cc-by-nc
323114571,2025-10-25,39.898,-76.62,54795,colored,research,False,cc-by-nc
323206575,2025-10-25,42.341,-71.142,54763,green,research,False,cc-by-nc
323311754,2025-10-25,42.37,-71.243,48098,colored,research,False,cc-by-nc
323329511,2025-10-25,44.37,-69.738,52543,colored,research,False,cc-by-nc
323434239,2025-10-25,41.423,-73.993,48098,colored,research,False,cc-by
323566899,2025-10-25,42.408,-72.254,48098,colored,research,False,cc-by-nc
324238005,2025-10-25,40.69,-74.408,48098,colored,research,False,cc-by-nc
324718560,2025-10-25,40.85,-73.88,54795,colored,research,False,cc-by-nc
327053615,2025-10-25,39.218,-76.066,48098,green,needs_id,False,cc-by-nc
333319544,2025-10-25,45.388,-75.738,49202,colored,research,False,cc-by-nc
337763599,2025-10-25,38.761,-78.274,54795,colored,research,False,cc-by-nc
323269356,2025-10-26,42.369,-71.261,48098,colored,research,False,cc-by-nc
323270132,2025-10-26,42.349,-71.368,49202,colored,research,False,cc-by-nc-nd
323279327,2025-10-26,41.878,-80.337,49202,bare,research,False,cc-by-nc
323283407,2025-10-26,42.306,-71.119,54763,green,research,False,cc-by-nc
323292445,2025-10-26,41.334,-73.163,54795,colored,research,False,cc-by-nc
323309055,2025-10-26,40.798,-77.841,52543,colored,research,False,cc-by-nc
323309875,2025-10-26,40.15,-75.23,54763,green,research,False,cc-by-nc
323326463,2025-10-26,42.36,-71.258,54763,green,research,False,cc-by-nc
323326628,2025-10-26,42.36,-71.258,49005,green,needs_id,False,cc-by-nc
323336495,2025-10-26,43.168,-77.451,48098,colored,research,False,cc-by
323337114,2025-10-26,43.193,-77.513,48098,colored,research,False,cc-by
323344839,2025-10-26,42.296,-71.092,48098,colored,research,False,cc-by-nc
323366083,2025-10-26,42.362,-71.256,52543,colored,research,False,cc-by-nc
323373224,2025-10-26,45.952,-74.187,49202,colored,research,False,cc-by-nc
323379548,2025-10-26,38.915,-77.099,49658,colored,needs_id,False,cc-by-nc
323384598,2025-10-26,40.879,-73.566,49202,green,research,False,cc-by-nc
323385028,2025-10-26,40.879,-73.566,49005,green,research,False,cc-by-nc
323520387,2025-10-26,40.963,-74.077,48098,colored,needs_id,False,cc-by-nc
323541628,2025-10-26,40.422,-74.482,49658,colored,research,False,cc-by-nc
323666680,2025-10-26,41.658,-77.746,49005,colored,research,False,cc-by-nc
323729767,2025-10-26,41.185,-73.796,48098,colored,needs_id,False,cc-by-nc
323918964,2025-10-26,45.37,-75.744,54763,green,research,False,cc-by-nc
323919892,2025-10-26,45.369,-75.744,54763,green,research,False,cc-by-nc
323928637,2025-10-26,39.931,-75.731,54763,green,research,False,cc-by-nc
323941127,2025-10-26,45.371,-75.741,49202,colored,research,False,cc-by-nc
326563922,2025-10-26,46.852,-71.348,54763,colored,research,False,cc-by
326727413,2025-10-26,40.653,-74.246,49658,colored,needs_id,False,cc-by-nc
333853048,2025-10-26,43.26,-77.451,54763,colored,research,False,cc-by-nc
334506953,2025-10-26,45.55,-73.238,48098,bare,research,False,cc-by
334507041,2025-10-26,45.55,-73.237,54763,colored,research,False,cc-by
334508096,2025-10-26,45.549,-73.237,54763,colored,research,False,cc-by
334509830,2025-10-26,45.548,-73.236,52543,bare,research,False,cc-by
334509873,2025-10-26,45.548,-73.236,49005,colored,research,False,cc-by
336394069,2025-10-26,41.653,-79.236,52543,colored,research,False,cc-by-nc
323463306,2025-10-27,43.537,-80.218,54763,green,research,False,cc-by-nc
323485360,2025-10-27,41.011,-74.153,52543,colored,needs_id,False,cc-by-nc
323499713,2025-10-27,40.494,-74.671,52543,colored,research,False,cc-by-nc
323508384,2025-10-27,42.27,-71.168,48098,colored,needs_id,False,cc-by-nc
323513331,2025-10-27,40.171,-76.389,54763,green,research,False,cc-by-nc
323518264,2025-10-27,38.933,-77.06,54763,green,research,False,cc-by-nc
323534460,2025-10-27,40.442,-79.967,54763,green,research,False,cc-by-nc
323545189,2025-10-27,40.287,-79.398,54795,colored,research,False,cc-by-nc
323554319,2025-10-27,40.753,-73.959,54802,green,research,False,cc-by-nc
323556521,2025-10-27,42.365,-71.264,54795,green,research,False,cc-by-nc
323569476,2025-10-27,43.219,-77.442,48098,colored,research,False,cc-by
323569590,2025-10-27,43.219,-77.44,49202,colored,research,False,cc-by
323584227,2025-10-27,42.365,-71.265,48098,colored,needs_id,False,cc-by-nc
324538007,2025-10-27,45.389,-72.708,48098,colored,research,False,cc-by-nc
324909889,2025-10-27,40.595,-74.135,54763,green,research,False,cc-by-nc
325030551,2025-10-27,40.597,-74.135,54763,green,research,False,cc-by-nc
325030872,2025-10-27,40.594,-74.137,54763,green,research,False,cc-by-nc
325030968,2025-10-27,40.596,-74.14,54763,green,research,False,cc-by-nc
325031053,2025-10-27,40.594,-74.14,54763,green,research,False,cc-by-nc
325083400,2025-10-27,40.596,-74.138,49658,green,research,False,cc-by-nc
327285757,2025-10-27,40.851,-74.355,49658,colored,needs_id,False,cc-by-nc
327315229,2025-10-27,40.596,-74.137,54802,green,needs_id,False,cc-by-nc
323668535,2025-10-28,41.89,-80.354,54763,colored,needs_id,False,cc-by-nc
323678739,2025-10-28,43.1,-71.152,49202,green,research,False,cc-by-nc
323684945,2025-10-28,38.814,-76.055,54763,green,research,False,cc-by-nc
323689225,2025-10-28,38.765,-77.053,48098,colored,research,False,cc-by-nc
323689369,2025-10-28,38.859,-77.166,54763,colored,needs_id,False,cc-by-nc
323689628,2025-10-28,38.859,-77.166,54763,green,research,False,cc-by-nc
323697810,2025-10-28,40.037,-74.915,54763,colored,needs_id,False,cc-by-nc
323702170,2025-10-28,41.083,-74.605,54763,colored,research,False,cc-by-nc
323703220,2025-10-28,44.534,-73.252,48098,colored,needs_id,False,cc-by-nc
323703490,2025-10-28,41.083,-74.604,54763,colored,research,False,cc-by-nc
323704671,2025-10-28,40.452,-79.931,54763,green,research,False,cc-by-nc
323714735,2025-10-28,38.86,-77.432,48098,colored,research,False,cc-by-nc
323719032,2025-10-28,44.742,-79.889,48098,colored,needs_id,False,cc-by-nc
323723526,2025-10-28,38.584,-77.281,49658,green,research,False,cc-by-nc
323725892,2025-10-28,45.418,-72.592,48098,colored,research,False,cc-by-nc
323727021,2025-10-28,38.606,-77.278,48098,green,research,False,cc-by-nc
323744315,2025-10-28,43.193,-77.513,48098,colored,research,False,cc-by
323744524,2025-10-28,43.174,-77.525,49005,colored,research,False,cc-by
323744589,2025-10-28,43.174,-77.525,49005,colored,research,False,cc-by
323744601,2025-10-28,43.174,-77.525,54795,colored,research,False,cc-by
323744612,2025-10-28,43.173,-77.525,49005,colored,research,False,cc-by
323745139,2025-10-28,43.174,-77.526,49005,colored,research,False,cc-by
323751161,2025-10-28,40.848,-74.717,48098,colored,needs_id,False,cc-by-nc
323751464,2025-10-28,42.968,-79.158,48098,colored,research,False,cc-by
323754882,2025-10-28,42.369,-71.26,54763,green,research,False,cc-by-nc
323913246,2025-10-28,44.77,-73.297,52543,colored,research,False,cc-by-nc
326516476,2025-10-28,41.064,-73.553,54763,bare,research,False,cc-by-nc
338974743,2025-10-28,40.586,-74.123,54802,colored,research,False,cc-by-nc
323840411,2025-10-29,40.695,-74.434,49658,colored,needs_id,False,cc-by-nc
323840721,2025-10-29,40.747,-74.552,48098,green,needs_id,False,cc-by-nc
323850639,2025-10-29,38.726,-75.086,54795,green,research,False,cc-by-nc
323855489,2025-10-29,43.079,-79.07,54763,green,research,False,cc0
323901023,2025-10-29,40.142,-75.023,48098,colored,needs_id,False,cc-by-nc
323901683,2025-10-29,40.279,-79.417,54763,colored,research,False,cc-by-nc
323905319,2025-10-29,43.535,-80.264,54763,green,research,False,cc-by-nc
323905630,2025-10-29,41.117,-73.61,48098,colored,needs_id,False,cc-by-nc
323907866,2025-10-29,38.914,-77.072,54763,green,needs_id,False,cc0
323916268,2025-10-29,44.403,-72.772,48098,colored,research,False,cc-by-nc
323917541,2025-10-29,40.626,-74.574,48098,colored,needs_id,False,cc-by-nc
323917568,2025-10-29,40.626,-74.574,48098,colored,needs_id,False,cc-by-nc
323921617,2025-10-29,46.311,-79.47,48098,colored,research,False,cc-by-nc
323921979,2025-10-29,40.814,-74.505,54795,colored,research,False,cc-by-nc
323929897,2025-10-29,42.602,-77.987,49005,colored,needs_id,False,cc-by
323934201,2025-10-29,44.338,-78.729,54763,colored,research,False,cc-by-nc
323935416,2025-10-29,43.165,-77.446,52543,colored,research,False,cc-by
323935541,2025-10-29,43.166,-77.447,52543,colored,research,False,cc-by
324057631,2025-10-29,44.376,-68.192,49005,colored,research,False,cc-by-nc
324085716,2025-10-29,42.346,-79.417,48098,colored,research,False,cc-by-nc
324085806,2025-10-29,39.436,-80.134,48098,green,needs_id,False,cc-by-nc
324263037,2025-10-29,39.393,-80.072,54795,colored,research,False,cc-by-nc
324378168,2025-10-29,39.397,-80.078,49202,green,research,False,cc-by-nc
324710303,2025-10-29,42.703,-80.324,54763,green,research,False,cc-by-nc
326770986,2025-10-29,42.7,-80.322,54763,green,research,False,cc-by-nc
326862357,2025-10-29,39.803,-74.277,48098,colored,research,False,cc-by-nc
331815827,2025-10-29,40.666,-73.972,52543,colored,research,False,cc-by-nc
323973194,2025-10-30,42.547,-72.609,54763,green,research,False,cc-by-nc
324021162,2025-10-30,40.443,-74.647,49005,colored,needs_id,False,cc-by-nc
324021532,2025-10-30,38.973,-77.002,48098,colored,needs_id,False,cc-by-nc
324022243,2025-10-30,38.973,-77.002,49202,green,research,False,cc-by-nc
324047421,2025-10-30,44.514,-73.24,48098,colored,research,False,cc-by
324047517,2025-10-30,40.447,-79.953,48098,colored,needs_id,False,cc-by-nc
324074783,2025-10-30,42.45,-71.01,48098,colored,needs_id,False,cc-by-nc
324157164,2025-10-31,42.293,-71.131,52543,colored,research,False,cc-by
324165958,2025-10-31,39.134,-77.874,54763,colored,needs_id,False,cc-by-nc
324166667,2025-10-31,40.887,-73.896,49658,green,research,False,cc-by
324182669,2025-10-31,41.003,-72.496,54763,green,research,False,cc-by-nc
324189521,2025-10-31,39.094,-77.846,54763,colored,research,False,cc-by-nc
324198850,2025-10-31,42.368,-71.094,48098,colored,research,False,cc-by-nc
324199889,2025-10-31,42.539,-72.177,49202,colored,research,False,cc-by-nc
324205235,2025-10-31,40.697,-74.872,54763,colored,needs_id,False,cc-by-nc
324208522,2025-10-31,39.101,-74.884,49658,colored,research,False,cc-by-nc
324209323,2025-10-31,43.61,-70.216,49005,colored,needs_id,False,cc-by-nc
324209598,2025-10-31,42.37,-71.247,48098,colored,research,False,cc-by-nc
324214466,2025-10-31,42.748,-73.926,49005,colored,research,False,cc-by-nc
324226036,2025-10-31,42.367,-71.26,54763,green,needs_id,False,cc-by-nc
324228729,2025-10-31,42.817,-71.584,48098,colored,research,False,cc-by-nc
324230489,2025-10-31,40.717,-77.894,54763,green,needs_id,False,cc-by-nc
324233681,2025-10-31,40.905,-73.893,54763,green,research,False,cc-by-nc
324238396,2025-10-31,42.099,-71.113,48098,colored,needs_id,False,cc-by-nc
324252592,2025-10-31,43.165,-77.446,52543,colored,research,False,cc-by
324252725,2025-10-31,43.165,-77.445,52543,colored,research,False,cc-by
324257488,2025-10-31,40.831,-74.402,48098,colored,needs_id,False,cc-by-nc
324307052,2025-10-31,40.877,-73.964,52543,colored,needs_id,False,cc-by-nc
324307613,2025-10-31,40.876,-73.964,54763,colored,needs_id,False,cc-by-nc
324637790,2025-10-31,42.923,-71.998,49202,colored,research,False,cc-by-nc
324741237,2025-10-31,42.359,-71.256,52543,colored,research,False,cc-by-nc
325706720,2025-10-31,40.646,-78.165,48098,colored,needs_id,False,cc-by-nc
324336636,2025-11-01,40.347,-74.174,54763,green,needs_id,False,cc-by-nc
324336757,2025-11-01,40.347,-74.173,48098,colored,needs_id,False,cc-by-nc
324345207,2025-11-01,42.689,-70.779,54763,colored,research,False,cc-by-nc
324356874,2025-11-01,42.13,-75.924,54763,colored,research,False,cc-by
324359517,2025-11-01,38.941,-77.052,54763,green,research,False,cc-by-nc
324365088,2025-11-01,43.146,-71.447,54763,colored,research,False,cc-by-nc
324365195,2025-11-01,40.981,-76.47,49005,colored,research,False,cc-by-nc
324375994,2025-11-01,43.187,-79.528,54763,green,research,False,cc-by-nc
324381831,2025-11-01,42.391,-71.256,54795,green,research,False,cc-by-nc
324383515,2025-11-01,41.444,-76.679,48098,colored,needs_id,False,cc-by-nc
324388405,2025-11-01,43.273,-79.896,54763,green,needs_id,False,cc0
324399861,2025-11-01,39.135,-77.235,48098,colored,needs_id,False,cc-by-nc
324420754,2025-11-01,45.561,-73.529,54763,colored,research,False,cc-by-nc
324420842,2025-11-01,45.561,-73.529,54763,colored,research,False,cc-by-nc
324422098,2025-11-01,45.564,-73.54,54763,colored,research,False,cc-by-nc
324425767,2025-11-01,40.778,-77.686,49202,colored,research,False,cc-by-nc
324429300,2025-11-01,40.193,-75.277,48098,colored,research,False,cc0
324430186,2025-11-01,38.976,-77.053,48098,green,needs_id,False,cc0
324434321,2025-11-01,43.193,-77.513,52543,colored,needs_id,False,cc-by
324438167,2025-11-01,45.259,-74.981,48098,bare,needs_id,False,cc-by-nc
324451875,2025-11-01,42.19,-71.07,48098,colored,research,False,cc-by-nc
324517563,2025-11-01,40.352,-74.772,54795,colored,research,False,cc-by-nc
324517882,2025-11-01,40.347,-74.173,48098,colored,needs_id,False,cc-by-nc
324565822,2025-11-01,42.886,-78.935,52543,colored,needs_id,False,cc-by-nc
324565955,2025-11-01,42.884,-78.937,49005,colored,needs_id,False,cc-by-nc
324567996,2025-11-01,41.82,-69.967,48098,colored,research,False,cc-by-nc
324612775,2025-11-01,42.531,-72.186,54763,colored,research,False,cc-by-nc
324699406,2025-11-01,40.935,-73.805,54763,green,research,False,cc-by-nc
325279286,2025-11-01,42.738,-73.887,48098,colored,needs_id,False,cc-by-nc
325614023,2025-11-01,39.133,-77.467,54802,colored,research,False,cc-by-nc
325615864,2025-11-01,39.133,-77.468,49202,colored,research,False,cc-by-nc
326118101,2025-11-01,38.709,-77.303,49202,green,research,False,cc-by-nc
329485679,2025-11-01,41.237,-73.948,52543,colored,needs_id,False,cc-by-nc
330743801,2025-11-01,40.347,-74.173,49005,colored,research,False,cc-by-nc
330743870,2025-11-01,40.347,-74.173,54763,green,research,False,cc-by-nc
330743891,2025-11-01,40.347,-74.173,48098,colored,needs_id,False,cc-by-nc
324545507,2025-11-02,40.582,-74.305,49658,colored,research,False,cc-by-nc
324555889,2025-11-02,39.882,-75.023,49202,colored,research,False,cc-by-nc
324564581,2025-11-02,38.73,-77.177,49202,colored,research,False,cc-by-nc
324595644,2025-11-02,38.843,-77.26,48098,colored,research,False,cc-by-nc
324596213,2025-11-02,40.307,-76.586,48098,colored,research,False,cc-by-nc
324601781,2025-11-02,40.143,-75.347,48098,colored,research,False,cc-by-nc
324602496,2025-11-02,44.584,-73.187,48098,colored,needs_id,False,cc-by-nc
324605750,2025-11-02,42.365,-71.261,52543,colored,research,False,cc-by-nc
324613552,2025-11-02,38.925,-77.041,48098,green,needs_id,False,cc0
324618112,2025-11-02,45.56,-73.527,54763,colored,research,False,cc-by-nc
324618128,2025-11-02,45.56,-73.527,52543,bare,research,False,cc-by-nc
324618470,2025-11-02,45.56,-73.527,54763,colored,research,False,cc-by-nc
324618755,2025-11-02,45.56,-73.527,54763,colored,research,False,cc-by-nc
324618860,2025-11-02,45.56,-73.526,54763,colored,research,False,cc-by-nc
324620360,2025-11-02,45.561,-73.528,48098,colored,research,False,cc-by-nc
324620660,2025-11-02,45.561,-73.529,54763,colored,research,False,cc-by-nc
324620920,2025-11-02,45.56,-73.528,54763,colored,research,False,cc-by-nc
324620956,2025-11-02,45.56,-73.528,54763,colored,research,False,cc-by-nc
324621036,2025-11-02,45.56,-73.528,54763,colored,research,False,cc-by-nc
324621096,2025-11-02,45.56,-73.527,54763,colored,research,False,cc-by-nc
324621168,2025-11-02,45.56,-73.528,54763,colored,research,False,cc-by-nc
324621236,2025-11-02,45.56,-73.528,54763,colored,research,False,cc-by-nc
324621439,2025-11-02,45.56,-73.527,54763,colored,research,False,cc-by-nc
324625612,2025-11-02,41.945,-73.966,49005,colored,research,False,cc-by
324637107,2025-11-02,41.72,-77.455,49005,colored,research,False,cc-by-nc
324637523,2025-11-02,38.64,-77.203,48098,colored,research,False,cc-by-nc
324641206,2025-11-02,39.657,-79.736,48098,colored,research,False,cc-by-nc
324643909,2025-11-02,38.756,-77.297,48098,colored,research,False,cc0
324643959,2025-11-02,43.219,-77.44,49202,colored,research,False,cc-by
324644050,2025-11-02,43.219,-77.44,49202,colored,research,False,cc-by
324644064,2025-11-02,43.217,-77.44,52543,colored,research,False,cc-by
324644235,2025-11-02,43.193,-77.513,54795,colored,research,False,cc-by
324663782,2025-11-02,40.892,-73.888,48098,colored,research,False,cc-by-nc
324707877,2025-11-02,41.094,-73.588,54763,green,research,False,cc-by-nc
324778303,2025-11-02,42.67,-72.314,48098,bare,needs_id,False,cc-by-nc
324778399,2025-11-02,42.677,-72.318,48098,bare,needs_id,False,cc-by-nc
324778471,2025-11-02,42.677,-72.317,48098,bare,needs_id,False,cc-by-nc
324781540,2025-11-02,44.451,-73.225,54763,colored,research,False,cc-by-nc
324795708,2025-11-02,42.677,-72.315,48098,bare,needs_id,False,cc-by-nc
325701118,2025-11-02,42.432,-71.31,54763,green,needs_id,False,cc-by-nc
325719057,2025-11-02,44.556,-69.637,54763,colored,research,False,cc-by-nc
327171024,2025-11-02,42.604,-71.801,54763,colored,research,False,cc-by-nc
328934325,2025-11-02,41.36,-71.949,54795,colored,research,False,cc-by-nc
331568563,2025-11-02,40.912,-72.403,54795,colored,research,False,cc-by-nc
400156681,2025-11-02,39.258,-75.455,49658,colored,research,False,cc-by-nc
400156762,2025-11-02,39.258,-75.455,48098,colored,research,False,cc-by-nc
324706599,2025-11-03,41.63,-70.381,48098,colored,research,False,cc-by-nc
324715774,2025-11-03,40.863,-73.933,54802,colored,needs_id,False,cc-by-nc
324722516,2025-11-03,42.448,-76.479,54763,colored,research,False,cc-by-nc
324724886,2025-11-03,41.292,-73.96,52543,colored,needs_id,False,cc-by-nc
324744239,2025-11-03,38.851,-77.187,48098,green,needs_id,False,cc-by-nc
324750833,2025-11-03,39.689,-75.759,54763,colored,needs_id,False,cc-by-nc
324760602,2025-11-03,40.907,-73.891,49658,colored,research,False,cc-by-nc
324761074,2025-11-03,40.907,-73.893,52543,colored,research,False,cc-by-nc
324761774,2025-11-03,42.86,-72.574,54763,colored,research,False,cc-by
324765636,2025-11-03,42.175,-71.053,48098,colored,research,False,cc-by-nc
324771949,2025-11-03,42.245,-70.798,49202,green,research,False,cc0
324772046,2025-11-03,42.246,-70.797,54795,colored,research,False,cc0
324772086,2025-11-03,42.246,-70.797,54795,colored,research,False,cc0
324772187,2025-11-03,42.364,-71.25,52543,colored,research,False,cc-by-nc
324772196,2025-11-03,42.245,-70.797,48098,colored,needs_id,False,cc0
324778447,2025-11-03,44.383,-68.365,48098,colored,research,False,cc-by-nc
324779042,2025-11-03,40.372,-79.386,49005,colored,research,False,cc-by-nc
324794607,2025-11-03,45.56,-73.528,54763,colored,research,False,cc-by-nc
324794665,2025-11-03,45.56,-73.528,54763,colored,research,False,cc-by-nc
324794853,2025-11-03,45.56,-73.527,54763,colored,research,False,cc-by-nc
324794899,2025-11-03,45.56,-73.527,54763,colored,research,False,cc-by-nc
324796424,2025-11-03,40.482,-74.44,48098,colored,research,False,cc-by-nc
324798048,2025-11-03,38.636,-78.306,48098,colored,research,False,cc-by
324824164,2025-11-03,38.851,-77.188,49005,green,research,False,cc-by-nc
324866633,2025-11-03,42.363,-71.257,52543,colored,research,False,cc-by-nc
324875645,2025-11-03,40.453,-79.954,54763,green,research,False,cc-by-nc
325033073,2025-11-03,40.746,-74.553,48098,colored,needs_id,False,cc-by-nc
325193392,2025-11-03,43.509,-72.096,48098,green,research,False,cc-by
325220063,2025-11-03,40.876,-73.923,54763,green,research,False,cc-by-nc
325388548,2025-11-03,40.905,-73.876,48098,green,needs_id,False,cc-by
325959520,2025-11-03,42.963,-78.775,54763,colored,research,False,cc-by
327008623,2025-11-03,40.435,-79.941,52543,colored,research,False,cc-by-nc
327434679,2025-11-03,38.968,-76.981,49005,colored,needs_id,False,cc-by-nc
330506098,2025-11-03,42.239,-71.115,54763,colored,research,False,cc-by-nc
330506105,2025-11-03,42.239,-71.115,54763,colored,research,False,cc-by-nc
324869722,2025-11-04,38.99,-77.054,48098,colored,research,False,cc-by-nc
324878362,2025-11-04,40.443,-79.938,54763,colored,research,False,cc-by-nc
324880815,2025-11-04,38.908,-77.052,54763,green,research,False,cc0
324887130,2025-11-04,40.14,-74.884,49005,colored,needs_id,False,cc-by-nc
324891183,2025-11-04,40.574,-74.289,49005,colored,needs_id,False,cc-by-nc
324896154,2025-11-04,40.085,-75.23,54763,colored,research,False,cc-by-nc
324897817,2025-11-04,40.805,-74.74,54763,colored,research,False,cc-by-nc
324898182,2025-11-04,40.083,-75.232,49202,colored,research,False,cc-by-nc
324899322,2025-11-04,40.083,-75.232,54763,colored,research,False,cc-by-nc
324906878,2025-11-04,40.167,-75.615,49005,colored,research,False,cc-by-nc
324908992,2025-11-04,40.452,-79.931,54763,colored,research,False,cc-by-nc
324923711,2025-11-04,41.385,-71.816,54763,green,research,False,cc-by-nc
324926922,2025-11-04,45.504,-73.588,54763,green,needs_id,False,cc-by-nc
324928781,2025-11-04,40.073,-75.225,54763,colored,research,False,cc-by-nc
324928877,2025-11-04,40.774,-73.308,54763,colored,research,False,cc-by-nc
324948401,2025-11-04,41.822,-69.966,48098,colored,research,False,cc-by-nc
324948947,2025-11-04,41.82,-69.967,48098,colored,research,False,cc-by-nc
324952854,2025-11-04,45.967,-73.165,48098,colored,research,False,cc-by-nc
324962665,2025-11-04,39.642,-76.088,49658,colored,research,False,cc-by-nc
324963966,2025-11-04,41.458,-73.165,48098,colored,needs_id,False,cc-by-nc
324972713,2025-11-04,43.193,-77.513,48098,colored,research,False,cc-by
325090646,2025-11-04,44.445,-73.221,54763,green,research,False,cc-by-nc
325094818,2025-11-04,40.438,-74.461,48098,colored,research,False,cc-by-nc
325202272,2025-11-04,43.012,-79.277,49005,colored,needs_id,False,cc-by-nc
325264470,2025-11-04,42.783,-72.191,48098,colored,research,False,cc-by-nc
325264543,2025-11-04,42.783,-72.191,52543,colored,research,False,cc-by-nc
325525202,2025-11-04,42.36,-71.258,54763,green,needs_id,False,cc-by-nc
325525284,2025-11-04,42.36,-71.257,54763,green,needs_id,False,cc-by-nc
327774763,2025-11-04,41.019,-74.737,49005,colored,research,False,cc-by-nc
330284933,2025-11-04,40.01,-75.844,48098,colored,research,False,cc-by
325023033,2025-11-05,45.587,-73.653,54763,colored,research,False,cc-by-nc
325032123,2025-11-05,39.942,-75.289,48098,colored,research,False,cc-by-nc
325033451,2025-11-05,45.484,-73.811,52543,colored,research,False,cc-by
325035426,2025-11-05,42.709,-73.189,54763,colored,research,False,cc-by
325043812,2025-11-05,40.294,-79.403,49005,colored,research,False,cc-by-nc
325047397,2025-11-05,39.004,-77.246,48098,colored,needs_id,False,cc-by-nc
325058858,2025-11-05,39.109,-77.114,48098,colored,research,False,cc-by
325060219,2025-11-05,38.934,-77.222,48098,colored,research,False,cc-by-nc
325072406,2025-11-05,40.843,-73.227,54763,colored,research,False,cc-by-nc
325078318,2025-11-05,40.796,-77.84,54763,colored,research,False,cc-by
325080921,2025-11-05,42.368,-71.26,48098,colored,research,False,cc-by-nc
325080933,2025-11-05,42.367,-71.258,49005,colored,needs_id,False,cc-by-nc
325110874,2025-11-05,39.279,-77.301,49005,colored,research,False,cc-by-nc
325111427,2025-11-05,39.279,-77.295,54763,colored,needs_id,False,cc-by-nc
325198913,2025-11-05,40.958,-75.384,48098,colored,research,False,cc0
325245172,2025-11-05,40.522,-75.435,54763,colored,research,False,cc-by-nc
325268624,2025-11-05,40.493,-74.67,54763,colored,research,False,cc-by-nc
325268635,2025-11-05,40.493,-74.67,54763,colored,research,False,cc-by-nc
325273968,2025-11-05,42.187,-71.093,54763,green,research,False,cc-by-nc
325274010,2025-11-05,42.19,-71.084,49202,colored,research,False,cc-by-nc
325289470,2025-11-05,39.719,-79.854,49005,colored,research,False,cc-by-nc
325347973,2025-11-05,38.865,-77.121,48098,colored,research,False,cc-by-nc
325759534,2025-11-05,38.833,-78.182,54763,colored,research,False,cc-by-nc
325772693,2025-11-05,39.868,-79.495,54763,colored,research,False,cc-by-nc
326813848,2025-11-05,39.95,-75.457,54763,colored,research,False,cc-by-nc
329360988,2025-11-05,39.621,-77.938,52543,bare,needs_id,False,cc-by-nc
337601026,2025-11-05,40.284,-76.88,54763,colored,research,False,cc-by-nc
325174916,2025-11-06,39.211,-76.678,48098,colored,research,False,cc-by-nc
325190410,2025-11-06,43.505,-79.857,52543,colored,research,False,cc-by-nc
325202167,2025-11-06,40.667,-73.972,49005,colored,needs_id,False,cc-by-nc
325216115,2025-11-06,41.49,-71.525,54763,colored,research,False,cc-by-nc
325217233,2025-11-06,42.626,-70.79,54763,colored,research,False,cc-by-nc
325223751,2025-11-06,40.294,-79.401,49005,colored,research,False,cc-by-nc
325223837,2025-11-06,42.519,-71.468,49202,colored,research,False,cc-by-nc
325224390,2025-11-06,41.324,-72.957,54763,green,research,False,cc-by-nc
325235697,2025-11-06,39.923,-75.213,48098,colored,needs_id,False,cc-by-nc
325237881,2025-11-06,41.324,-72.958,54763,colored,needs_id,False,cc-by-nc
325238543,2025-11-06,41.324,-72.957,48098,colored,needs_id,False,cc-by-nc
325239145,2025-11-06,39.129,-77.071,48098,colored,research,False,cc-by-nc
325239202,2025-11-06,39.129,-77.071,48098,colored,research,False,cc-by-nc
325239881,2025-11-06,41.324,-72.957,54763,green,research,False,cc-by-nc
325256212,2025-11-06,39.775,-79.742,54795,green,research,False,cc-by-nc
325270807,2025-11-06,40.704,-74.647,54763,colored,research,False,cc-by-nc
325280098,2025-11-06,45.559,-73.526,54763,colored,research,False,cc-by-nc
325280174,2025-11-06,45.559,-73.527,54763,colored,research,False,cc-by-nc
325280377,2025-11-06,45.559,-73.527,54763,colored,research,False,cc-by-nc
325280823,2025-11-06,45.56,-73.527,54763,colored,research,False,cc-by-nc
325281612,2025-11-06,45.56,-73.529,54763,colored,research,False,cc-by-nc
325281797,2025-11-06,45.56,-73.529,54763,colored,research,False,cc-by-nc
327312622,2025-11-06,39.918,-75.083,48098,colored,needs_id,False,cc-by-nc
325329704,2025-11-07,42.193,-71.747,54763,colored,research,False,cc-by-nc
325354969,2025-11-07,38.916,-77.06,54763,green,research,False,cc0
325359554,2025-11-07,38.977,-77.22,48098,colored,needs_id,False,cc-by-nc
325360112,2025-11-07,39.408,-77.389,48098,colored,research,False,cc-by-nc
325363920,2025-11-07,40.029,-75.572,48098,green,needs_id,False,cc-by-nc
325382240,2025-11-07,44.492,-73.16,54763,colored,research,False,cc-by-nc
325388067,2025-11-07,41.208,-74.124,49202,colored,research,False,cc-by-nc
325406867,2025-11-07,40.575,-75.424,54763,colored,research,False,cc-by
325417119,2025-11-07,40.056,-75.177,54763,colored,research,False,cc-by-nc
325419812,2025-11-07,45.397,-72.715,48098,bare,needs_id,False,cc-by-nc
325424461,2025-11-07,43.192,-77.513,54795,colored,research,False,cc-by
325424794,2025-11-07,43.165,-77.445,52543,colored,research,False,cc-by
325432407,2025-11-07,42.065,-71.093,54763,colored,research,False,cc-by-nc
325499071,2025-11-07,42.358,-71.258,54763,colored,research,False,cc-by-nc
325499175,2025-11-07,42.359,-71.257,49005,colored,research,False,cc-by-nc
325524231,2025-11-07,40.477,-74.42,48098,colored,research,False,cc-by-nc
325524234,2025-11-07,40.477,-74.42,54763,colored,research,False,cc-by-nc
325806365,2025-11-07,38.785,-76.701,49202,colored,research,False,cc-by-nc
325859771,2025-11-07,41.549,-71.424,54763,colored,research,False,cc-by-nc
325492925,2025-11-08,45.545,-73.616,54763,colored,research,False,cc-by-nc
325502790,2025-11-08,39.465,-74.451,54763,colored,research,False,cc-by-nc
325508426,2025-11-08,40.439,-79.945,54763,colored,research,False,cc-by-nc
325509729,2025-11-08,42.391,-70.994,54763,colored,needs_id,False,cc-by-nc
325522080,2025-11-08,40.619,-74.014,54763,colored,research,False,cc-by-nc
325527462,2025-11-08,41.016,-73.858,54763,colored,research,False,cc-by-nc
325528620,2025-11-08,39.742,-75.145,48098,colored,research,False,cc-by-nc
325529064,2025-11-08,39.742,-75.145,49658,colored,research,False,cc-by-nc
325535395,2025-11-08,41.987,-71.137,49202,colored,research,False,cc-by-nc
325537272,2025-11-08,41.32,-75.947,54763,colored,research,False,cc-by-nc
325547161,2025-11-08,39.995,-75.203,48098,colored,needs_id,False,cc-by-nc
325549453,2025-11-08,38.933,-77.055,54763,green,research,False,cc0
325550672,2025-11-08,38.933,-77.056,54763,green,research,False,cc0
325552936,2025-11-08,40.733,-73.769,48098,colored,research,False,cc-by-nc
325553769,2025-11-08,38.932,-77.056,54763,green,research,False,cc0
325555419,2025-11-08,38.932,-77.057,54763,green,research,False,cc0
325556702,2025-11-08,39.647,-77.442,48098,colored,research,False,cc0
325567357,2025-11-08,38.932,-77.058,54763,green,research,False,cc0
325567962,2025-11-08,40.074,-75.223,49005,colored,research,False,cc-by
325572440,2025-11-08,38.934,-77.053,54763,green,research,False,cc0
325576831,2025-11-08,38.988,-76.996,49658,green,research,False,cc-by-nc
325577151,2025-11-08,45.564,-73.49,54763,colored,research,False,cc-by-nc
325579543,2025-11-08,38.932,-77.058,54763,green,research,False,cc0
325585248,2025-11-08,40.811,-73.642,49658,colored,research,False,cc-by
325591956,2025-11-08,42.928,-79.245,48098,colored,research,False,cc-by-nc
325593439,2025-11-08,43.122,-79.195,54763,colored,research,False,cc-by
325616420,2025-11-08,43.83,-79.589,54763,green,needs_id,False,cc-by-nc
325670804,2025-11-08,41.946,-71.293,54763,colored,research,False,cc-by-nc
325732032,2025-11-08,40.554,-79.543,49005,colored,research,False,cc-by-nc
325754500,2025-11-08,43.782,-79.373,54763,colored,research,False,cc-by-nc
325806862,2025-11-08,40.813,-80.217,48098,colored,research,False,cc-by-nc
325878160,2025-11-08,41.281,-74.534,54763,colored,research,False,cc-by-nc
325977438,2025-11-08,40.983,-73.82,54763,colored,research,False,cc-by-nc
326238851,2025-11-08,39.927,-76.384,54763,colored,research,False,cc-by-nc
326839123,2025-11-08,41.042,-73.846,54763,colored,research,False,cc-by-nc
326839193,2025-11-08,41.042,-73.846,48098,colored,needs_id,False,cc-by-nc
326839656,2025-11-08,41.042,-73.846,54763,colored,research,False,cc-by-nc
326891212,2025-11-08,39.902,-75.181,49658,colored,research,False,cc-by
330887898,2025-11-08,40.806,-74.24,49005,colored,research,False,cc-by-nc
325695160,2025-11-09,41.725,-71.119,54763,colored,research,False,cc-by-nc
325702113,2025-11-09,39.023,-77.409,48098,colored,research,False,cc-by-nc
325704034,2025-11-09,42.232,-71.05,49202,colored,research,False,cc-by-nc
325705370,2025-11-09,41.724,-71.118,48098,colored,research,False,cc-by-nc
325705495,2025-11-09,41.724,-71.118,49202,colored,research,False,cc-by-nc
325706309,2025-11-09,40.629,-75.501,49005,colored,needs_id,False,cc-by
325715881,2025-11-09,43.623,-72.503,54763,colored,research,False,cc0
325720485,2025-11-09,42.43,-71.205,54763,colored,research,False,cc-by-nc
325745027,2025-11-09,40.008,-79.233,49202,bare,needs_id,False,cc-by-nc
325751539,2025-11-09,40.114,-74.863,52543,colored,research,False,cc-by-nc
325754261,2025-11-09,41.082,-74.176,54763,colored,research,False,cc-by-nc
325760282,2025-11-09,42.424,-72.543,54763,colored,research,False,cc-by-nc
325765251,2025-11-09,41.894,-72.634,54763,colored,research,False,cc-by-nc
325770676,2025-11-09,38.983,-76.299,54795,colored,research,False,cc-by-nc
325774152,2025-11-09,42.212,-71.069,54763,colored,research,False,cc-by-nc
325811534,2025-11-09,39.364,-76.95,54763,colored,needs_id,False,cc-by-nc
332355732,2025-11-09,41.403,-75.414,49005,colored,research,False,cc-by-nc-sa
335556714,2025-11-09,45.26,-74.984,49202,bare,research,False,cc-by-nc
335556716,2025-11-09,45.26,-74.984,52543,bare,research,False,cc-by-nc
335557575,2025-11-09,45.26,-74.983,49202,bare,research,False,cc-by-nc
335559011,2025-11-09,45.258,-74.98,49005,bare,research,False,cc-by-nc
325868842,2025-11-10,41.964,-71.179,54763,colored,research,False,cc-by-nc
325887119,2025-11-10,43.435,-79.903,49005,colored,research,False,cc-by-nc
325890939,2025-11-10,39.172,-77.174,49658,colored,research,False,cc-by
325905778,2025-11-10,42.363,-71.259,54763,colored,research,False,cc-by-nc
325909948,2025-11-10,41.256,-73.738,54763,colored,research,False,cc-by-nc
325923527,2025-11-10,43.525,-80.215,54763,colored,research,False,cc-by-nc
325925594,2025-11-10,40.259,-74.05,49658,colored,research,False,cc-by-nc
325952096,2025-11-10,42.358,-71.261,48098,colored,research,False,cc-by-nc
325957817,2025-11-10,42.368,-71.257,54763,colored,research,False,cc-by-nc
325961991,2025-11-10,44.008,-73.15,54763,colored,research,False,cc-by-nc
325975504,2025-11-10,42.377,-71.46,54802,colored,needs_id,False,cc-by-nc
326842009,2025-11-10,40.651,-73.99,54802,colored,research,False,cc-by-nc
326036794,2025-11-11,40.984,-72.3,54763,colored,research,False,cc-by-nc
326053474,2025-11-11,40.891,-73.89,49658,green,research,False,cc-by
326053531,2025-11-11,40.892,-73.89,54795,green,research,False,cc-by
326069384,2025-11-11,40.22,-76.982,54763,colored,research,False,cc0
326082263,2025-11-11,40.442,-79.967,54763,colored,research,False,cc-by-nc
326110791,2025-11-11,43.174,-77.525,54763,colored,research,False,cc-by
326110808,2025-11-11,43.174,-77.525,49005,colored,research,False,cc-by
326110852,2025-11-11,43.173,-77.525,54763,colored,research,False,cc-by
326185668,2025-11-12,44.34,-78.743,49005,colored,research,False,cc-by-nc
326219482,2025-11-12,43.459,-80.426,49202,colored,research,False,cc-by-nc
326245239,2025-11-12,42.235,-71.033,54763,colored,research,False,cc-by-nc
326279715,2025-11-12,43.194,-77.512,54763,colored,research,False,cc-by
326280058,2025-11-12,43.192,-77.513,54795,colored,research,False,cc-by
326381443,2025-11-12,42.366,-71.264,54763,colored,research,False,cc-by-nc
326334851,2025-11-13,45.406,-73.944,54763,colored,research,False,cc-by-nc
326334953,2025-11-13,45.405,-73.944,54763,colored,research,False,cc-by-nc
326335163,2025-11-13,45.406,-73.944,54763,colored,research,False,cc-by-nc
326343402,2025-11-13,43.902,-78.895,54763,colored,research,False,cc-by-nc
326351269,2025-11-13,40.774,-74.408,54763,colored,research,False,cc-by-nc
326364143,2025-11-13,42.105,-76.877,49005,bare,needs_id,False,cc-by-nc
326364546,2025-11-13,38.995,-76.895,49202,colored,research,False,cc-by-nc
326371965,2025-11-13,40.447,-79.953,48098,bare,needs_id,False,cc-by-nc
326374652,2025-11-13,42.508,-72.208,48098,colored,research,False,cc-by-nc
326375329,2025-11-13,42.508,-72.208,48098,colored,research,False,cc-by-nc
326375685,2025-11-13,42.508,-72.208,48098,bare,research,False,cc-by-nc
326377088,2025-11-13,43.131,-70.938,54763,colored,research,False,cc-by-nc
326378878,2025-11-13,43.707,-79.241,54763,colored,research,False,cc-by-nc
326379003,2025-11-13,43.706,-79.239,49005,colored,research,False,cc-by-nc
326399505,2025-11-13,43.996,-77.705,48098,colored,research,False,cc-by
326404496,2025-11-13,43.679,-79.732,54763,colored,research,False,cc-by
326408251,2025-11-13,40.257,-76.832,54763,colored,research,False,cc-by-nc
326409729,2025-11-13,40.841,-74.672,48098,colored,needs_id,False,cc-by-nc
326416501,2025-11-13,39.15,-74.782,49202,colored,research,False,cc-by-nc
326725313,2025-11-13,46.163,-68.854,52543,bare,needs_id,False,cc-by-nc
326472747,2025-11-14,43.726,-79.609,49005,colored,research,False,cc-by-nc
326476555,2025-11-14,41.746,-74.206,48098,colored,needs_id,False,cc-by-nc
326483133,2025-11-14,43.505,-79.84,49005,colored,needs_id,False,cc-by-nc
326507731,2025-11-14,43.175,-76.414,49005,colored,needs_id,False,cc-by
326510710,2025-11-14,39.278,-76.868,54763,colored,needs_id,False,cc-by-nc
326511365,2025-11-14,42.448,-71.52,48098,colored,needs_id,False,cc-by-nc
326513036,2025-11-14,38.804,-77.292,52543,colored,research,False,cc-by-nc
326518337,2025-11-14,42.363,-71.251,54763,colored,research,False,cc-by-nc
326519097,2025-11-14,42.361,-71.255,49005,colored,needs_id,False,cc-by-nc
326549533,2025-11-14,43.194,-77.509,54763,colored,research,False,cc-by
326551209,2025-11-14,42.233,-71.123,54763,colored,research,False,cc-by-nc
327331825,2025-11-14,40.922,-73.13,54763,colored,research,False,cc-by-nc
327331840,2025-11-14,40.922,-73.13,54795,green,research,False,cc-by-nc
326629628,2025-11-15,45.295,-79.59,49005,bare,research,False,cc-by-nc
326642698,2025-11-15,40.195,-74.916,49005,colored,research,False,cc-by-nc
326647919,2025-11-15,42.784,-77.688,54763,green,research,False,cc-by-nc
326659834,2025-11-15,42.363,-71.256,54763,colored,research,False,cc-by-nc
326659901,2025-11-15,40.906,-73.885,49202,colored,research,False,cc-by-nc
326660849,2025-11-15,40.898,-73.887,48098,colored,research,False,cc-by-nc
326661044,2025-11-15,40.898,-73.887,54795,colored,research,False,cc-by-nc
326667101,2025-11-15,40.992,-76.444,54763,colored,research,False,cc-by-nc
326667964,2025-11-15,42.369,-71.258,54763,green,research,False,cc-by-nc
326671025,2025-11-15,45.505,-73.586,49005,colored,research,False,cc-by-nc
326671059,2025-11-15,45.506,-73.585,54763,colored,research,False,cc-by-nc
326678072,2025-11-15,38.924,-77.049,54763,green,research,False,cc0
326693805,2025-11-15,42.247,-70.817,54795,colored,research,False,cc0
326697066,2025-11-15,40.612,-74.06,54763,green,research,False,cc-by-nc
326702066,2025-11-15,40.627,-74.1,54763,colored,research,False,cc-by-nc
326706113,2025-11-15,41.13,-73.26,54763,green,research,False,cc-by-nc
326714650,2025-11-15,39.643,-79.799,49005,colored,research,False,cc-by
326732835,2025-11-15,43.161,-79.282,54763,colored,needs_id,False,cc-by-nc
326735592,2025-11-15,42.73,-71.404,52543,colored,research,False,cc-by-nc
326792760,2025-11-15,40.943,-73.839,49005,colored,needs_id,False,cc-by
326806379,2025-11-15,45.384,-72.783,49202,bare,research,False,cc-by-nc
326806389,2025-11-15,45.384,-72.783,49005,bare,research,False,cc-by-nc
326806391,2025-11-15,45.384,-72.783,49202,bare,research,False,cc-by-nc
326806392,2025-11-15,45.384,-72.783,52543,bare,research,False,cc-by-nc
326806408,2025-11-15,45.385,-72.781,49202,bare,research,False,cc-by-nc
326811092,2025-11-15,45.386,-72.781,52543,bare,research,False,cc-by-nc
326811108,2025-11-15,45.386,-72.781,48098,bare,research,False,cc-by-nc
326811118,2025-11-15,45.386,-72.781,49202,bare,research,False,cc-by-nc
326811126,2025-11-15,45.387,-72.781,49202,bare,research,False,cc-by-nc
326811142,2025-11-15,45.387,-72.781,48098,bare,research,False,cc-by-nc
326811143,2025-11-15,45.387,-72.781,49202,bare,research,False,cc-by-nc
326811172,2025-11-15,45.387,-72.783,48098,bare,needs_id,False,cc-by-nc
326811195,2025-11-15,45.386,-72.783,48098,bare,research,False,cc-by-nc
326811224,2025-11-15,45.386,-72.783,49005,bare,research,False,cc-by-nc
326811229,2025-11-15,45.386,-72.783,49202,bare,research,False,cc-by-nc
326812913,2025-11-15,45.383,-72.784,52543,bare,research,False,cc-by-nc
326812914,2025-11-15,45.383,-72.784,48098,bare,research,False,cc-by-nc
326812924,2025-11-15,45.383,-72.784,54763,colored,research,False,cc-by-nc
326812931,2025-11-15,45.383,-72.784,49005,colored,research,False,cc-by-nc
326812936,2025-11-15,45.383,-72.785,49005,colored,research,False,cc-by-nc
326812937,2025-11-15,45.383,-72.785,52543,colored,research,False,cc-by-nc
326816171,2025-11-15,45.383,-72.748,54763,colored,research,False,cc-by-nc
326816172,2025-11-15,45.383,-72.748,48098,bare,research,False,cc-by-nc
326827909,2025-11-16,43.229,-79.738,54763,colored,research,False,cc-by-nc-sa
326832872,2025-11-16,38.932,-77.059,54763,green,research,False,cc0
327037652,2025-11-16,40.188,-75.757,54763,colored,research,False,cc-by-nc-nd
328085593,2025-11-16,39.995,-75.202,49005,colored,research,False,cc-by-nc
334176180,2025-11-16,45.38,-75.697,49202,bare,research,False,cc-by-nc
326961376,2025-11-17,42.277,-71.135,54763,colored,research,False,cc-by-nc
326975993,2025-11-17,42.365,-71.262,54763,colored,research,False,cc-by-nc
326976260,2025-11-17,42.365,-71.263,54802,colored,needs_id,False,cc-by-nc
327002756,2025-11-17,41.717,-72.596,48098,colored,research,False,cc-by-nc
327003368,2025-11-17,42.363,-71.26,54763,colored,research,False,cc-by-nc
327004669,2025-11-17,40.899,-73.874,49005,green,needs_id,False,cc-by
327011354,2025-11-17,44.492,-73.157,54763,colored,research,False,cc-by-nc
327013189,2025-11-17,42.363,-71.255,54763,colored,research,False,cc-by-nc
327013642,2025-11-17,38.756,-75.206,49658,colored,research,False,cc-by-nc
327041413,2025-11-17,43.193,-77.513,48098,colored,research,False,cc-by
327151358,2025-11-18,45.61,-77.596,52543,colored,research,False,cc-by-nc
327206912,2025-11-18,40.617,-76.117,54763,colored,research,False,cc-by-nc
327404481,2025-11-18,40.679,-74.235,48098,colored,needs_id,False,cc-by-nc
327404613,2025-11-18,40.679,-74.235,48098,colored,needs_id,False,cc-by-nc
327404658,2025-11-18,40.679,-74.235,49202,colored,research,False,cc-by-nc
327404677,2025-11-18,40.679,-74.235,49658,colored,needs_id,False,cc-by-nc
327404688,2025-11-18,40.679,-74.235,49658,green,needs_id,False,cc-by-nc
327455502,2025-11-18,43.71,-79.543,49005,colored,research,False,cc-by
327266031,2025-11-19,38.999,-77.109,48098,colored,research,False,cc-by-nc
327276762,2025-11-19,44.486,-73.205,54763,colored,research,False,cc-by-nc
327292088,2025-11-19,45.31,-75.822,52543,colored,research,False,cc0
327292210,2025-11-19,45.312,-75.821,54763,colored,research,False,cc0
327292329,2025-11-19,45.31,-75.827,48098,colored,research,False,cc0
327330252,2025-11-19,43.192,-77.513,54795,colored,research,False,cc-by
327330338,2025-11-19,43.192,-77.513,54795,colored,research,False,cc-by
327332599,2025-11-19,39.62,-77.448,52543,colored,needs_id,False,cc-by-nc
327332621,2025-11-19,39.626,-77.441,54763,colored,research,False,cc-by-nc
327352246,2025-11-19,43.783,-79.388,54763,colored,research,False,cc-by-nc
327371083,2025-11-19,41.49,-71.525,48098,bare,research,False,cc-by-nc
327584861,2025-11-19,42.36,-71.257,54763,bare,research,False,cc-by-nc
327696632,2025-11-19,43.783,-79.387,54763,colored,research,False,cc-by-nc
327697580,2025-11-19,43.783,-79.387,54763,colored,research,False,cc-by-nc
327392044,2025-11-20,41.058,-74.751,54763,green,needs_id,False,cc-by-nc
327400223,2025-11-20,40.807,-77.874,54763,colored,research,False,cc-by-nc
327411236,2025-11-20,41.867,-72.868,54763,colored,research,False,cc-by-nc
327433271,2025-11-20,41.49,-71.524,54795,bare,research,False,cc-by-nc
327444345,2025-11-20,40.697,-74.52,49658,colored,research,False,cc-by-nc
327455447,2025-11-20,43.119,-77.593,49005,colored,research,False,cc-by
327584973,2025-11-20,42.36,-71.257,54763,colored,research,False,cc-by-nc
328009136,2025-11-20,40.915,-74.568,54802,colored,needs_id,False,cc-by-nc
327507387,2025-11-21,42.188,-71.094,54763,colored,research,False,cc-by-nc
327536593,2025-11-21,40.892,-73.89,54795,green,research,False,cc-by
327540170,2025-11-21,42.124,-75.903,49658,colored,research,False,cc-by-nc
327541742,2025-11-21,40.33,-74.59,48098,colored,research,False,cc-by-nc
327559553,2025-11-21,42.696,-71.106,54763,colored,research,False,cc-by-nc
327562065,2025-11-21,43.294,-79.875,54763,colored,research,False,cc0
327569240,2025-11-21,40.885,-73.888,54763,colored,research,False,cc-by-nc
327686702,2025-11-21,39.843,-74.895,49658,colored,research,False,cc-by-nc
327662471,2025-11-22,40.752,-74.291,49005,colored,research,False,cc-by-nc
327697177,2025-11-22,46.18,-73.901,49202,bare,research,False,cc-by
327709489,2025-11-22,39.745,-75.773,54763,colored,research,False,cc-by-nc
327726071,2025-11-22,38.926,-77.046,54763,colored,research,False,cc0
327743578,2025-11-22,43.237,-79.987,49202,colored,research,False,cc-by-nc
327744510,2025-11-22,38.927,-77.043,54763,colored,research,False,cc0
327744791,2025-11-22,43.244,-79.993,49005,colored,research,False,cc-by-nc
327761959,2025-11-22,38.983,-76.495,49658,colored,research,False,cc-by-nc
328136008,2025-11-22,39.529,-79.865,48098,bare,research,False,cc-by-nc
328280614,2025-11-22,40.901,-73.874,54795,green,research,False,cc-by
403448727,2025-11-22,39.258,-75.455,49658,colored,research,False,cc-by-nc
327860065,2025-11-23,40.649,-73.988,54763,colored,research,False,cc-by-nc
327898866,2025-11-23,40.704,-74.362,54763,colored,research,False,cc-by-nc
327900567,2025-11-23,40.052,-75.482,54763,colored,research,False,cc-by-nc
327909557,2025-11-23,42.45,-71.121,54763,colored,research,False,cc-by-nc
327946373,2025-11-23,39.681,-76.773,48098,bare,needs_id,False,cc-by-nc
327987725,2025-11-23,39.837,-76.355,54763,colored,research,False,cc-by-nc
327987736,2025-11-23,39.824,-76.342,52543,bare,research,False,cc-by-nc
328103861,2025-11-23,42.363,-71.261,54763,colored,research,False,cc-by-nc
328113830,2025-11-23,42.368,-71.256,54763,green,research,False,cc-by-nc
328113911,2025-11-23,42.368,-71.256,54763,colored,research,False,cc-by-nc
328115731,2025-11-23,39.982,-74.754,49202,colored,research,False,cc-by-nc
328126287,2025-11-23,42.171,-71.068,54763,colored,research,False,cc-by-nc
328218506,2025-11-23,38.979,-76.904,49658,colored,research,False,cc-by-nc
328056366,2025-11-24,39.907,-74.964,54763,colored,research,False,cc-by-nc
328067713,2025-11-24,40.861,-74.098,48098,colored,research,False,cc-by-nc
328080629,2025-11-24,43.702,-79.417,54763,green,research,False,cc-by-nc
328090126,2025-11-24,42.157,-70.788,54763,colored,research,False,cc-by-nc
328092822,2025-11-24,43.485,-80.495,54763,colored,research,False,cc-by-nc
328092889,2025-11-24,43.485,-80.497,54763,colored,research,False,cc-by-nc
328095955,2025-11-24,42.363,-71.257,54763,colored,research,False,cc-by-nc
328100524,2025-11-24,42.363,-71.254,48098,colored,research,False,cc-by-nc
328101138,2025-11-24,42.361,-71.257,54763,colored,research,False,cc-by-nc
328102452,2025-11-24,42.371,-71.259,54763,colored,research,False,cc-by-nc
328102512,2025-11-24,39.86,-75.005,54763,colored,research,False,cc-by-nc
328102851,2025-11-24,42.371,-71.258,49202,bare,needs_id,False,cc-by-nc
328102900,2025-11-24,42.371,-71.258,54763,colored,research,False,cc-by-nc
328103015,2025-11-24,42.371,-71.258,49005,colored,needs_id,False,cc-by-nc
328103304,2025-11-24,43.482,-80.494,54763,colored,research,False,cc-by-nc
329475109,2025-11-24,42.36,-71.255,54763,colored,research,False,cc-by-nc
328161711,2025-11-25,39.563,-79.242,52543,bare,research,False,cc-by-nc
328203023,2025-11-25,41.563,-73.302,52543,bare,needs_id,False,cc-by-nc
328215824,2025-11-25,38.955,-76.972,49658,colored,research,False,cc-by-nc
328279331,2025-11-25,43.12,-77.594,54763,bare,research,False,cc-by
328280741,2025-11-25,40.2,-77.217,54763,colored,research,False,cc-by-nc
328393013,2025-11-25,40.849,-75.647,54763,bare,research,False,cc-by-nc
328575643,2025-11-25,41.822,-71.411,48098,colored,needs_id,False,cc-by-nc
329127882,2025-11-25,40.916,-73.127,54763,colored,research,False,cc-by-nc
329127907,2025-11-25,40.915,-73.127,48098,colored,research,False,cc-by-nc
329987648,2025-11-25,43.511,-72.096,49202,bare,research,False,cc-by
328349759,2025-11-26,41.691,-71.128,54763,colored,needs_id,False,cc-by-nc
328381927,2025-11-26,40.885,-73.888,54763,colored,research,False,cc-by-nc
328382007,2025-11-26,40.885,-73.888,54763,colored,research,False,cc-by-nc
328386418,2025-11-26,39.277,-75.482,48098,colored,research,False,cc0
328387160,2025-11-26,40.273,-77.292,54795,green,research,False,cc-by-nc
328434915,2025-11-26,40.775,-73.973,48098,colored,needs_id,False,cc-by
328441948,2025-11-26,43.06,-71.741,48098,bare,research,False,cc-by-nc
328443786,2025-11-26,40.502,-76.35,54763,colored,research,False,cc-by-nc
328502662,2025-11-26,41.394,-72.907,54763,colored,needs_id,False,cc-by-nc
329406061,2025-11-26,40.873,-73.924,52543,bare,needs_id,False,cc-by-nc
328533137,2025-11-27,43.128,-72.537,52543,bare,needs_id,False,cc-by-nc
328533348,2025-11-27,40.889,-73.318,54763,colored,research,False,cc-by-nc
328563645,2025-11-27,40.955,-73.836,54763,colored,research,False,cc-by-nc
328568026,2025-11-27,43.153,-77.475,49005,colored,needs_id,False,cc-by
328627876,2025-11-27,40.611,-74.116,54763,colored,needs_id,False,cc-by-nc
328780042,2025-11-27,43.509,-72.109,49202,bare,research,False,cc-by
328783366,2025-11-27,43.51,-72.11,49202,colored,research,False,cc-by
329686346,2025-11-27,40.41,-74.497,49658,colored,research,False,cc-by-nc
328792350,2025-11-29,39.727,-75.438,49658,colored,research,False,cc-by-nc
328798928,2025-11-29,42.363,-71.255,54763,colored,research,False,cc-by-nc
328813761,2025-11-29,41.354,-72.057,54763,colored,research,False,cc-by-nc
328863801,2025-11-29,43.193,-77.513,48098,bare,research,False,cc-by
328863914,2025-11-29,43.216,-77.444,54763,bare,research,False,cc-by
334445352,2025-11-29,45.02,-74.889,52543,bare,needs_id,False,cc-by-nc
328941889,2025-11-30,40.855,-73.558,54763,colored,research,False,cc-by-nc
328947249,2025-11-30,39.999,-75.203,49202,colored,research,False,cc-by-nc
328956011,2025-11-30,41.32,-75.957,48098,colored,research,False,cc-by-nc
328962020,2025-11-30,39.97,-75.186,54763,colored,research,False,cc-by-nc
328964958,2025-11-30,39.97,-75.185,54763,colored,research,False,cc-by-nc
328965255,2025-11-30,39.971,-75.185,54763,colored,research,False,cc-by-nc
328977136,2025-11-30,38.903,-76.35,49658,colored,research,False,cc-by-nc
328980843,2025-11-30,38.925,-77.041,52543,colored,needs_id,False,cc0
